,percent,Provider,diameter,average path length,clustering,average degree,soglia percolativa,GCsize
0,0,Tim,2,1.9633666257812044,0.8948023060778048,64.29157175398633,358.73841411564626,1.0
1,1,Tim,2,1.963895364649472,0.8951173012519534,62.74985623921794,354.3088469786111,1.0
2,2,Tim,2,1.9636437503247781,0.8952665494405037,62.56910569105691,352.3983145233145,1.0
3,3,Tim,2,1.963417454875883,0.8955000429902626,62.3366568914956,349.7228557449851,1.0
4,4,Tim,2,1.9631486387400725,0.8955816452425033,62.16824644549763,347.41690489803693,1.0
5,5,Tim,2,1.9628434334204123,0.8955723737576363,62.05146618791143,345.1194159401281,1.0
6,6,Tim,2,1.9633102687503063,0.8952746498571005,60.64812575574365,339.73803732355054,1.0
7,7,Tim,2,1.9637172476935416,0.8947587591292153,59.35858277336591,336.09708757847073,1.0
8,8,Tim,2,1.964008418548258,0.8947072067096006,58.27037037037037,333.39865251382446,1.0
9,9,Tim,2,1.9640725138492667,0.8954609066218002,57.55583281347474,332.3777719971386,1.0
10,10,Tim,2,1.9639574987767572,0.8960112491837515,57.12736443883985,331.10688269833565,1.0
11,11,Tim,2,1.9642718942261417,0.8967243494881972,56.02166985340982,329.77139411590707,1.0
12,12,Tim,2,1.96419170870805,0.8969613708948702,55.53865979381443,327.72548610144327,1.0
13,13,Tim,2,1.9639400515566805,0.8973081160049522,55.31596091205212,325.4510658344129,1.0
14,14,Tim,2,1.9636877791702818,0.8973844762144474,55.08563899868248,322.9442477876106,1.0
15,15,Tim,2,1.96333466577837,0.8973179286490099,54.998001332445035,319.9899699583293,1.0
16,16,Tim,2,1.9630502387344078,0.8976656285088568,54.796495956873315,317.84938144076347,1.0
17,17,Tim,2,1.9627549611228752,0.8976168729139273,54.60122699386503,315.95795255930085,1.0
18,18,Tim,2,1.9624349729896957,0.8976175198363041,54.431724137931035,313.22557838988416,1.0
19,19,Tim,2,1.963671556721649,0.8959414939729126,52.02233077459874,294.70531737940655,1.0
20,20,Tim,2,1.9639665808229023,0.8956202620116266,50.98728813559322,290.5684645004017,1.0
21,21,Tim,2,1.9634819884630448,0.8954855333035395,51.05218012866333,288.2486908795609,1.0
22,22,Tim,2,1.9633437461685412,0.8955544009788495,50.62228654124457,285.4042595769011,1.0
23,23,Tim,2,1.963445156993544,0.8965209986423017,49.86080586080586,284.44689979429916,1.0
24,24,Tim,2,1.9633397879450762,0.8968768118583083,49.381305637982194,283.0205810774269,1.0
25,25,Tim,2,1.9629923795213051,0.896487331683227,49.22013523666416,280.5750702161436,1.0
26,26,Tim,2,1.963223403478388,0.8968213645380346,48.28767123287671,277.7141686367218,1.0
27,27,Tim,2,1.9630022273622891,0.8972612286698723,47.9491133384734,275.2785013667792,1.0
28,28,Tim,2,1.9634541145426114,0.8983367746820494,46.7421875,274.1611566103961,1.0
29,29,Tim,2,1.9632726145707464,0.8990908802132384,46.34996041171813,272.9083361803895,1.0
30,30,Tim,2,1.9628536618383647,0.8989827432252301,46.247191011235955,270.6366791614605,1.0
31,31,Tim,2,1.9625910740174342,0.8993281070729214,45.93816110659073,268.8536257040632,1.0
32,32,Tim,2,1.9622942062992426,0.8995626590516639,45.661716171617165,266.11647573271654,1.0
33,33,Tim,2,1.962045933993538,0.8994268482509236,45.31715481171548,263.8184806293164,1.0
34,34,Tim,2,1.9617138331893262,0.8994097424421039,45.06281833616299,261.2718333207746,1.0
35,35,Tim,2,1.9614289108675635,0.8997877610844873,44.74246339362618,259.06452854887766,1.0
36,36,Tim,2,1.9614986937821584,0.9002065797971214,44.00699300699301,256.7947719688543,1.0
37,37,Tim,2,1.962652541130747,0.897874924500807,42.05323868677906,239.21736928725156,1.0
38,38,Tim,2,1.9620614302309523,0.8973775459926788,42.07387387387387,236.17699456126076,1.0
39,39,Tim,2,1.961655758087597,0.8974356716164231,41.87191216834401,233.81689463794083,1.0
40,40,Tim,2,1.9613780582692142,0.8973238430294781,41.51858736059479,231.74329587679637,1.0
41,41,Tim,2,1.960796914019896,0.8973883323090012,41.476864966949954,229.5228121300428,1.0
42,42,Tim,2,1.961706317379015,0.8964746436838265,39.8637236084453,223.31007751937986,1.0
43,43,Tim,2,1.9612214176829268,0.8964944543702598,39.70926829268293,220.5442484398801,1.0
44,44,Tim,2,1.961470106082817,0.8975831430280855,38.79960317460318,219.41810278701098,1.0
45,45,Tim,2,1.9609393633611596,0.8973297491298339,38.67003027245207,216.28015239288138,1.0
46,46,Tim,2,1.9603736195555144,0.8974693229057941,38.5564681724846,213.69941950258294,1.0
47,47,Tim,2,1.9605417907250255,0.8984116049559355,37.72204806687565,212.26127423822717,1.0
48,48,Tim,2,1.9601409376203747,0.8982815411966452,37.42765957446809,209.0168836336763,1.0
49,49,Tim,2,1.9599227267492827,0.8985084639692231,36.95124593716143,207.16548407904764,1.0
50,50,Tim,2,1.9605063846913762,0.8990979582648682,35.741721854304636,204.19813476622815,1.0
51,51,Tim,2,1.9604779132338188,0.8999060116391545,35.09561304836895,202.1571153846154,1.0
52,52,Tim,2,1.960042764301288,0.9002214479300017,34.80275229357798,199.75820482404112,1.0
53,53,Tim,2,1.9592588027445663,0.8999522812045085,34.79298245614035,197.40775850477343,1.0
54,54,Tim,2,1.9588569245201781,0.9012520294538443,34.436754176610975,195.40896805045398,1.0
55,55,Tim,2,1.9582959508036006,0.9022886136093305,34.1973203410475,193.14361020088333,1.0
56,56,Tim,2,1.9576247033822172,0.9022835604099174,34.027363184079604,190.15637107975726,1.0
57,57,Tim,2,1.9583984015053784,0.9013742940003984,32.69885641677256,184.1662392166006,1.0
58,58,Tim,2,1.9589245604850287,0.9011026249570361,31.587012987012987,179.7455801332127,1.0
59,59,Tim,2,1.9588490011584867,0.9016888958440279,30.94555112881806,177.72577461162132,1.0
60,60,Tim,2,1.958603223898255,0.902136636477945,30.42663043478261,174.82030901134232,1.0
61,61,Tim,2,1.959836665749784,0.9003123462233932,28.837273991655078,164.89968168226102,1.0
62,62,Tim,2,1.9600895749255236,0.9011935929542737,27.97720797720798,163.57087576374744,1.0
63,63,Tim,2,1.9593076364878133,0.9009119125405672,27.833576642335768,160.1508444351201,1.0
64,64,Tim,2,1.9590040309186725,0.9023897682409475,27.34431137724551,158.06536734917333,1.0
65,65,Tim,2,1.9590452558194493,0.9029473673389629,26.62058371735791,155.6463935372187,1.0
66,66,Tim,2,1.9597131480457088,0.9034438408888235,25.501577287066247,151.786739238001,1.0
67,67,Tim,2,1.960370666610537,0.9059263439522238,24.411669367909237,151.2431284026026,1.0
68,68,Tim,2,1.9611686143572622,0.9062361295364503,23.26,147.26124964173115,1.0
69,69,Tim,2,1.9628300118477127,0.9051095842214868,21.632933104631217,140.77275610529657,1.0
70,70,Tim,2,1.9621751774602083,0.90647622663787,21.37102473498233,138.82589285714286,1.0
71,71,Tim,2,1.9613763578104848,0.9066558658220489,21.16575591985428,135.70189328743544,1.0
72,72,Tim,2,1.9607210115684692,0.9082000540313921,20.857142857142858,133.60544340302812,1.0
73,73,Tim,2,1.9609988289071059,0.9093025006467715,20.04660194174757,131.91011235955057,1.0
74,74,Tim,2,1.959572697227542,0.9081430324604226,20.092369477911646,128.05016989806117,1.0
75,75,Tim,2,1.958515246015246,0.9095387748168704,19.91268191268191,125.37899352683233,1.0
76,76,Tim,2,1.9585350413346243,0.9126223030009868,19.198275862068964,123.65963179164797,1.0
77,77,Tim,2,1.9597817036345944,0.9102589042944819,17.937360178970916,118.79820404090796,1.0
78,78,Tim,2,1.9582262698541768,0.9097157392606562,17.92093023255814,115.31170516480665,1.0
79,79,Tim,2,1.9564869884106348,0.9085163579517366,17.927360774818403,111.6890869800108,1.0
80,80,Tim,2,1.9555811277330264,0.9106143046313481,17.545454545454547,108.89838802533102,1.0
81,81,Tim,2,1.9546146221607963,0.910645124639285,17.155672823218996,104.98431251922486,1.0
82,82,Tim,2,1.953780933870005,0.914802015062279,16.685082872928177,102.36125827814568,1.0
83,83,Tim,2,1.9516683518705764,0.9138296878586674,16.62608695652174,98.61122733612272,1.0
84,84,Tim,2,1.9499515178638025,0.9150935239669733,16.365853658536587,95.66244411326377,1.0
85,85,Tim,2,1.947619541541334,0.9165595118234474,16.237942122186496,92.66455445544554,1.0
86,86,Tim,2,1.9505003366534328,0.9137840082852753,14.503401360544217,84.19418386491557,1.0
87,87,Tim,2,1.94770575001308,0.914762043658234,14.433212996389893,80.82141070535266,1.0
88,88,Tim,2,1.9445500445500445,0.9130570989745866,14.361538461538462,76.52758435993572,1.0
89,89,Tim,2,1.9495629697649899,0.9137171555782457,12.205761316872428,69.92582602832097,1.0
90,90,Tim,2,1.9543756145526057,0.9153684108120331,10.265486725663717,63.91896551724138,1.0
91,91,Tim,2,1.9523831431726169,0.9193069228125237,9.904306220095695,60.69468599033816,1.0
92,92,Tim,2,1.9516252181500873,0.9240874654221982,9.239583333333334,57.92897406989854,1.0
93,93,Tim,2,1.9542200328407224,0.8931319589315084,7.965714285714285,53.11621233859398,1.0
94,94,Tim,2,1.952430863500766,0.9024979730305993,7.468354430379747,50.77627118644068,1.0
95,95,Tim,2,1.9529888551165147,0.9008999799984749,6.581560283687943,47.55818965517242,1.0
96,96,Tim,2,1.9482035142932075,0.9064216490958787,6.370967741935484,43.2126582278481,1.0
97,97,Tim,2,1.9433962264150944,0.9023555281655333,6.0,39.28348909657321,1.0
98,98,Tim,2,1.9485642946317103,0.8669572633580125,4.5777777777777775,34.97572815533981,1.0
99,99,Tim,2,1.9406392694063928,0.8701056900100823,4.273972602739726,29.576923076923077,1.0
100,100,Tim,2,1.9246753246753248,0.8166786916786917,4.142857142857143,23.465517241379306,1.0
101,101,Tim,2,1.902834008097166,0.7348681642692532,3.6923076923076925,17.541666666666668,1.0
102,102,Tim,1,0.008658008658008658,0.0,0.18181818181818182,1.0,0.09090909090909091
103,103,Tim,0,0.0,0.0,0.0,,0.2
104,0,Vodafone,2,1.970121894808704,0.8722071355007487,52.88424618859401,243.25326186764613,1.0
105,1,Vodafone,2,1.9701720003044139,0.8726000202761156,52.2884834663626,241.54763722005364,1.0
106,2,Vodafone,2,1.9703219969808639,0.8728344669184722,51.521013241220494,240.10845662182095,1.0
107,3,Vodafone,2,1.970417495298781,0.8728052345345437,50.85232558139535,238.5735028468205,1.0
108,4,Vodafone,2,1.9708001294459974,0.8739282883767375,49.69817968291251,238.0984451061014,1.0
109,5,Vodafone,2,1.9707896413473147,0.874272570377686,49.219454329774614,236.6048876891931,1.0
110,6,Vodafone,2,1.9710225827726076,0.8746656839737998,48.33433193529059,234.05184083302345,1.0
111,7,Vodafone,2,1.9708387168683446,0.8748886446642457,48.14527845036319,232.88676825588414,1.0
112,8,Vodafone,2,1.9706594200457406,0.8749084914147358,47.94250764525994,231.22986247544205,1.0
113,9,Vodafone,2,1.9704667573288446,0.8744354909224101,47.75525339925834,229.7135683594761,1.0
114,10,Vodafone,2,1.9704200499687696,0.8751924938167661,47.32792004996877,228.63667317742704,1.0
115,11,Vodafone,2,1.9700997658199175,0.8748626872486434,47.332070707070706,226.90780804012056,1.0
116,12,Vodafone,2,1.9698694579534313,0.8751975628000117,47.184428844926614,225.57935026643943,1.0
117,13,Vodafone,2,1.969726150065599,0.8753457922192412,46.89419354838709,223.99895440662578,1.0
118,14,Vodafone,2,1.969516588065177,0.8752057907875411,46.70058708414873,222.24494356911387,1.0
119,15,Vodafone,2,1.9691597655807798,0.8748871580737781,46.72295514511873,220.28498418793765,1.0
120,16,Vodafone,2,1.968895151284657,0.8750780595555845,46.59506337558372,218.60558943962434,1.0
121,17,Vodafone,2,1.968692962864753,0.8751146187023161,46.365721997300945,217.15865762435604,1.0
122,18,Vodafone,2,1.9686911356049162,0.875504030041231,45.83617747440273,215.75267311988088,1.0
123,19,Vodafone,2,1.9685107690897914,0.8753379020070872,45.56491712707182,214.1756949286126,1.0
124,20,Vodafone,2,1.9682817531874135,0.8754804181997096,45.3570929419986,212.8748035620744,1.0
125,21,Vodafone,2,1.9690898116199245,0.8748285722910342,43.676096181046674,209.0628258687134,1.0
126,22,Vodafone,2,1.9693038500429696,0.8736291654462036,42.851825340014315,207.63744487505014,1.0
127,23,Vodafone,2,1.9705363054513352,0.8691433047385515,40.630434782608695,181.94203673978953,1.0
128,24,Vodafone,2,1.9710365081776293,0.8689001871244202,39.44827586206897,177.8689555125725,1.0
129,25,Vodafone,2,1.9710843639697961,0.8691965624341423,38.89153046062407,176.56964927026823,1.0
130,26,Vodafone,2,1.9710319834643313,0.8693189218041641,38.46952595936794,175.04702108516216,1.0
131,27,Vodafone,2,1.9709924001413928,0.8696472266501402,38.02896341463415,173.7844229767106,1.0
132,28,Vodafone,2,1.9711254199662236,0.8701764056805206,37.363706563706565,172.5918654156161,1.0
133,29,Vodafone,2,1.970997655645874,0.8709299853926165,37.03599374021909,171.21486520747064,1.0
134,30,Vodafone,2,1.9709426884684618,0.8715223167142017,36.6122125297383,170.11705077109687,1.0
135,31,Vodafone,2,1.9711787941734162,0.8722051243790171,35.82475884244373,167.1381770856707,1.0
136,32,Vodafone,2,1.9709353573949913,0.8721515579888063,35.63325183374083,165.56845523992502,1.0
137,33,Vodafone,2,1.97099713580652,0.8733524750104985,35.06446280991736,164.93980390308286,1.0
138,34,Vodafone,2,1.9706537576579262,0.8733096993008334,34.980720871751885,163.42341608358095,1.0
139,35,Vodafone,2,1.9707063250832249,0.8742514795437759,34.42006802721088,162.2277286427195,1.0
140,36,Vodafone,2,1.970473623113249,0.8745656353642888,34.19154443485763,160.7230745937216,1.0
141,37,Vodafone,2,1.9701923682025322,0.8750104237826866,34.01050788091068,159.52440782698253,1.0
142,38,Vodafone,2,1.9703155397390273,0.8754732870998742,33.36533333333333,157.9853473998295,1.0
143,39,Vodafone,2,1.9704880983827888,0.8766823894599728,32.66967509025271,156.7606497596552,1.0
144,40,Vodafone,2,1.9702688384530647,0.8770750774464623,32.406966086159485,155.1935173662179,1.0
145,41,Vodafone,2,1.9700226136365608,0.87730729713886,32.1657355679702,153.8552075493545,1.0
146,42,Vodafone,2,1.9700141194346492,0.8778648660318115,31.665089877010406,152.64774424858084,1.0
147,43,Vodafone,2,1.969984082327682,0.8785992356851724,31.18653846153846,151.30720848492322,1.0
148,44,Vodafone,2,1.9698098337073149,0.8795188351374845,30.854349951124146,150.09872006082878,1.0
149,45,Vodafone,2,1.969636904938528,0.880220404018135,30.514910536779325,148.57117727539253,1.0
150,46,Vodafone,2,1.9696233466921562,0.8804080806591602,30.012133468149646,147.00424499696786,1.0
151,47,Vodafone,2,1.9695914016774527,0.8813708494866476,29.526748971193417,145.5633449477352,1.0
152,48,Vodafone,2,1.9695720416652946,0.8821652197249206,29.028272251308902,144.33071206983624,1.0
153,49,Vodafone,2,1.9698557069811788,0.8810672620061073,28.245202558635395,140.3661206310863,1.0
154,50,Vodafone,2,1.9699287164235473,0.8816715260083579,27.665580890336592,139.44536891679746,1.0
155,51,Vodafone,2,1.9693867050833505,0.8818102866104945,27.643805309734514,137.92597038815526,1.0
156,52,Vodafone,2,1.9691404053025772,0.8827166973590692,27.34160090191657,136.66229589312223,1.0
157,53,Vodafone,2,1.9688716056241153,0.8827001573825184,27.050574712643677,135.4185433840401,1.0
158,54,Vodafone,2,1.9692579077434518,0.8836056885715748,26.19226260257913,134.1104645958285,1.0
159,55,Vodafone,2,1.9686760450391083,0.8832325878717199,26.1555023923445,132.3013811396689,1.0
160,56,Vodafone,2,1.9684211469052544,0.8829185187670163,25.831501831501832,130.47097750047266,1.0
161,57,Vodafone,2,1.9687890137328339,0.8750370824386176,25.0,129.28498753117208,1.0
162,58,Vodafone,2,1.968754062134408,0.8750767436113883,24.496815286624205,128.34997399895994,1.0
163,59,Vodafone,2,1.9696599304650153,0.8735778359532613,23.270833333333332,123.3221799462847,1.0
164,60,Vodafone,2,1.9695162006213938,0.8737501917905034,22.862849533954726,121.69318578916715,1.0
165,61,Vodafone,4,2.1135120868663364,0.8432225857180169,20.68392370572207,94.58292715057306,0.9918256130790191
166,62,Vodafone,4,2.1095579813468595,0.8443835756266329,20.2649930264993,93.35182381280111,0.9916317991631799
167,63,Vodafone,4,2.115982015123646,0.845518360957157,19.774285714285714,91.99653229302125,0.9928571428571429
168,64,Vodafone,4,2.1124416602619975,0.8437738346482863,19.686676427525622,90.57057861073926,0.9926793557833089
169,65,Vodafone,4,2.1069791596107383,0.8349288911164264,19.42042042042042,89.8583578166074,0.9924924924924925
170,66,Vodafone,4,2.1132606669329834,0.8367807864511722,19.22342064714946,88.82991343379288,0.9938366718027735
171,67,Vodafone,4,2.107750406226805,0.8384965292686541,19.240506329113924,87.12302631578947,0.9936708860759493
172,68,Vodafone,4,2.110712110378433,0.8408182330883963,18.94959349593496,86.1328299296379,0.9967479674796748
173,69,Vodafone,4,2.109947731970891,0.8392497670990592,18.34113712374582,84.4936177972283,0.9966555183946488
174,70,Vodafone,4,2.1095970087245535,0.8409689047431504,17.29776247848537,83.82348258706466,0.9965576592082617
175,71,Vodafone,8,2.447180126727385,0.7947444340354239,14.709219858156029,56.61957569913211,0.9539007092198581
176,72,Vodafone,8,2.2908237405495173,0.7938335492573086,14.442413162705668,55.93898734177215,0.9341864716636198
177,73,Vodafone,8,2.366187537896351,0.7687844683273052,13.045283018867925,46.55973387330055,0.9245283018867925
178,74,Vodafone,8,2.374215704191033,0.7689124350585659,12.803118908382066,45.316382460414125,0.9239766081871345
179,75,Vodafone,8,2.378926360377973,0.7581114943456321,11.903225806451612,44.02506775067751,0.9233870967741935
180,76,Vodafone,8,2.386221294363257,0.7650469231729536,11.173277661795407,43.097907324364726,0.9227557411273486
181,77,Vodafone,8,2.367627311228179,0.7608163179190477,10.80952380952381,42.094112935522624,0.9199134199134199
182,78,Vodafone,8,2.3536795222188482,0.7556214487013139,10.584269662921349,41.276857749469215,0.9168539325842696
183,79,Vodafone,8,2.3645516426273283,0.7537054937151061,10.30841121495327,39.973708068902994,0.9182242990654206
184,80,Vodafone,8,2.359705655450715,0.7531412477341527,9.956204379562044,38.70527859237537,0.9172749391727494
185,81,Vodafone,8,2.3407473424523064,0.7444430228958344,9.33502538071066,37.098966829798805,0.9137055837563451
186,82,Vodafone,8,2.3257237993114734,0.7419402419842367,9.26259946949602,36.12371134020619,0.9124668435013262
187,83,Vodafone,8,2.3220210461157538,0.7443566946210841,9.172222222222222,35.54512416717141,0.9138888888888889
188,84,Vodafone,7,2.2534226723270763,0.7434280253233316,9.002915451895044,34.543393782383426,0.9067055393586005
189,85,Vodafone,7,2.237092968381312,0.7384714032549156,8.760736196319018,33.57983193277312,0.9049079754601227
190,86,Vodafone,7,2.2210944395410417,0.7433946887490415,8.686084142394822,32.34202682563338,0.9061488673139159
191,87,Vodafone,9,2.5524408040295627,0.7103825600224466,7.589041095890411,23.089350180505416,0.8801369863013698
192,88,Vodafone,9,2.5587790311877905,0.69764991351457,7.403636363636363,22.283889980353635,0.88
193,89,Vodafone,9,2.5490000904895487,0.691436539665387,7.147286821705427,21.39587852494577,0.8798449612403101
194,90,Vodafone,6,1.882399723374827,0.661163073765603,6.531120331950207,20.426937738246508,0.7842323651452282
195,91,Vodafone,6,1.7326233183856503,0.6360851197404249,6.1875,19.42279942279942,0.7633928571428571
196,92,Vodafone,8,1.948782890108344,0.6199647512380613,5.719806763285024,18.260135135135137,0.7632850241545893
197,93,Vodafone,4,0.8905597326649958,0.6160780397441874,5.578947368421052,17.616981132075473,0.5894736842105263
198,94,Vodafone,4,0.8926603038042747,0.6087404761127005,4.994219653179191,15.939814814814813,0.5895953757225434
199,95,Vodafone,4,0.9064516129032258,0.6001469456240689,4.653846153846154,14.757575757575758,0.5961538461538461
200,96,Vodafone,4,0.8650818475654259,0.578014131044495,4.158273381294964,13.190311418685122,0.5827338129496403
201,97,Vodafone,5,0.3549654518357946,0.4909220181761166,3.0655737704918034,7.625668449197861,0.30327868852459017
202,98,Vodafone,5,0.35384615384615387,0.47096793153936006,2.8,7.020408163265307,0.3142857142857143
203,99,Vodafone,5,0.3654649947753396,0.44711399711399713,2.5,5.918181818181818,0.3181818181818182
204,100,Vodafone,3,0.22414486921529175,0.3456135505845531,1.943661971830986,5.08695652173913,0.28169014084507044
205,101,Vodafone,3,0.06429070580013976,0.1907407407407407,1.1111111111111112,2.7666666666666666,0.12962962962962962
206,102,Vodafone,2,0.03003003003003003,0.15315315315315317,0.6486486486486487,2.1666666666666665,0.10810810810810811
207,103,Vodafone,1,0.005263157894736842,0.0,0.1,1.0,0.1
208,104,Vodafone,0,0.0,0.0,0.0,,0.3333333333333333
209,0,Wind,2,1.9588213620087072,0.8879130653782077,97.34630021141649,477.7431544930155,1.0
210,1,Wind,2,1.9588040174938195,0.888228956897734,96.4397950469684,475.2251994580762,1.0
211,2,Wind,2,1.9585753134346906,0.888350345416348,96.02242345838724,472.13242558695146,1.0
212,3,Wind,2,1.958549110701191,0.8886194828479399,95.12979094076655,468.7530148614125,1.0
213,4,Wind,2,1.958489664338871,0.8888705490961724,94.31148262208535,465.9367075616924,1.0
214,5,Wind,2,1.9591028111259325,0.8893906510107404,91.97777777777777,458.72746073930904,1.0
215,6,Wind,2,1.9591539914251743,0.8894513184326928,90.92321508756174,455.12075896605194,1.0
216,7,Wind,2,1.9589151239894782,0.889619928658503,90.50998185117967,452.96787712297726,1.0
217,8,Wind,2,1.958617585570124,0.8896722859511631,90.21366345712975,449.31470450710526,1.0
218,9,Wind,2,1.9583965475682552,0.8898770985033843,89.7386468952734,445.89763291609864,1.0
219,10,Wind,2,1.9586004666281833,0.8895257001309838,88.34660421545668,439.50857809352135,1.0
220,11,Wind,2,1.9582140088712803,0.8894064026513008,88.21022727272727,436.36674181427804,1.0
221,12,Wind,2,1.9586829570694149,0.889487030603957,86.26998563906176,426.9887469620126,1.0
222,13,Wind,2,1.9590782623778507,0.8893793044620316,84.50338818973863,419.5365096457865,1.0
223,14,Wind,2,1.9591155485178362,0.8899073429207229,83.48604992657856,417.34182291483455,1.0
224,15,Wind,2,1.95913279292268,0.890872067672052,82.51089108910891,415.9320341749064,1.0
225,16,Wind,2,1.9594787973543482,0.8909293821573778,80.88032048072108,411.0031699253334,1.0
226,17,Wind,2,1.959123958649468,0.8909670189190299,80.6484295845998,408.4669221105528,1.0
227,18,Wind,2,1.9592903047746717,0.891504984957936,79.38390568939006,406.6208370459329,1.0
228,19,Wind,2,1.95894764721462,0.8917274479387824,79.10788381742739,403.5852871754524,1.0
229,20,Wind,2,1.9591846975010476,0.8920046282061633,77.71233595800526,398.1124680833817,1.0
230,21,Wind,2,1.9592518958814613,0.8920361961157892,76.6471838469713,394.580547660312,1.0
231,22,Wind,2,1.9588126537700108,0.891845646533277,76.52608929532006,391.0547440637697,1.0
232,23,Wind,2,1.9590568289077666,0.8924041317261591,75.13071895424837,387.93446425982313,1.0
233,24,Wind,2,1.9587459469200246,0.8930236547716718,74.75234418091561,385.6961468648082,1.0
234,25,Wind,2,1.9584974596463178,0.8929579222416058,74.24804469273742,382.6783242039367,1.0
235,26,Wind,2,1.9580973952434881,0.8930821729616857,74.0,379.52134477431593,1.0
236,27,Wind,2,1.9578234300241595,0.8937703581247082,73.5137614678899,376.5689660551604,1.0
237,28,Wind,2,1.957334837776847,0.8937439865422321,73.38407902382336,373.10934802920167,1.0
238,29,Wind,2,1.9567753806516452,0.8933096911956772,73.35217903415783,369.5344755604085,1.0
239,30,Wind,2,1.9562937998181138,0.8934047930361525,73.16417910447761,366.1015911872705,1.0
240,31,Wind,2,1.957091087212534,0.893489459757026,70.84261501210653,355.8476314170483,1.0
241,32,Wind,2,1.9570876753197195,0.8939151469344302,69.86126457949662,353.1441952831184,1.0
242,33,Wind,2,1.9573243638536175,0.893831059876151,68.49439601494396,349.17586952964496,1.0
243,34,Wind,2,1.957202514389216,0.8945172593651717,67.70562223626027,346.67629550840655,1.0
244,35,Wind,2,1.958045097942468,0.8946682092482547,65.4076923076923,338.4928456623153,1.0
245,36,Wind,2,1.9577437106918238,0.8950173497537826,64.90566037735849,335.19202085004014,1.0
246,37,Wind,2,1.9573620432692098,0.8950406226389712,64.5112285336856,331.33101259342686,1.0
247,38,Wind,2,1.9575151130496626,0.8949423724300126,63.30248155600268,326.59743176809627,1.0
248,39,Wind,2,1.9574461959661138,0.8949793223604314,62.426430517711175,322.164313306126,1.0
249,40,Wind,2,1.9569937409540972,0.8954907928724304,62.101038062283735,319.13789337612553,1.0
250,41,Wind,2,1.9570645659689745,0.8954604839060363,61.0112517580872,315.4978445791743,1.0
251,42,Wind,2,1.9566510311370988,0.8949793271262672,60.601858470335955,311.5185534665377,1.0
252,43,Wind,2,1.956698731501057,0.8947648230454572,59.53924418604651,307.0324927373483,1.0
253,44,Wind,2,1.9560083443760743,0.8948246369581853,59.47671840354767,303.4575753056964,1.0
254,45,Wind,2,1.9565833319189623,0.8930607026624935,57.70075187969925,289.78778243986346,1.0
255,46,Wind,2,1.955949294117785,0.8928639425428729,57.53022188217292,285.7049686136823,1.0
256,47,Wind,2,1.9563717241764458,0.894352215094265,55.97507788161994,283.2151881121994,1.0
257,48,Wind,2,1.9569918054454136,0.893945993633167,54.190325138778746,277.99157081394327,1.0
258,49,Wind,2,1.957069516509665,0.893209064536554,53.105008077544426,272.0770260403991,1.0
259,50,Wind,2,1.9564748713568043,0.8931117363619125,52.839506172839506,268.0960747663552,1.0
260,51,Wind,2,1.956626601074051,0.894879001272209,51.65771812080537,266.36442769910354,1.0
261,52,Wind,2,1.9562967997468859,0.8953419656236636,51.045337895637296,262.79484515350583,1.0
262,53,Wind,2,1.9559112005304191,0.8959579887355095,50.481675392670155,259.5537924358709,1.0
263,54,Wind,2,1.9559494161138915,0.8970012591883735,49.42475512021371,256.1613217065437,1.0
264,55,Wind,2,1.9566266854164944,0.8975145042282322,47.667272727272724,251.26131899149408,1.0
265,56,Wind,2,1.9579152471583947,0.8966760198659112,45.283194057567314,240.4124256715194,1.0
266,57,Wind,2,1.957457774029564,0.8964805767501176,44.79696394686907,236.80913249745848,1.0
267,58,Wind,2,1.9568483798367124,0.8972562864479132,44.446168768186226,233.70666026536313,1.0
268,59,Wind,2,1.9582505792783846,0.896547284156939,42.041666666666664,223.12497050356316,1.0
269,60,Wind,2,1.9576596095910197,0.8972767152592728,41.662944162436546,219.70466396997907,1.0
270,61,Wind,2,1.9572474099008959,0.8984667437537828,41.08523908523909,217.26859629592144,1.0
271,62,Wind,2,1.95688376919601,0.8978077451333849,40.443024494142705,212.46202864967347,1.0
272,63,Wind,2,1.9590736631111747,0.8982917836666204,37.44759825327511,204.94163605620665,1.0
273,64,Wind,2,1.9583506997624776,0.8988446338761084,37.151175811870104,201.73553170966963,1.0
274,65,Wind,2,1.9588323214687249,0.8975216086673222,35.774712643678164,192.69438375530135,1.0
275,66,Wind,2,1.9584516064206587,0.8974202293425224,35.149940968122785,189.3229208652425,1.0
276,67,Wind,2,1.9582718918472555,0.8974611840424652,34.342233009708735,186.06869743444767,1.0
277,68,Wind,2,1.9571535580524344,0.8970840294663004,34.27715355805243,182.34149184149183,1.0
278,69,Wind,2,1.9561625525635808,0.896675691050773,34.06169665809769,178.39924528301884,1.0
279,70,Wind,2,1.9555571170095034,0.8976174607416382,33.50993377483444,175.46632411067193,1.0
280,71,Wind,2,1.9572596861848055,0.8978319047513209,31.243169398907103,170.2305203323131,1.0
281,72,Wind,2,1.9587028758576175,0.8956086960529918,29.23836389280677,158.7013024602026,1.0
282,73,Wind,2,1.9578983209550764,0.8967250484546374,28.839650145772595,155.0451880307319,1.0
283,74,Wind,2,1.956829024893713,0.8963323846502211,28.579185520361992,151.32288368165504,1.0
284,75,Wind,2,1.956802621283255,0.8992769697268959,27.603125,149.47152722744258,1.0
285,76,Wind,2,1.9570870782378076,0.8994809092415873,26.434359805510535,145.06560392397301,1.0
286,77,Wind,2,1.9588180852936334,0.9006888577202422,24.420875420875422,142.80049634633943,1.0
287,78,Wind,2,1.9601437920545672,0.9010219272627139,22.718038528896674,136.18424298489055,1.0
288,79,Wind,2,1.960154258797155,0.9043198348157081,21.795620437956206,133.7168452779638,1.0
289,80,Wind,3,1.9944747364594693,0.8930223344081276,18.48,110.67532467532467,1.0
290,81,Wind,3,1.9972326263807048,0.8911569272382802,16.92828685258964,104.36455636620381,1.0
291,82,Wind,3,1.9978074964404573,0.8945194582692717,16.60125260960334,101.28596579476863,1.0
292,83,Wind,3,2.0013880855986117,0.8965273136839843,15.478070175438596,99.00141683196372,1.0
293,84,Wind,3,2.000940894705329,0.8970317557213336,14.74364896073903,96.05858395989975,1.0
294,85,Wind,4,2.1413322201681675,0.872388722837617,12.463414634146341,75.32681017612525,0.9975609756097561
295,86,Wind,7,2.1195190852980947,0.855012455433196,11.51421188630491,73.13016157989227,0.9844961240310077
296,87,Wind,7,2.120515847788575,0.8559007510938974,11.175824175824175,69.62782694198624,0.9835164835164835
297,88,Wind,7,2.11645678799379,0.8555057974435126,10.838709677419354,67.09686147186147,0.9824046920821115
298,89,Wind,7,2.1138424300140866,0.854421793078656,10.553459119496855,64.12216924910608,0.9811320754716981
299,90,Wind,7,2.1274760751758333,0.8330217818881411,9.023728813559321,54.10593538692713,0.9796610169491525
300,91,Wind,7,2.1128445843281964,0.8317463542940755,8.404411764705882,51.99825021872266,0.9779411764705882
301,92,Wind,7,2.1265707993263376,0.7682750647712993,7.261044176706827,50.71570796460177,0.9759036144578314
302,93,Wind,6,2.1218879056047197,0.7440792738670202,7.017699115044247,48.44514501891551,0.9778761061946902
303,94,Wind,8,1.245866458567039,0.5714963337816036,4.177339901477833,23.132075471698112,0.6798029556650246
304,95,Wind,5,0.8343885785226567,0.4957499421247485,3.466666666666667,22.060897435897434,0.6
305,96,Wind,7,0.7528172464478197,0.3506825232353224,2.394904458598726,10.510638297872342,0.5159235668789809
306,97,Wind,7,0.8140500504993828,0.3310364386856924,2.253731343283582,10.165562913907284,0.5373134328358209
307,98,Wind,5,0.10663390663390664,0.1869133869133869,1.2432432432432432,4.376811594202899,0.18018018018018017
308,99,Wind,3,0.09090909090909091,0.13357438016528925,1.1136363636363635,4.16326530612245,0.17045454545454544
309,100,Wind,3,0.07596153846153846,0.12034188034188036,0.676923076923077,4.181818181818182,0.2
310,101,Wind,2,0.030197444831591175,0.06825396825396826,0.47619047619047616,2.5,0.14285714285714285
311,102,Wind,1,0.005847953216374269,0.0,0.10526315789473684,1.0,0.10526315789473684
312,0,Tre,2,1.970320318003939,0.8802445620268542,41.37347670250896,239.4186360801164,1.0
313,1,Tre,2,1.9701657076448933,0.8806492688517877,41.201157742402316,238.46132771338247,1.0
314,2,Tre,2,1.9698610416960345,0.8805802955875176,41.23009495982469,236.9198143292467,1.0
315,3,Tre,2,1.9708019027092927,0.8800167788268766,39.56342182890855,232.10024604831497,1.0
316,4,Tre,2,1.9706598102652935,0.8802119851897169,39.374534623976174,230.790015128593,1.0
317,5,Tre,2,1.9703989092369751,0.8800535901432012,39.33984962406015,228.90157104086236,1.0
318,6,Tre,2,1.9706180344478217,0.8798075060968268,38.666666666666664,226.69405388421964,1.0
319,7,Tre,2,1.9703609885634379,0.8799625930677705,38.61963190184049,225.15841938046069,1.0
320,8,Tre,2,1.9700358474591537,0.8796191240917185,38.65375677769171,223.6762454410645,1.0
321,9,Tre,2,1.9697684934981856,0.8794965179140559,38.605633802816904,221.88244355263691,1.0
322,10,Tre,2,1.9700918096762896,0.8806996228728684,37.80395256916996,220.94002760235878,1.0
323,11,Tre,2,1.969828609955486,0.8809227531667918,37.7444089456869,219.23738784492974,1.0
324,12,Tre,2,1.9696925839145385,0.8810760117114785,37.520581113801455,217.75451729478573,1.0
325,13,Tre,2,1.9694909611479177,0.881822156110952,37.37357259380098,216.61379310344827,1.0
326,14,Tre,2,1.9692019078247478,0.8820057997826258,37.32728771640561,215.12535889394405,1.0
327,15,Tre,2,1.969239644147901,0.8825129277858641,36.88166666666667,214.08554385647793,1.0
328,16,Tre,2,1.9689298485134772,0.8830685952554556,36.84919966301601,213.02295381801554,1.0
329,17,Tre,2,1.9686370363270114,0.8832808194052294,36.78875638841567,212.32451956471408,1.0
330,18,Tre,2,1.9687590959042442,0.8838311069639029,36.23944875107666,210.82407187336597,1.0
331,19,Tre,2,1.9684421411408035,0.8837580567951101,36.19686411149826,209.44717716705975,1.0
332,20,Tre,2,1.9683674024349502,0.8841345700445888,35.87136563876652,208.1563098688412,1.0
333,21,Tre,2,1.9680941227354618,0.8840661731797554,35.766488413547236,206.40129578868675,1.0
334,22,Tre,2,1.9679924347234474,0.8843654970261935,35.4643823264202,204.69677091278922,1.0
335,23,Tre,2,1.9678298836782988,0.8841861346174994,35.22627737226277,202.7892664732698,1.0
336,24,Tre,4,2.0587093768081064,0.86391232413814,32.75715604801477,178.6572894351111,0.9953831948291783
337,25,Tre,4,2.058639832842293,0.8637229891180422,32.68971962616823,177.0176110698153,0.9953271028037384
338,26,Tre,4,2.0601204810641898,0.8624912313221001,30.86092715231788,168.7122624156959,0.9952696310312205
339,27,Tre,4,2.0617545174360727,0.8628323821386746,29.92337164750958,166.6437900128041,0.9952107279693486
340,28,Tre,4,2.0562165114461406,0.8593514666588887,29.549951503394762,166.15617409571325,0.9941804073714839
341,29,Tre,4,2.0564741245583433,0.8592419464792267,28.86836935166994,165.75969783585137,0.9941060903732809
342,30,Tre,4,2.0575588194485737,0.8598612559880562,28.53731343283582,163.91889818688983,0.9940298507462687
343,31,Tre,4,2.0583822954981934,0.86008023754617,28.256048387096776,162.06243310738495,0.9939516129032258
344,32,Tre,4,2.0577798387821136,0.8594863779227708,28.24514811031665,160.89657167655145,0.9938712972420838
345,33,Tre,4,2.0587348072817773,0.8599432543518543,28.049689440993788,159.5915264245645,0.9937888198757764
346,34,Tre,4,2.054712231167388,0.8595276181646846,27.792235047219307,158.72944196934228,0.993704092339979
347,35,Tre,4,2.05426324972243,0.8592817109623166,27.604255319148937,156.7085709881301,0.9936170212765958
348,36,Tre,4,2.0550464700688025,0.8594480863559739,27.49730312837109,154.93927030207925,0.9935275080906149
349,37,Tre,4,2.0557519515100386,0.8607837609200675,26.818380743982495,154.7154046997389,0.9934354485776805
350,38,Tre,4,2.0419114564064618,0.8595442810199426,26.521642619311876,153.5939906260462,0.9911209766925638
351,39,Tre,4,2.0467031292848654,0.8605274887257977,26.48198198198198,152.5522197652662,0.9921171171171171
352,40,Tre,4,2.0386322327558024,0.8611324370437277,26.283428571428573,152.026611009653,0.9908571428571429
353,41,Tre,4,2.0380311028831204,0.8615984860390036,26.11368909512761,151.14597956463794,0.9907192575406032
354,42,Tre,4,2.038883147765407,0.8613125948228819,25.691401648998824,149.1575279662571,0.9905771495877503
355,43,Tre,4,2.0404062688021085,0.8599964974753455,24.57894736842105,143.34689507494647,0.9904306220095693
356,44,Tre,4,2.0405879622649317,0.858972214413089,24.369380315917375,141.25039888312725,0.9902794653705954
357,45,Tre,4,2.045512673778022,0.8600681898452801,24.135802469135804,140.13780051150894,0.991358024691358
358,46,Tre,4,2.0446838962693015,0.8616646302823864,23.91969887076537,139.20730172052038,0.9912170639899623
359,47,Tre,4,2.0418132770349517,0.8615892115068092,23.7984693877551,138.21224139779184,0.9910714285714286
360,48,Tre,4,2.0385904627149762,0.861040743705235,23.675745784695202,136.9387531499945,0.9909208819714657
361,49,Tre,4,2.039225801054712,0.8608938546338768,23.477572559366756,135.93245673184984,0.9907651715039578
362,50,Tre,4,2.0408818647614924,0.8629095316026784,22.536912751677853,135.0287075640262,0.9906040268456375
363,51,Tre,4,2.0382513661202184,0.8636027430805722,22.450819672131146,132.65547036631375,0.9904371584699454
364,52,Tre,4,2.034375351095029,0.8655678126658333,22.091794158553547,131.78405943087384,0.9902642559109874
365,53,Tre,4,2.0316557169549756,0.8677190085124252,21.864022662889518,130.6448561803576,0.990084985835694
366,54,Tre,4,2.029051872982509,0.8674771700236129,20.836940836940837,126.74099722991689,0.98989898989899
367,55,Tre,4,2.0251234514424326,0.8678643070753503,20.83529411764706,124.75945793337098,0.9897058823529412
368,56,Tre,4,2.0309980145062605,0.868714222419855,20.776611694152923,122.94400346370328,0.9910044977511244
369,57,Tre,4,2.028674993326496,0.8684630029410058,19.92354740061162,122.00813507290867,0.9908256880733946
370,58,Tre,4,2.027242589703588,0.8665132646054715,19.912636505460217,120.45738013162018,0.9906396255850234
371,59,Tre,4,2.026224362295432,0.8652913785996292,19.595541401273884,119.27758816837314,0.9904458598726115
372,60,Tre,4,2.0263817165858957,0.8655110107942429,19.372357723577235,117.14168205472555,0.9902439024390244
373,61,Tre,4,2.0264232922979972,0.8656555653278445,19.222591362126245,115.19028689941238,0.9900332225913622
374,62,Tre,4,2.02632733908504,0.8646148801926737,19.225806451612904,112.81031437654538,0.9898132427843803
375,63,Tre,4,2.0258514492753625,0.8648806084665543,19.01736111111111,111.56308197918568,0.9895833333333334
376,64,Tre,4,2.023988167101762,0.8640527840068369,17.94671403197158,106.21060965954078,0.9893428063943162
377,65,Tre,4,2.0200298062593145,0.8649262957960678,17.98909090909091,104.29613907418639,0.9890909090909091
378,66,Tre,4,2.0100892187109145,0.8679536841194588,18.130353817504655,103.3126540673788,0.9888268156424581
379,67,Tre,4,2.011319019748077,0.8681734383416105,17.782442748091604,101.83043571581884,0.9885496183206107
380,68,Tre,4,2.0118184260005374,0.8669419358278438,17.416829745596868,100.44696629213485,0.9882583170254403
381,69,Tre,4,2.011094680532997,0.8667599009344704,17.188755020080322,99.06658878504672,0.9879518072289156
382,70,Tre,4,2.0088779074720966,0.8659407131477347,17.150515463917525,97.06588122144747,0.9876288659793815
383,71,Tre,4,2.015410774047285,0.8665277152860832,17.10593220338983,95.49863760217983,0.989406779661017
384,72,Tre,4,2.0156881772602295,0.857793781869786,16.152505446623092,92.99325600215809,0.9891067538126361
385,73,Tre,4,2.0201642565627047,0.8554162595424684,14.295964125560538,85.16060225846925,0.9887892376681614
386,74,Tre,4,2.019855016679497,0.8576897583315881,14.189376443418015,83.20052083333333,0.9884526558891455
387,75,Tre,4,2.017695192635527,0.8480631944530032,13.771428571428572,82.35684647302904,0.9880952380952381
388,76,Tre,4,2.018954018954019,0.8311451679425998,12.191646191646191,74.07174526400645,0.9852579852579852
389,77,Tre,4,2.016119657457279,0.8170164058184255,11.532994923857869,73.40801056338027,0.9847715736040609
390,78,Tre,4,2.010388175162315,0.8220062185143497,11.238845144356956,72.72209248014946,0.984251968503937
391,79,Tre,4,2.0081151522331475,0.8180502383108271,10.532608695652174,71.35964912280703,0.9836956521739131
392,80,Tre,4,2.0009071377417045,0.8212587554450397,10.467605633802817,69.8579117330463,0.9830985915492958
393,81,Tre,4,2.0106669410574334,0.8185766279211227,10.409356725146198,68.24269662921348,0.9853801169590644
394,82,Tre,4,2.0030951145377713,0.8118680025203916,10.310030395136778,67.10082547169812,0.9848024316109423
395,83,Tre,4,2.0154912597950574,0.8116156541236839,10.170886075949367,65.10640945861854,0.9873417721518988
396,84,Tre,4,2.008108757895657,0.7951596681262729,9.788778877887788,64.37963587322994,0.9867986798679867
397,85,Tre,4,2.0052261066698485,0.7930162947278593,8.931034482758621,61.35366795366795,0.9862068965517241
398,86,Tre,4,2.012295296395124,0.7930173531165374,8.8014440433213,59.85972108285479,0.9891696750902527
399,87,Tre,4,2.0098801705265585,0.7817728774313826,8.295454545454545,58.56529680365297,0.9886363636363636
400,88,Tre,4,2.009593625498008,0.7709732791277862,7.697211155378486,57.45445134575569,0.9880478087649402
401,89,Tre,4,1.9955678473921215,0.7481477088881751,7.554621848739496,56.25472747497219,0.9873949579831933
402,90,Tre,4,1.9930555555555556,0.7266503298256923,7.386666666666667,54.25631768953068,0.9866666666666667
403,91,Tre,4,1.9856031476348028,0.7382079802605501,7.188679245283019,53.27952755905512,0.9858490566037735
404,92,Tre,4,1.9716765646413887,0.7329032176225573,7.0954773869346734,51.07648725212465,0.9849246231155779
405,93,Tre,4,1.9615228131357163,0.7336737021713499,7.010752688172043,48.19018404907976,0.9838709677419355
406,94,Tre,4,1.9527490254066406,0.7267007010275435,6.855491329479769,45.709949409780776,0.9826589595375722
407,95,Tre,4,1.950943396226415,0.7232628603802914,6.75,42.83518518518518,0.98125
408,96,Tre,4,1.9486534339763302,0.7067776665058032,6.557823129251701,39.61203319502074,0.9795918367346939
409,97,Tre,4,1.9490517338121423,0.6826353473400196,5.373134328358209,36.349999999999994,0.9776119402985075
410,98,Tre,4,1.925068870523416,0.7040249292550512,5.471074380165289,34.072507552870086,0.9752066115702479
411,99,Tre,4,1.957251644167532,0.6790938089648053,5.185185185185185,31.45714285714286,0.9814814814814815
412,100,Tre,4,1.2192609182530796,0.4882978778914613,3.2,20.131578947368418,0.7684210526315789
413,101,Tre,4,1.264378199337549,0.5151980710983579,3.073170731707317,17.976190476190474,0.7804878048780488
414,102,Tre,6,0.31841432225063937,0.27165684556988906,1.681159420289855,5.689655172413794,0.36231884057971014
415,103,Tre,5,0.2876623376623377,0.31204212454212454,1.6428571428571428,5.304347826086956,0.35714285714285715
416,104,Tre,3,0.21262458471760798,0.2939276485788114,1.3953488372093024,4.1000000000000005,0.32558139534883723
417,105,Tre,3,0.17471264367816092,0.3466666666666667,1.3333333333333333,2.75,0.3
418,106,Tre,2,0.058823529411764705,0.17647058823529413,0.7058823529411765,1.6666666666666665,0.17647058823529413
419,107,Tre,1,0.16666666666666666,0.0,0.5,1.0,0.5
420,0,Roma,2,1.9671778707440641,0.8891666657428096,239.14203375874845,1353.163122594151,1.0
421,1,Roma,2,1.9671831990656499,0.889401594183898,236.74040194040194,1345.6524675044875,1.0
422,2,Roma,2,1.9670393822591203,0.8895728645304203,235.4047319053619,1336.8953610356493,1.0
423,3,Roma,2,1.9669618540737643,0.8894861490342398,233.57969169848678,1326.1669659647791,1.0
424,4,Roma,2,1.9672167268741,0.8893936606627043,229.41734533504786,1308.2944138726482,1.0
425,5,Roma,2,1.9673514908433525,0.8895143459272098,226.12357441894036,1298.261669426785,1.0
426,6,Roma,2,1.9674979466488394,0.8891236066665664,222.76907366885484,1269.5133948275209,1.0
427,7,Roma,2,1.967426719869217,0.889468902506419,220.91198584697037,1262.9239999305946,1.0
428,8,Roma,2,1.9674330530585615,0.8899114151569262,218.5242139770526,1256.2761019995692,1.0
429,9,Roma,2,1.9674259959488702,0.890062658692122,216.2262388913993,1247.6091941211791,1.0
430,10,Roma,2,1.9673905112933945,0.8904662413655606,214.11390284757118,1241.1739907800802,1.0
431,11,Roma,2,1.9672155952329302,0.8905380679195687,212.9019245573518,1232.8050648033914,1.0
432,12,Roma,2,1.9674534151612666,0.8900507767698896,209.01416783434533,1209.764915850899,1.0
433,13,Roma,2,1.9676975663823788,0.8895793271944813,205.1204534718942,1186.6648443257184,1.0
434,14,Roma,2,1.968181990454384,0.8887268031195258,199.75346392737697,1155.2964651441657,1.0
435,15,Roma,2,1.9680282587190525,0.8890317053912022,198.41662638956018,1147.3443209166821,1.0
436,16,Roma,2,1.9681509583974741,0.8888107089050933,195.36202118989405,1128.5190722759075,1.0
437,17,Roma,2,1.9680727267463762,0.8893032183247285,193.54313046346692,1122.4398424477524,1.0
438,18,Roma,2,1.9679843081260733,0.8894152625253005,191.77399432482056,1112.7782609376823,1.0
439,19,Roma,2,1.9683706836251318,0.8886264202485606,187.18229430647068,1080.4383590328648,1.0
440,20,Roma,2,1.9681314154104486,0.8888331263815613,186.3037455105182,1071.2220214850024,1.0
441,21,Roma,2,1.9680804082189602,0.888862982446365,184.30372294372293,1059.95989116403,1.0
442,22,Roma,2,1.9679385639672375,0.8891838865128376,182.81430825881114,1052.5938173203274,1.0
443,23,Roma,2,1.9680386391874718,0.8894736249163864,179.94246137453382,1039.009734953457,1.0
444,24,Roma,2,1.9678830790976525,0.889699050434079,178.50584637524736,1030.5042899727302,1.0
445,25,Roma,2,1.9678490391334278,0.889709485593644,176.38017131401494,1016.0892789611055,1.0
446,26,Roma,2,1.9679768706076821,0.8903408752049342,173.37322253000923,1008.8779313518304,1.0
447,27,Roma,2,1.968366746541082,0.8895844846059093,168.9848399775407,972.244507058477,1.0
448,28,Roma,2,1.9682649360991022,0.8898563145763513,167.243786757731,965.0661545337601,1.0
449,29,Roma,2,1.9681203676588293,0.889979597804165,165.71032890940566,958.8288714934396,1.0
450,30,Roma,2,1.9682359903933648,0.8899212371002402,162.82231324361226,941.1288611507085,1.0
451,31,Roma,2,1.968150033055464,0.8903080348456397,160.96973293768545,933.3060973181829,1.0
452,32,Roma,2,1.967960676899612,0.8903522971337844,159.61990768613285,925.1582300920559,1.0
453,33,Roma,2,1.967715436604555,0.891022977967971,158.5172062716351,917.9068361597888,1.0
454,34,Roma,2,1.9676057689260156,0.8911072097262258,156.72328993593717,906.9638837317243,1.0
455,35,Roma,2,1.9678961555617236,0.8907564583822031,153.00692259282567,887.1951537187546,1.0
456,36,Roma,2,1.9682792661694422,0.8904656806574242,148.897124600639,870.3674986267508,1.0
457,37,Roma,2,1.9687384199166715,0.889602449533258,144.49102314514386,838.4984775038847,1.0
458,38,Roma,2,1.9686824535605023,0.8895711964707477,142.49483629971434,825.2229904979846,1.0
459,39,Roma,2,1.9684212394678715,0.8897170494710472,141.4096896628712,817.365386012056,1.0
460,40,Roma,2,1.9681637587871645,0.8895871196951148,140.27047878375313,806.865480804695,1.0
461,41,Roma,2,1.9687092057703126,0.8881731055906674,135.61430219146482,764.3124404648505,1.0
462,42,Roma,2,1.9685670672741662,0.8886860941929162,133.9671592775041,758.082605208877,1.0
463,43,Roma,2,1.9681583846280444,0.888589144857895,133.4163684084944,748.5621982015494,1.0
464,44,Roma,2,1.967798806299383,0.8887156592014804,132.60451565914056,740.4166291344898,1.0
465,45,Roma,2,1.9683612510979187,0.8876374361553621,128.01037805782062,714.0924220840137,1.0
466,46,Roma,2,1.9683632922170207,0.8870171293497773,125.72427672955975,695.0949387098452,1.0
467,47,Roma,2,1.9689024712948666,0.8864192058732969,121.34255700743019,672.7040244932432,1.0
468,48,Roma,2,1.9687893118731143,0.886501834601467,119.53693552597232,663.1465937031878,1.0
469,49,Roma,2,1.9684642612563978,0.887105642758332,118.51130619845704,655.4097386213647,1.0
470,50,Roma,2,1.9692396375586614,0.8859829539476282,113.38269595877406,624.6140914070836,1.0
471,51,Roma,3,1.975711330074147,0.8851976542513954,108.9372060857538,593.9394984357859,1.0
472,52,Roma,3,1.975684870541845,0.8854509117062792,106.95286480383855,584.7889183868431,1.0
473,53,Roma,3,1.9758718803889286,0.8853838427768532,104.59579371938922,572.9248372134019,1.0
474,54,Roma,3,1.9766068717022163,0.8836295389529091,100.087084436599,542.7686039812344,1.0
475,55,Roma,3,1.9767448711782694,0.8835472847091018,97.14277126540426,529.0945376461196,1.0
476,56,Roma,3,1.9768091640962748,0.8839172117549018,94.83072196620584,520.5999727868236,1.0
477,57,Roma,3,1.9765212464947248,0.8843106841415233,93.89695256047753,513.3992920093417,1.0
478,58,Roma,3,1.9765886218490347,0.8837678254214965,91.32626165220186,492.09477114981206,1.0
479,59,Roma,3,1.976387497966419,0.8841483318912728,89.68476472523857,483.9921996536441,1.0
480,60,Roma,3,1.9763071466509214,0.8845867740245116,87.94270306707112,474.66135226079416,1.0
481,61,Roma,3,1.9761314278962012,0.8847097131666457,86.35854922279793,465.8628843876996,1.0
482,62,Roma,3,1.9761288072838958,0.8849995193847244,84.35565001771165,458.5670457217724,1.0
483,63,Roma,3,1.976484584118172,0.8842210793147268,81.4903671392221,437.33795164599877,1.0
484,64,Roma,3,1.976397064993375,0.8841822598460547,79.61776782381486,428.57469432150623,1.0
485,65,Roma,3,1.9770100629364062,0.8820651920314913,75.9884925201381,406.30717509161946,1.0
486,66,Roma,3,1.9771508276395655,0.881314665171569,73.52583826429981,389.63968710432,1.0
487,67,Roma,3,1.9774577640220676,0.8823138350710651,70.77141697117337,382.0814525844759,1.0
488,68,Roma,3,1.9775794515346077,0.8828464656614865,68.7896277708072,374.7834456090858,1.0
489,69,Roma,3,1.9774835260058614,0.8820429287112088,66.82104355325572,364.16329586081383,1.0
490,70,Roma,3,1.976868732862774,0.8824663092289187,66.04984423676012,357.01807107146226,1.0
491,71,Roma,3,1.9878416817350295,0.8809337184897785,62.110344827586204,323.6919387075283,1.0
492,72,Roma,3,1.9887089848990138,0.8797907261203055,58.100808368996674,301.7268263139803,1.0
493,73,Roma,3,1.9882030497728558,0.8795843591991442,56.45593303791236,295.11138825417316,1.0
494,74,Roma,3,1.9881831895012203,0.8795491534391529,54.98213374170495,287.3035929811531,1.0
495,75,Roma,3,1.987306687886814,0.8804690974439294,53.76364599894011,280.9162953909238,1.0
496,76,Roma,3,1.987328431149219,0.8810633061976244,51.660606060606064,272.64649545667845,1.0
497,77,Roma,3,1.994907627887308,0.8784735586865802,47.72231784279977,243.97730223611447,1.0
498,78,Roma,3,1.9942126518954908,0.8781532361399151,46.79114302812687,236.77413413823092,1.0
499,79,Roma,3,1.9927277765123854,0.8790823318912141,46.091307066916826,230.9830122116689,1.0
500,80,Roma,3,1.9924530148030084,0.881723124158195,44.309102815979045,227.05607449009753,1.0
501,81,Roma,3,1.993189542298293,0.8809782982975957,41.42817869415808,210.43033942732006,1.0
502,82,Roma,3,1.9916936377534524,0.8808408545072974,40.53796095444685,203.93493150684932,1.0
503,83,Roma,3,1.9903587378669043,0.8809977191815686,39.40045766590389,196.8057846439772,1.0
504,84,Roma,3,1.9917868519221165,0.8819681332514145,36.106537530266344,183.66483369098714,1.0
505,85,Roma,3,1.9904653558919456,0.881568042275026,34.940874035989715,177.24916617618206,1.0
506,86,Roma,3,1.989784044142813,0.8817418141486847,33.077625570776256,165.96018774157923,1.0
507,87,Roma,3,1.9896624218321082,0.8822308716735279,31.517106549364613,157.32957012592271,1.0
508,88,Roma,3,1.9900492556311915,0.8831690702235435,29.42166140904311,150.11122230164403,1.0
509,89,Roma,4,2.2739367836198205,0.8681242867814991,26.800910125142206,122.10102725188896,1.0
510,90,Roma,6,2.15294215318199,0.8499194662569459,23.881040892193308,116.57212536322126,0.9739776951672863
511,91,Roma,6,2.1830914382101616,0.8522464185017383,21.923809523809524,104.46084150428199,0.9768707482993197
512,92,Roma,6,2.177231571224818,0.8528288930844908,21.161387631975867,96.32672843905915,0.975867269984917
513,93,Roma,8,2.209234563652528,0.8329131776741936,18.934010152284262,85.37694369973191,0.9712351945854484
514,94,Roma,6,2.150616347148139,0.8175737015985205,15.926782273603083,74.44108395838374,0.9556840077071291
515,95,Roma,8,2.1798537334095767,0.7882710405690239,12.017897091722595,63.40804169769173,0.9328859060402684
516,96,Roma,12,2.193982174688057,0.7315220389562458,9.008,51.30905861456484,0.8693333333333333
517,97,Roma,7,1.7815006666229536,0.6943116615357934,7.016501650165017,44.487300094073376,0.8184818481848185
518,98,Roma,7,1.7905514775079991,0.6661911229011873,5.54978354978355,37.59126365054602,0.8181818181818182
519,99,Roma,6,1.0644853116790065,0.506729126683146,2.9056603773584904,15.584415584415584,0.6352201257861635
520,100,Roma,4,0.14407912322908314,0.14765848868282946,1.103448275862069,5.083333333333334,0.22988505747126436
521,101,Roma,0,0.0,0.0,0.0,,0.06666666666666667
