radio,net,cell,lon,lat,range,samples,distance
GSM,1,52434,12.55762,41.806816,2426,2,10461
GSM,1,6731,12.646301,41.918679,6454,4,11869
GSM,1,7304,12.59836,41.937811,1605,2,9494
GSM,1,40846,12.604956,41.928689,784,2,9400
UMTS,1,98962158,12.569794,41.848905,60,3,7357
UMTS,1,98961404,12.560426,41.857252,1124,33,6242
UMTS,1,98971783,12.57081,41.849246,1378,10,7393
UMTS,1,98962185,12.524372,41.830816,16,9,7017
UMTS,1,98983240,12.524414,41.830827,9,3,7017
UMTS,1,98960940,12.474084,41.859589,244,4,3661
UMTS,1,98965906,12.471995,41.85821,5,2,3862
GSM,1,40865,12.482618,41.906051,78,15,1907
UMTS,1,98904080,12.483084,41.906242,42,8,1914
UMTS,1,98374131,12.615553,41.910582,267,4,9430
UMTS,1,98372394,12.615514,41.907139,71,2,9342
UMTS,1,98962535,12.495915,41.852452,755,24,4203
UMTS,1,98961402,12.496577,41.851866,967,37,4272
GSM,1,26008,12.600985,41.860067,14232,7,8734
GSM,1,8610,12.603493,41.953854,5219,2,10881
GSM,1,4535,12.502848,41.961723,13200,2,7996
GSM,1,39081,12.543548,41.972668,211,2,9933
GSM,1,5801,12.536834,41.988586,1870,2,11435
GSM,1,44185,12.533567,41.989665,2099,3,11482
GSM,1,5802,12.548141,41.972635,188,2,10066
GSM,1,40315,12.556399,41.963924,1809,3,9484
GSM,1,13644,12.508832,41.985281,3544,7,10649
GSM,1,40929,12.479707,41.979092,5519,3,9934
GSM,1,2172,12.536027,41.979907,1111,2,10495
UMTS,1,98960975,12.494754,41.851804,873,24,4271
UMTS,1,98959761,12.4965,41.865668,612,68,2743
UMTS,1,98959762,12.494313,41.858379,785,69,3539
GSM,1,11686,12.562479,41.948069,34,5,8284
GSM,1,38985,12.555576,41.946219,450,5,7806
UMTS,1,98373366,12.508134,41.893883,401,257,1244
UMTS,1,98369761,12.510258,41.893537,202,98,1382
UMTS,1,98373365,12.509667,41.893372,80,107,1335
UMTS,1,98376344,12.508577,41.892205,374,128,1227
UMTS,1,98371297,12.508606,41.891828,308,46,1222
UMTS,1,98371298,12.507552,41.888663,203,44,1142
UMTS,1,98370988,12.51098,41.885304,290,60,1487
UMTS,1,98370097,12.511561,41.884245,162,25,1572
UMTS,1,98370990,12.511657,41.884284,1,2,1577
UMTS,1,98370096,12.514546,41.882024,279,101,1882
UMTS,1,98371028,12.518609,41.87809,310,97,2369
UMTS,1,98371026,12.523527,41.87421,407,130,2918
UMTS,1,98369965,12.526595,41.871913,157,40,3255
UMTS,1,98369964,12.530865,41.870415,732,93,3607
UMTS,1,98764253,12.536396,41.87008,452,43,3962
UMTS,1,98764800,12.535458,41.870738,85,8,3863
UMTS,1,98764251,12.542667,41.865691,334,58,4624
UMTS,1,98765634,12.543304,41.864609,218,9,4733
GSM,1,38449,12.488456,41.800916,52,32,9931
GSM,1,38452,12.490065,41.801179,154,73,9899
GSM,1,40219,12.55503,41.947708,33,7,7915
UMTS,1,98764788,12.599922,41.85206,166,21,9042
UMTS,1,98765394,12.596262,41.853846,18,6,8709
UMTS,1,98765605,12.5967,41.852654,815,33,8800
UMTS,1,98764191,12.608495,41.838221,4128,40,10379
UMTS,1,98765613,12.591104,41.841022,37,6,9145
UMTS,1,98765615,12.587897,41.836402,723,48,9278
UMTS,1,98764192,12.578143,41.846856,747,8,7987
UMTS,1,98764547,12.567623,41.853923,160,17,6892
UMTS,1,98765426,12.560934,41.857655,738,105,6246
UMTS,1,98764440,12.559525,41.858493,777,15,6107
UMTS,1,98765427,12.553403,41.861768,165,28,5526
UMTS,1,98764439,12.548991,41.863615,127,10,5140
UMTS,1,98765425,12.549154,41.863468,378,33,5159
UMTS,1,98373418,12.534625,41.864374,832,7,4253
UMTS,1,98373419,12.527294,41.87143,11,3,3329
UMTS,1,98371524,12.514699,41.881391,294,69,1926
UMTS,1,98370083,12.515422,41.885919,414,52,1778
UMTS,1,98370095,12.515288,41.885663,120,21,1777
UMTS,1,98372216,12.514764,41.88736,51,2,1695
UMTS,1,98370077,12.51496,41.891252,202,39,1684
UMTS,1,98375924,12.515794,41.89163,57,5,1750
UMTS,1,98372852,12.506094,41.893855,374,53,1101
UMTS,1,98385232,12.506825,41.893771,396,71,1148
UMTS,1,98369762,12.507828,41.894145,430,275,1232
UMTS,1,98369759,12.509756,41.897815,518,30,1548
UMTS,1,98369823,12.509195,41.89861,41,8,1565
UMTS,1,98370961,12.506876,41.903425,148,33,1827
UMTS,1,98370825,12.50594,41.905277,286,21,1960
UMTS,1,98370824,12.504403,41.908067,90,19,2182
UMTS,1,98369961,12.503841,41.908223,37,4,2182
UMTS,1,98370852,12.503047,41.908354,33,9,2173
UMTS,1,98374452,12.496319,41.912022,250,3,2448
UMTS,1,98374440,12.493874,41.911023,135,9,2321
UMTS,1,98371140,12.491017,41.910318,199,40,2242
UMTS,1,98371144,12.486464,41.909874,463,37,2234
UMTS,1,98371339,12.487637,41.911031,631,38,2346
UMTS,1,98373549,12.493996,41.913768,307,71,2627
UMTS,1,98373547,12.496775,41.917894,383,54,3100
UMTS,1,98834848,12.497042,41.920006,142,10,3336
UMTS,1,98835246,12.495765,41.919099,35,7,3227
UMTS,1,98828791,12.494426,41.918146,199,23,3115
UMTS,1,98835245,12.495509,41.919254,127,16,3243
UMTS,1,98828790,12.495187,41.920407,74,24,3369
UMTS,1,98829669,12.49716,41.919638,171,29,3296
UMTS,1,98829611,12.494724,41.917172,106,36,3008
UMTS,1,98828792,12.491384,41.921145,120,28,3445
UMTS,1,98832121,12.491011,41.922898,137,22,3641
UMTS,1,98828523,12.491347,41.922567,61,7,3603
UMTS,1,98828867,12.489721,41.924615,194,42,3835
UMTS,1,98828868,12.486298,41.926316,90,20,4044
UMTS,1,98828866,12.486081,41.927064,61,3,4129
UMTS,1,98834845,12.48556,41.929294,182,37,4380
UMTS,1,98829666,12.487142,41.931092,125,11,4567
UMTS,1,98829664,12.490702,41.934919,771,38,4978
UMTS,1,98502712,12.491283,41.938052,107,15,5325
UMTS,1,98838568,12.492178,41.939119,52,4,5444
UMTS,1,98835244,12.498423,41.93836,889,6,5378
UMTS,1,98829549,12.493984,41.939606,8,2,5499
UMTS,1,98829873,12.501322,41.941073,1479,29,5700
UMTS,1,98830065,12.508338,41.938579,777,87,5513
UMTS,1,98835242,12.507567,41.967168,1575,11,8638
UMTS,1,98835091,12.505637,41.975925,1084,21,9589
UMTS,1,98830129,12.507478,41.980227,797,24,10079
UMTS,1,98835165,12.508385,41.983824,6,4,10484
UMTS,1,98831279,12.510378,41.989535,829,71,11132
UMTS,1,98831224,12.527244,41.982649,348,36,10608
UMTS,1,98858787,12.526926,41.983398,286,31,10683
UMTS,1,98831263,12.526813,41.987264,105,8,11099
UMTS,1,98437994,12.414456,41.820591,78,7,9659
UMTS,1,98435530,12.417351,41.822755,645,54,9337
UMTS,1,98437628,12.425786,41.832249,1078,68,8118
UMTS,1,98437626,12.438445,41.831931,908,76,7613
UMTS,1,98437865,12.446524,41.834835,707,22,7031
UMTS,1,98435257,12.458712,41.833851,1404,32,6743
UMTS,1,98436329,12.456779,41.840588,448,35,6114
UMTS,1,98436325,12.462681,41.841045,251,7,5890
UMTS,1,98435528,12.466107,41.843319,145,16,5563
UMTS,1,98445391,12.475275,41.84055,39,9,5662
UMTS,1,98438917,12.474558,41.839617,73,13,5775
UMTS,1,98435527,12.476268,41.843377,27,4,5339
UMTS,1,98436369,12.477369,41.844812,141,22,5166
UMTS,1,98435261,12.476255,41.84611,41,7,5044
UMTS,1,98437721,12.472672,41.853783,195,12,4302
UMTS,1,98437720,12.473652,41.85934,352,25,3699
UMTS,1,98435459,12.471036,41.85879,42,12,3831
UMTS,1,98441618,12.472079,41.859004,56,10,3778
UMTS,1,98436652,12.474281,41.8597,60,9,3644
UMTS,1,98436345,12.478663,41.863085,14,4,3179
UMTS,1,98436602,12.479771,41.869188,130,5,2513
UMTS,1,98435354,12.480559,41.873878,329,12,2012
UMTS,1,98436363,12.481646,41.876767,285,30,1689
UMTS,1,98436549,12.483995,41.880261,90,8,1264
UMTS,1,98436547,12.48965,41.886038,390,26,501
UMTS,1,98370967,12.494159,41.889742,264,17,143
UMTS,1,98376359,12.492949,41.89066,462,39,70
UMTS,1,98376360,12.499774,41.889434,190,4,558
UMTS,1,98379888,12.50133,41.889488,1534,24,672
UMTS,1,98376346,12.504263,41.889664,177,37,887
GSM,1,38483,12.507114,41.895889,459,7,1268
UMTS,1,98373372,12.509,41.886362,514,26,1308
UMTS,1,98379892,12.515036,41.884268,16,5,1809
UMTS,1,98370443,12.517743,41.881035,338,34,2143
UMTS,1,98369882,12.518589,41.877895,51,9,2380
UMTS,1,98764252,12.534212,41.860461,653,17,4537
UMTS,1,98369944,12.537296,41.856658,37,5,5004
UMTS,1,98379876,12.539269,41.855261,54,8,5217
UMTS,1,98772928,12.546491,41.852666,26,4,5793
UMTS,1,98764755,12.548468,41.850981,206,6,6030
UMTS,1,98775176,12.550972,41.847616,294,14,6430
UMTS,1,98765551,12.551398,41.844363,11,2,6722
UMTS,1,98765695,12.551894,41.835615,221,19,7508
UMTS,1,98769476,12.551417,41.837398,2,2,7327
UMTS,1,98765694,12.553619,41.833062,169,4,7813
UMTS,1,98765850,12.564411,41.822093,1018,29,9271
UMTS,1,98765849,12.573447,41.812465,349,33,10532
UMTS,1,98764768,12.575017,41.813965,84,14,10464
UMTS,1,98765618,12.579914,41.821935,251,18,9992
UMTS,1,98765616,12.582496,41.827955,562,17,9626
UMTS,1,98769280,12.587202,41.832707,24,4,9510
UMTS,1,98765614,12.589525,41.836161,56,5,9388
UMTS,1,98769270,12.590218,41.837721,174,20,9318
UMTS,1,98764748,12.59448,41.845088,340,3,9091
UMTS,1,98769222,12.597727,41.85207,204,16,8898
UMTS,1,98764792,12.598447,41.851445,423,5,8978
GSM,1,39426,12.483814,41.89339,597,81,726
GSM,1,39774,12.481413,41.889186,4,4,818
GSM,1,38486,12.478688,41.887212,713,12,1065
GSM,1,13643,12.525077,41.985588,227,19,10888
UMTS,1,98835090,12.522909,41.984762,10,2,10763
UMTS,1,98829525,12.506357,41.967003,140,4,8608
UMTS,1,98830243,12.508743,41.936301,4,3,5273
GSM,1,52153,12.509021,41.935552,722,25,5197
GSM,1,39079,12.508332,41.930031,134,22,4589
UMTS,1,98841048,12.50785,41.928617,464,11,4428
UMTS,1,98829822,12.506457,41.927544,91,12,4287
UMTS,1,98829824,12.504852,41.925821,5,2,4072
UMTS,1,98841050,12.502969,41.923557,23,2,3796
UMTS,1,98834846,12.500413,41.921232,290,2,3506
UMTS,1,98831248,12.497253,41.918469,12,2,3168
UMTS,1,98831250,12.496857,41.916377,124,14,2933
UMTS,1,98373548,12.497026,41.915056,176,30,2789
UMTS,1,98502358,12.482606,41.905131,29,8,1813
UMTS,1,98510864,12.483016,41.904933,35,10,1781
UMTS,1,98513050,12.483492,41.903026,61,9,1573
UMTS,1,98510852,12.48426,41.902408,11,3,1487
UMTS,1,98381939,12.488325,41.903557,471,3,1518
UMTS,1,98502657,12.484038,41.902201,3,2,1472
UMTS,1,98502658,12.483891,41.897625,376,2,1039
UMTS,1,98502659,12.480203,41.900262,82,6,1438
UMTS,1,98513051,12.479671,41.900149,89,3,1454
UMTS,1,98523308,12.476821,41.899769,166,2,1570
UMTS,1,98507542,12.473044,41.899045,43,8,1739
UMTS,1,98523309,12.467452,41.902138,562,123,2277
UMTS,1,98513047,12.468183,41.902654,63,9,2268
UMTS,1,98513049,12.464864,41.900837,380,43,2359
UMTS,1,98548278,12.459316,41.902424,437,68,2805
UMTS,1,98502667,12.464548,41.902445,6,5,2474
UMTS,1,98507475,12.465827,41.900074,500,47,2255
UMTS,1,98502379,12.458028,41.902531,323,16,2894
UMTS,1,98507231,12.45302,41.899018,372,44,3081
UMTS,1,98502004,12.450318,41.896617,506,9,3201
UMTS,1,98454211,12.486667,41.89352,54,7,561
GSM,1,1911,12.48623,41.893498,222,12,584
UMTS,1,98502668,12.481688,41.895174,144,24,966
UMTS,1,98502672,12.48314,41.894966,205,141,866
UMTS,1,98513363,12.484492,41.894276,6,5,739
UMTS,1,98373353,12.484108,41.894065,52,13,748
UMTS,1,98376392,12.487444,41.894977,350,24,645
UMTS,1,98369622,12.490241,41.894658,564,11,522
UMTS,1,98376393,12.490454,41.898779,12,3,967
UMTS,1,98376188,12.492219,41.90021,216,38,1116
UMTS,1,98373442,12.488906,41.903374,177,36,1490
UMTS,1,98373440,12.48902,41.906043,78,10,1782
UMTS,1,98379679,12.489855,41.907021,51,10,1882
UMTS,1,98379680,12.488518,41.909258,18,4,2141
UMTS,1,98370985,12.491189,41.910244,29,3,2234
UMTS,1,98369962,12.503417,41.910834,30,4,2441
UMTS,1,98373379,12.505908,41.908692,9,2,2293
UMTS,1,98371131,12.513266,41.910431,10,3,2737
UMTS,1,98370911,12.515483,41.910611,119,3,2850
UMTS,1,98376067,12.519439,41.909727,132,9,2963
UMTS,1,98376111,12.522423,41.908881,547,8,3053
UMTS,1,98370926,12.523775,41.908556,69,4,3104
UMTS,1,98370924,12.526633,41.908064,124,18,3232
UMTS,1,98370910,12.529078,41.907871,66,7,3365
UMTS,1,98376068,12.529003,41.907874,928,14,3360
UMTS,1,98370060,12.53208,41.904441,380,23,3351
UMTS,1,98370061,12.531518,41.900971,89,4,3148
UMTS,1,98379682,12.544522,41.89982,403,9,4022
UMTS,1,98371470,12.551314,41.902517,774,12,4591
UMTS,1,98379652,12.555134,41.902267,49,4,4854
UMTS,1,98373349,12.569012,41.906098,1438,20,5964
UMTS,1,98371311,12.580673,41.909092,544,8,6891
UMTS,1,98372605,12.601676,41.915901,257,14,8612
UMTS,1,98372603,12.611585,41.920985,525,53,9498
UMTS,1,98373375,12.610804,41.920269,592,65,9416
UMTS,1,98374432,12.609921,41.92571,1210,8,9588
UMTS,1,98376049,12.615341,41.914591,268,21,9532
UMTS,1,98372395,12.615366,41.899638,17,2,9198
UMTS,1,98372685,12.615066,41.892733,442,3,9119
UMTS,1,98372364,12.614083,41.888165,246,14,9044
UMTS,1,98765621,12.600431,41.862788,256,29,8584
UMTS,1,98765848,12.574757,41.814323,31,3,10420
UMTS,1,98765964,12.570896,41.811645,77,6,10501
UMTS,1,98780570,12.551058,41.801199,65,5,10813
UMTS,1,98445253,12.523722,41.795143,81,6,10823
UMTS,1,98445255,12.510597,41.7942,52,4,10760
UMTS,1,98441662,12.432773,41.803741,141,22,10580
UMTS,1,98438952,12.418424,41.80748,1595,29,10708
UMTS,1,98447831,12.399469,41.815375,1091,16,10803
UMTS,1,98448267,12.393458,41.816836,813,122,10971
UMTS,1,98448266,12.403504,41.817832,810,13,10401
UMTS,1,98441711,12.406148,41.8196,381,16,10125
UMTS,1,98442048,12.417245,41.821956,477,28,9414
UMTS,1,98437561,12.421104,41.829446,610,20,8577
UMTS,1,98437627,12.44745,41.834025,214,12,7078
UMTS,1,98445294,12.451513,41.838065,219,9,6539
UMTS,1,98435279,12.452928,41.84071,193,14,6230
UMTS,1,98437993,12.423743,41.832635,454,16,8177
UMTS,1,98437560,12.419927,41.828954,71,5,8674
UMTS,1,98371020,12.502301,41.892893,216,20,799
UMTS,1,98370084,12.502234,41.892576,248,13,782
UMTS,1,98371021,12.502401,41.891667,220,10,766
UMTS,1,98371299,12.503922,41.88874,115,21,875
UMTS,1,98370082,12.502562,41.88565,418,38,911
UMTS,1,98438329,12.452575,41.802127,179,14,10227
GSM,1,40299,12.450135,41.80141,36,5,10357
UMTS,1,98441520,12.400274,41.81129,8,2,11119
UMTS,1,98764540,12.598313,41.853821,176,9,8846
UMTS,1,98765225,12.600298,41.862365,45,2,8592
UMTS,1,98375915,12.613068,41.885671,299,2,8980
UMTS,1,98375912,12.614894,41.890753,276,17,9102
UMTS,1,98835277,12.583044,41.955539,457,23,9914
UMTS,1,98835278,12.565637,41.959315,18391,25,9424
GSM,1,13832,12.433708,41.893546,118,112,4369
UMTS,1,98504500,12.428659,41.895053,1615,29,4759
UMTS,1,98502336,12.437506,41.894426,405,35,4099
UMTS,1,98507204,12.446649,41.895752,1077,50,3449
UMTS,1,98502680,12.452003,41.898865,63,5,3147
UMTS,1,98519745,12.472456,41.896912,140,17,1655
UMTS,1,98519744,12.474865,41.896422,126,19,1471
UMTS,1,98519746,12.476364,41.895927,21,8,1347
UMTS,1,98507521,12.476833,41.894889,63,14,1264
UMTS,1,98502676,12.4794,41.894937,10,3,1096
UMTS,1,98454212,12.487217,41.893176,12,5,505
UMTS,1,98371248,12.495436,41.890245,202,24,230
GSM,1,3011,12.509381,41.892824,49,13,1300
UMTS,1,98385236,12.501601,41.895099,106,10,879
UMTS,1,98372853,12.501448,41.895092,5,2,870
UMTS,1,98510920,12.474449,41.911341,298,18,2703
UMTS,1,98501127,12.476922,41.911807,52,14,2664
UMTS,1,98507570,12.472563,41.912254,51,9,2861
UMTS,1,98501128,12.471412,41.913484,311,38,3022
UMTS,1,98501115,12.472897,41.90753,213,21,2410
UMTS,1,98502438,12.468259,41.902983,474,11,2286
UMTS,1,98502452,12.47297,41.90448,36,4,2144
UMTS,1,98501124,12.472469,41.903993,11,4,2130
UMTS,1,98501027,12.466571,41.903815,253,20,2441
UMTS,1,98501125,12.468549,41.904391,7,3,2370
UMTS,1,98501878,12.467566,41.904625,71,9,2442
UMTS,1,98500884,12.465306,41.904752,142,13,2580
UMTS,1,98503508,12.449631,41.896517,15,5,3248
UMTS,1,98503510,12.444388,41.895974,347,53,3618
UMTS,1,98502006,12.439601,41.895649,61,6,3963
UMTS,1,98501858,12.4359,41.893902,297,49,4211
UMTS,1,98507233,12.433795,41.893744,2,2,4365
UMTS,1,98764796,12.56857,41.853252,12,9,6992
UMTS,1,98764546,12.575123,41.848658,37,2,7687
UMTS,1,98829928,12.486281,41.928283,42,5,4262
UMTS,1,98371520,12.600524,41.933983,86,3,9400
UMTS,1,98371476,12.64339,41.923169,2627,277,11807
GSM,1,38629,12.61444,41.916566,374,2,9534
UMTS,1,98373377,12.604034,41.916467,491,20,8798
UMTS,1,98376087,12.537655,41.90716,329,3,3860
UMTS,1,98769223,12.599245,41.857484,268,4,8730
UMTS,1,98765606,12.599341,41.856993,15,4,8759
UMTS,1,98769212,12.600119,41.861858,10,2,8600
GSM,1,38951,12.475591,41.9869,1255,35,10830
UMTS,1,98835164,12.494636,41.988276,4546,22,10912
UMTS,1,98835092,12.51015,41.989968,131,6,11178
UMTS,1,98858788,12.520619,41.98543,469,5,10801
UMTS,1,98830248,12.544919,41.97458,128,2,10169
UMTS,1,98371487,12.574419,41.90818,69,7,6417
UMTS,1,98371282,12.573549,41.906371,256,40,6295
UMTS,1,98385223,12.574216,41.900905,223,12,6197
UMTS,1,98385220,12.57715,41.898964,359,111,6375
GSM,1,39686,12.627143,41.919297,1148,6,10525
UMTS,1,98371484,12.626876,41.924807,1139,132,10712
UMTS,1,98420608,12.640633,41.93055,1032,96,11898
GSM,1,38442,12.631313,41.931481,1694,46,11301
GSM,1,38630,12.624432,41.923253,1225,2,10480
GSM,1,4692,12.506649,41.895935,10,11,1241
UMTS,1,98371526,12.511141,41.88387,26,3,1562
GSM,1,38471,12.524985,41.877318,336,3,2814
GSM,1,39085,12.526111,41.876467,25,3,2935
GSM,1,39554,12.524515,41.877455,176,2,2777
UMTS,1,98372213,12.521771,41.8876,4,2,2204
UMTS,1,98370979,12.528786,41.892621,349,12,2721
UMTS,1,98369942,12.541472,41.892534,198,7,3659
UMTS,1,98369941,12.551483,41.890193,1204,64,4393
UMTS,1,98371074,12.561322,41.889344,664,22,5124
UMTS,1,98372252,12.576157,41.899107,263,64,6304
GSM,1,39561,12.445982,41.832195,782,50,7308
GSM,1,39563,12.446497,41.83215,468,198,7295
UMTS,1,98372607,12.638095,41.924961,2551,122,11499
UMTS,1,98376371,12.612348,41.922218,440,18,9602
UMTS,1,98373363,12.618865,41.926941,1352,16,10251
GSM,1,40099,12.525534,41.980176,7491,47,10310
UMTS,1,98371486,12.626974,41.931368,448,8,11002
UMTS,1,98371480,12.631691,41.92653,1238,26,11115
UMTS,1,98372579,12.640065,41.92408,121,9,11605
UMTS,1,98830250,12.577104,41.960064,128,9,10006
UMTS,1,98831424,12.544244,41.97395,8124,70,10085
UMTS,1,98831396,12.543749,41.972409,253,13,9913
UMTS,1,98831426,12.540203,41.968175,332,25,9377
UMTS,1,98829522,12.533896,41.965875,1582,56,8968
UMTS,1,98832111,12.525876,41.965276,1246,105,8717
UMTS,1,98834842,12.525897,41.963835,113,26,8564
UMTS,1,98831163,12.525785,41.963182,448,41,8492
UMTS,1,98831161,12.531664,41.95975,159,17,8272
UMTS,1,98831607,12.539724,41.9558,499,31,8104
UMTS,1,98831606,12.545035,41.953086,158,24,8019
UMTS,1,98834866,12.549945,41.949365,490,47,7853
UMTS,1,98831181,12.5521,41.945479,442,57,7587
UMTS,1,98831408,12.552421,41.942347,154,30,7322
UMTS,1,98831470,12.559385,41.93915,1627,9,7382
UMTS,1,98388680,12.556879,41.932651,152,13,6732
UMTS,1,98372613,12.559983,41.931662,311,16,6823
UMTS,1,98372612,12.565155,41.926227,585,37,6734
UMTS,1,98369729,12.564108,41.92551,96,12,6624
UMTS,1,98372318,12.565881,41.922683,186,14,6552
UMTS,1,98372320,12.564395,41.922523,59,10,6450
UMTS,1,98379656,12.564834,41.922973,12,3,6505
UMTS,1,98379654,12.566188,41.921622,226,22,6506
UMTS,1,98379655,12.567663,41.918181,165,6,6404
UMTS,1,98370122,12.570858,41.913822,777,20,6398
UMTS,1,98370123,12.572928,41.908626,329,32,6328
UMTS,1,98372666,12.58606,41.905784,757,3,7175
UMTS,1,98372060,12.605989,41.917327,213,20,8967
UMTS,1,98832191,12.472764,41.989765,1962,69,11172
UMTS,1,98830958,12.489763,41.985644,105,8,10620
UMTS,1,98830128,12.500059,41.988941,756,35,11000
UMTS,1,98830871,12.578847,41.958475,1530,18,9952
UMTS,1,98830870,12.584499,41.952871,7021,35,9774
UMTS,1,98372116,12.600933,41.933534,412,49,9400
UMTS,1,98369715,12.609888,41.934985,255,16,10056
UMTS,1,98369714,12.617516,41.937257,229,3,10674
UMTS,1,98370036,12.622563,41.937601,433,13,11020
UMTS,1,98370035,12.634133,41.940315,655,49,11921
UMTS,1,98373376,12.630751,41.92561,44,8,11012
UMTS,1,98372637,12.625212,41.934554,265,30,11038
UMTS,1,98372062,12.576843,41.909557,499,19,6637
UMTS,1,98372061,12.573891,41.902984,14,3,6223
UMTS,1,98372668,12.574546,41.901549,489,9,6236
UMTS,1,98371490,12.576447,41.901057,6,3,6363
UMTS,1,98372254,12.574599,41.903191,112,11,6279
UMTS,1,98371488,12.626864,41.896428,3374,4,10016
GSM,1,39103,12.647542,41.892019,2,2,11528
GSM,1,39122,12.626316,41.891804,1834,9,9952
GSM,1,3428,12.647465,41.891965,5,4,11523
GSM,1,38950,12.490788,41.985947,167,2,10653
GSM,1,39501,12.501304,41.989318,705,24,11047
GSM,1,13645,12.509308,41.990367,46,6,11215
GSM,1,43033,12.530794,41.980537,65,6,10449
GSM,1,44185,12.53934,41.975463,269,6,10109
GSM,1,39081,12.542738,41.973716,21,2,10019
GSM,1,44186,12.54158,41.971855,158,4,9794
GSM,1,44187,12.540845,41.972215,58,9,9811
UMTS,1,98870971,12.540756,41.971995,84,8,9786
UMTS,1,98830251,12.540117,41.968799,31,3,9438
GSM,1,39445,12.478465,41.877442,273,12,1750
GSM,1,13749,12.479628,41.877928,242,8,1656
GSM,1,13751,12.476728,41.879875,298,29,1629
GSM,1,13750,12.4774,41.878605,79,2,1698
GSM,1,38487,12.473603,41.884093,281,7,1546
GSM,1,23843,12.481852,41.875009,189,29,1857
GSM,1,38566,12.48012,41.856324,387,9,3872
GSM,1,38570,12.470419,41.829955,218,8,6892
GSM,1,39562,12.466899,41.8303,73,3,6921
GSM,1,38572,12.46652,41.831162,85,3,6837
GSM,1,47294,12.458379,41.895905,910,28,2600
GSM,1,38579,12.462502,41.899917,764,21,2466
GSM,1,39490,12.456519,41.896123,375,55,2740
GSM,1,39547,12.456941,41.898279,584,84,2778
GSM,1,39489,12.456505,41.896686,700,58,2757
GSM,1,47295,12.459233,41.896527,812,7,2557
GSM,1,6697,12.458314,41.895525,20,4,2595
GSM,1,38929,12.456663,41.895652,329,39,2718
GSM,1,39451,12.463019,41.89933,684,5,2403
GSM,1,38929,12.456789,41.896385,143,2,2728
GSM,1,5185,12.455445,41.897879,339,20,2870
GSM,1,4787,12.460266,41.897299,771,10,2509
GSM,1,39491,12.457617,41.894757,100,12,2628
GSM,1,5243,12.457796,41.900458,735,21,2808
GSM,1,39269,12.456485,41.898125,966,54,2805
GSM,1,39491,12.455075,41.896662,556,21,2859
GSM,1,39270,12.458008,41.901976,692,41,2867
GSM,1,38577,12.463744,41.901709,174,10,2480
GSM,1,39421,12.464117,41.902131,583,70,2482
GSM,1,5244,12.46328,41.901872,537,20,2519
GSM,1,39423,12.461772,41.902388,438,81,2645
GSM,1,5242,12.464049,41.902025,143,3,2480
GSM,1,5242,12.465168,41.902175,446,54,2419
GSM,1,4843,12.465957,41.901564,109,4,2332
GSM,1,42872,12.464273,41.90233,376,72,2484
GSM,1,11603,12.46643,41.90142,21,6,2294
GSM,1,4843,12.4649,41.902412,179,30,2450
GSM,1,16047,12.466444,41.90153,25,6,2300
GSM,1,16048,12.466445,41.901544,10,3,2301
GSM,1,11603,12.466352,41.901996,60,5,2335
GSM,1,39546,12.464267,41.902445,201,14,2491
GSM,1,5699,12.466399,41.901803,22,4,2320
GSM,1,39546,12.483252,41.888748,20310,47,692
GSM,1,39057,12.466397,41.90187,30,5,2324
GSM,1,39059,12.465006,41.902453,233,19,2446
GSM,1,4785,12.462998,41.902527,278,12,2575
GSM,1,38635,12.464806,41.902666,339,22,2471
GSM,1,5990,12.459442,41.902508,457,43,2801
GSM,1,38510,12.430065,41.813579,2387,9,9691
GSM,1,39037,12.434109,41.81538,549,4,9374
GSM,1,26083,12.463543,41.839424,386,5,6035
GSM,1,38989,12.474303,41.847961,454,3,4882
GSM,1,52643,12.478133,41.855292,167,6,4020
GSM,1,52642,12.480017,41.856632,116,16,3841
GSM,1,38429,12.481313,41.856512,14,3,3832
GSM,1,42551,12.493448,41.889214,480,16,135
GSM,1,39133,12.488027,41.884492,365,7,708
GSM,1,39135,12.484556,41.880827,3,2,1189
GSM,1,40190,12.424846,41.809894,95,2,10237
GSM,1,26120,12.399975,41.801838,2329,4,11979
GSM,1,4840,12.372248,41.862103,646,3,9446
GSM,1,26083,12.454663,41.851648,861,7,5116
GSM,1,42845,12.509638,41.821555,3133,14,7739
GSM,1,38622,12.499854,41.818464,997,3,7995
GSM,1,51704,12.468887,41.817105,2638,4,8311
UMTS,1,99007076,12.59946,41.881375,1260,2,8015
UMTS,1,98961870,12.58549,41.876947,3,2,7072
UMTS,1,98835243,12.517801,41.949072,200,3,6819
UMTS,1,98833873,12.50012,41.921577,2,2,3540
UMTS,1,98838423,12.518665,41.948396,581,4,6765
UMTS,1,98829919,12.520631,41.947512,391,2,6715
GSM,1,42554,12.516907,41.950216,800,10,6923
GSM,1,38451,12.47002,41.797459,2184,3,10444
GSM,1,52928,12.506553,41.815083,2917,5,8418
GSM,1,4396,12.508316,41.873805,224,3,2173
GSM,1,7798,12.386731,41.88384,2104,2,7873
UMTS,1,98850851,12.434785,41.933428,15252,505,6436
GSM,1,38623,12.497133,41.814711,71,9,8400
GSM,1,39119,12.50622,41.80108,1757,3,9962
UMTS,1,98513055,12.439044,41.970626,1,3,9785
GSM,1,42501,12.559268,41.983365,2,2,11497
UMTS,1,98369879,12.516793,41.880274,6933,66,2124
UMTS,1,98965889,12.591291,41.820122,1352,3,10707
UMTS,1,98371468,12.556696,41.908225,6,2,5185
UMTS,1,98371468,12.556999,41.90805,3,2,5198
UMTS,1,98501121,12.423441,41.8926,0,2,5123
UMTS,1,98850848,12.493975,41.994928,39,9,11652
UMTS,1,98964267,12.58006,41.865261,1057,4,7078
UMTS,1,98372784,12.531109,41.881711,67,13,3029
UMTS,1,98369935,12.529981,41.879838,246,2,3022
UMTS,1,98369871,12.531039,41.881776,60,6,3022
UMTS,1,98505208,12.413536,41.9243,157,7,6976
UMTS,1,98900644,12.460224,41.877314,16,10,2780
UMTS,1,98962008,12.479411,41.857594,2708,6,3748
UMTS,1,98420108,12.528646,41.877857,55,11,3024
UMTS,1,98372078,12.528638,41.877881,3,4,3022
UMTS,1,98899114,12.486992,41.902593,385,4,1437
UMTS,1,98915787,12.488267,41.903032,285,4,1461
UMTS,1,98982463,12.630671,41.862264,1535,12,10730
UMTS,1,98962005,12.625613,41.851639,177,2,10783
UMTS,1,98962007,12.626103,41.833674,1539,6,11750
UMTS,1,98846528,12.501497,41.918086,17,5,3178
UMTS,1,98895256,12.503505,41.88809,374,5,861
UMTS,1,98895812,12.51274,41.880736,920,4,1843
UMTS,1,98369873,12.526305,41.877858,425,15,2870
UMTS,1,98960859,12.547797,41.866205,286,4,4905
UMTS,1,98961406,12.544977,41.8672,0,2,4670
UMTS,1,98900252,12.478723,41.879593,1197,5,1551
UMTS,1,98900458,12.474454,41.881532,427,2,1638
UMTS,1,98379683,12.527716,41.894884,836,5,2679
UMTS,1,98894038,12.502291,41.907411,775,4,2055
UMTS,1,98370219,12.526154,41.928189,17043,5,4918
UMTS,1,98895801,12.530961,41.881818,62,3,3015
UMTS,1,98379626,12.541638,41.892664,59,2,3672
UMTS,1,98894364,12.521339,41.893528,452,6,2186
UMTS,1,98900208,12.526009,41.89332,31,3,2525
UMTS,1,98500826,12.425415,41.900037,871,11,5089
UMTS,1,98518955,12.427138,41.892184,1,3,4846
UMTS,1,98897712,12.490525,41.859149,4251,3,3453
UMTS,1,98895300,12.487386,41.883059,2023,26,872
UMTS,1,98894372,12.500397,41.885523,1575,11,791
UMTS,1,98903750,12.507656,41.908665,0,2,2350
UMTS,1,98501138,12.423997,41.892455,17,2,5081
UMTS,1,98372188,12.485157,41.896917,498,4,920
GSM,1,44664,12.389415,41.820873,882,2,10851
UMTS,1,98900445,12.511181,41.905897,570,2,2240
UMTS,1,98903663,12.50778,41.902298,167,2,1770
UMTS,1,98898716,12.507415,41.900756,306,4,1625
UMTS,1,98904009,12.462065,41.882899,105,4,2388
GSM,1,38502,12.491409,41.892265,289,2,242
UMTS,1,98838401,12.515238,41.9356,29,2,5331
UMTS,1,98963883,12.5926,41.858536,842,24,8234
GSM,1,4537,12.598961,41.858952,3795,10,8644
UMTS,1,98966286,12.617628,41.867909,1859,7,9627
UMTS,1,98829644,12.515131,41.935686,4,2,5338
UMTS,1,98445017,12.416655,41.818004,164,3,9796
UMTS,1,98838426,12.560901,41.945002,87,16,7946
UMTS,1,98899496,12.514771,41.892131,305,5,1680
UMTS,1,98897653,12.511487,41.89442,308,4,1499
UMTS,1,98962457,12.580604,41.811539,1348,16,10927
UMTS,1,98895115,12.482246,41.875681,262,3,1777
UMTS,1,98900456,12.48169,41.876813,266,2,1683
UMTS,1,98894237,12.476528,41.885883,632,3,1266
UMTS,1,98500683,12.462905,41.947073,655,5,6695
UMTS,1,98500937,12.467772,41.94815,2,2,6701
UMTS,1,98379688,12.57286,41.923363,279,4,7029
UMTS,1,98961116,12.486027,41.824869,609,2,7278
UMTS,1,98372684,12.611458,41.899859,19,2,8913
UMTS,1,98906268,12.471383,41.910272,5,4,2723
UMTS,1,98503136,12.391046,41.884806,647,26,7545
UMTS,1,98966284,12.629673,41.873804,96,2,10359
UMTS,1,98370782,12.564181,41.884716,31,2,5370
GSM,1,39166,12.450163,41.907898,95,2,3701
UMTS,1,98829665,12.490195,41.926832,3,2,4080
UMTS,1,98830066,12.513464,41.929407,1,3,4637
UMTS,1,98503731,12.394687,41.905359,351,4,7446
GSM,1,6895,12.401197,41.911565,179,2,7175
UMTS,1,98507205,12.421349,41.912479,1182,2,5827
UMTS,1,98510416,12.421267,41.925865,10,4,6605
UMTS,1,98838418,12.514911,41.927765,249,3,4505
UMTS,1,98829702,12.514857,41.927704,222,3,4497
UMTS,1,98832095,12.518516,41.924369,277,5,4272
GSM,1,43041,12.517572,41.923234,311,3,4127
UMTS,1,98506259,12.426081,41.895563,62,10,4956
UMTS,1,98500830,12.425927,41.895282,8,5,4964
UMTS,1,98503269,12.4221,41.90307,52,2,5410
UMTS,1,98505209,12.410485,41.912347,817,3,6560
GSM,1,39998,12.389207,41.90327,4475,7,7796
UMTS,1,98507577,12.392573,41.904298,113,2,7574
UMTS,1,98507244,12.391103,41.901854,96,7,7630
UMTS,1,98523502,12.391266,41.901688,211,15,7615
GSM,1,7335,12.565112,41.831108,2120,12,8505
UMTS,1,98961408,12.530014,41.868767,108,2,3673
UMTS,1,98374813,12.540807,41.893801,534,4,3622
UMTS,1,98965887,12.491472,41.828599,47,5,6848
UMTS,1,98900693,12.460898,41.898515,132,7,2512
UMTS,1,98895657,12.461913,41.898129,335,12,2426
UMTS,1,98895608,12.499055,41.874257,200,2,1839
UMTS,1,98966210,12.501826,41.862803,444,2,3124
UMTS,1,98944401,12.460243,41.897156,18,2,2506
GSM,1,4258,12.515056,41.911085,2,5,2873
GSM,1,40161,12.514917,41.910941,4,3,2854
GSM,1,11680,12.514898,41.910947,1,2,2854
GSM,1,7796,12.387202,41.912191,991,3,8184
UMTS,1,98895504,12.459935,41.913206,34,10,3514
GSM,1,5309,12.332766,41.884379,1593,2,11867
GSM,1,38979,12.487967,41.905083,534,2,1689
UMTS,1,98908364,12.477041,41.907013,20,7,2190
UMTS,1,98908366,12.476956,41.906885,17,2,2181
UMTS,1,98543309,12.391679,41.900958,136,2,7571
UMTS,1,98832107,12.532935,41.94939,536,8,7244
UMTS,1,98832108,12.534517,41.94666,308,9,7021
UMTS,1,98503526,12.38625,41.903161,330,2,8010
UMTS,1,98500903,12.391973,41.903862,170,4,7608
UMTS,1,98507207,12.419646,41.92773,1,2,6827
UMTS,1,98838400,12.515209,41.939136,445,12,5705
UMTS,1,98829643,12.515617,41.940486,389,4,5857
UMTS,1,98831503,12.516978,41.943912,15,2,6251
UMTS,1,98829916,12.517325,41.943859,24,5,6253
UMTS,1,98895607,12.505862,41.880484,116,5,1473
UMTS,1,98376000,12.55506,41.877585,6,3,4863
UMTS,1,98369869,12.556458,41.878491,467,5,4936
UMTS,1,98895851,12.505427,41.880817,98,5,1424
UMTS,1,98975036,12.478388,41.850893,13,4,4489
UMTS,1,98894242,12.457643,41.907662,304,3,3228
UMTS,1,98503527,12.391046,41.901745,39,4,7632
UMTS,1,98440355,12.441683,41.813835,16,4,9285
UMTS,1,98374431,12.618806,41.937674,16,4,10780
GSM,1,52522,12.607679,41.832017,1105,12,10730
UMTS,1,98960673,12.448707,41.815947,14918,56,8867
UMTS,1,98507578,12.394951,41.909948,3,4,7560
UMTS,1,98453251,12.441713,41.813838,1,2,9284
UMTS,1,98833673,12.532616,41.954366,52,6,7742
UMTS,1,98973662,12.479677,41.846615,275,5,4935
UMTS,1,98960924,12.489735,41.855402,1316,8,3872
UMTS,1,98829831,12.504398,41.919924,5,5,3428
UMTS,1,98977256,12.514944,41.805867,6566,7,9525
UMTS,1,98977175,12.520735,41.804857,6242,9,9720
UMTS,1,98982827,12.580612,41.82552,1518,12,9728
UMTS,1,98369885,12.539092,41.881872,0,3,3593
UMTS,1,99028448,12.453999,41.826913,20,2,7589
UMTS,1,99002722,12.633491,41.866803,4350,16,10798
UMTS,1,98835020,12.504242,41.909944,29,2,2370
UMTS,1,98832100,12.502148,41.909721,154,3,2293
UMTS,1,98373350,12.562112,41.887685,955,71,5189
UMTS,1,98895320,12.516401,41.900397,11,2,2118
UMTS,1,98916005,12.484564,41.902842,289,2,1522
UMTS,1,98916006,12.481079,41.899419,416,5,1325
UMTS,1,98908157,12.483483,41.902315,85,3,1501
UMTS,1,98894384,12.513554,41.880951,527,5,1880
UMTS,1,98961937,12.631402,41.866652,16,3,10652
UMTS,1,98964027,12.632555,41.867805,368,20,10704
UMTS,1,98966285,12.631606,41.867824,190,2,10635
UMTS,1,98507239,12.461236,41.928955,198,6,4893
UMTS,1,98507243,12.392508,41.902678,40,2,7543
UMTS,1,99031872,12.419638,41.825811,299,12,8964
UMTS,1,99037653,12.453273,41.839706,3345,122,6317
UMTS,1,98961842,12.487206,41.855954,236,9,3825
UMTS,1,98960800,12.57757,41.848786,57,4,7825
UMTS,1,98982270,12.575308,41.854166,4916,6,7347
UMTS,1,98961357,12.577082,41.844852,11565,14,8061
UMTS,1,98983148,12.60531,41.880924,1599,3,8452
UMTS,1,98900466,12.503104,41.909926,27,4,2338
UMTS,1,98438129,12.432222,41.796842,5561,152,11298
UMTS,1,98959543,12.484183,41.850219,2473,92,4484
UMTS,1,98961197,12.565253,41.862167,626,14,6246
UMTS,1,98963223,12.566524,41.861521,1303,24,6363
UMTS,1,98962229,12.606144,41.862217,2,4,9004
UMTS,1,98969555,12.453884,41.852611,15,7,5059
GSM,1,52644,12.451844,41.852263,262,5,5178
UMTS,1,98965908,12.452246,41.852781,402,3,5113
UMTS,1,98966283,12.448295,41.839228,1364,2,6541
GSM,1,39533,12.452978,41.852676,145,5,5092
UMTS,1,99025102,12.454229,41.853578,215,2,4956
UMTS,1,98897713,12.453885,41.852694,39,4,5052
UMTS,1,99031846,12.443456,41.862717,467,8,4742
UMTS,1,99026379,12.443171,41.862467,75,4,4776
GSM,1,42522,12.442493,41.860672,486,5,4945
UMTS,1,98895823,12.443186,41.859274,12,5,5012
UMTS,1,98895590,12.443156,41.859284,4,2,5013
UMTS,1,98896501,12.530092,41.883117,518,8,2911
UMTS,1,99162820,12.453795,41.933729,18,4,5627
UMTS,1,99170292,12.453588,41.933708,33,4,5633
UMTS,1,99157274,12.45406,41.934065,126,4,5649
UMTS,1,99170293,12.454664,41.934484,116,3,5667
UMTS,1,99162821,12.454707,41.934403,128,5,5658
UMTS,1,99157660,12.446071,41.91064,16,5,4121
GSM,1,19444,12.47956,41.854737,209,2,4053
UMTS,1,98895310,12.492722,41.889649,551,7,65
UMTS,1,98961843,12.489278,41.851715,106,4,4283
UMTS,1,98962266,12.496807,41.872529,121,4,1990
UMTS,1,98904184,12.501434,41.887268,1569,6,749
UMTS,1,98895587,12.504316,41.889412,162,6,894
UMTS,1,98895586,12.508092,41.887501,26,2,1207
UMTS,1,98895276,12.508981,41.886775,188,6,1292
UMTS,1,98894383,12.513532,41.888059,122,2,1591
UMTS,1,98894365,12.512739,41.89437,1025,15,1585
UMTS,1,98379627,12.529103,41.897414,583,5,2847
UMTS,1,98391955,12.533914,41.908308,21,3,3689
UMTS,1,98829721,12.525417,41.931043,52,2,5167
UMTS,1,98838042,12.515532,41.939224,96,2,5721
UMTS,1,99157557,12.484462,41.93995,89,2,5567
UMTS,1,98524694,12.470511,41.940909,107,2,5871
UMTS,1,99159277,12.457914,41.939243,30,2,6027
UMTS,1,98503028,12.42248,41.912715,394,5,5762
UMTS,1,98503819,12.42172,41.912909,29,2,5822
UMTS,1,98551677,12.422511,41.911716,0,2,5713
GSM,1,40174,12.435174,41.909759,4,3,4771
UMTS,1,76824065,12.412639,41.922863,11,4,6947
UMTS,1,76824067,12.412671,41.922848,0,2,6944
UMTS,1,98963232,12.511553,41.842748,20,3,5464
GSM,1,39389,12.517287,41.880096,108,2,2165
UMTS,1,98983101,12.631951,41.8667,16,6,10690
UMTS,1,98895308,12.501385,41.893489,22,3,766
UMTS,1,98895528,12.501423,41.89388,82,4,791
UMTS,1,98369934,12.531271,41.881874,17,8,3035
UMTS,1,99035057,12.420996,41.804128,1131,2,10936
UMTS,1,99037655,12.401485,41.808595,1508,5,11303
UMTS,1,99028776,12.418233,41.808148,4312,20,10652
UMTS,1,99031873,12.441692,41.895722,9818,2,3811
UMTS,1,99025355,12.464701,41.841875,5156,17,5750
UMTS,1,98960976,12.489037,41.856874,84,3,3711
UMTS,1,98371283,12.565061,41.913144,8,4,5976
UMTS,1,98961935,12.6314,41.865795,293,6,10675
UMTS,1,98505991,12.432087,41.898751,101,2,4575
UMTS,1,98505989,12.438653,41.900787,108,12,4157
UMTS,1,98742095,12.455074,41.785813,8230,35,11932
UMTS,1,98371519,12.607209,41.926745,1973,5,9454
UMTS,1,98897734,12.463259,41.907287,8,3,2878
UMTS,1,98895156,12.463327,41.907343,0,2,2878
UMTS,1,98391590,12.538154,41.908575,13,3,3971
UMTS,1,98907855,12.500074,41.896508,348,4,909
UMTS,1,98899497,12.506907,41.896601,454,5,1297
UMTS,1,98369877,12.521741,41.881848,218,3,2372
UMTS,1,98371471,12.556387,41.889082,1529,49,4758
UMTS,1,98371252,12.5617,41.887532,651,14,5160
UMTS,1,98369931,12.556094,41.883383,730,21,4794
UMTS,1,98387828,12.556129,41.886304,683,3,4757
GSM,1,42563,12.564438,41.865168,2579,13,6033
GSM,1,39039,12.43903,41.812446,1082,2,9507
UMTS,1,98387901,12.53915,41.89076,800,40,3477
UMTS,1,98370865,12.538917,41.890791,17,20,3460
UMTS,1,98369886,12.5389,41.890741,16,7,3459
UMTS,1,98372713,12.561893,41.887359,16,5,5175
UMTS,1,98383833,12.555621,41.882608,235,13,4774
UMTS,1,98379158,12.555284,41.883181,174,3,4739
UMTS,1,98391593,12.550905,41.89122,82,2,4351
UMTS,1,98369868,12.556255,41.88281,1,3,4817
UMTS,1,98383852,12.531349,41.882302,61,3,3026
UMTS,1,98834865,12.560728,41.946312,2,4,8051
GSM,1,39161,12.370453,41.864195,483,7,9499
UMTS,1,99027144,12.445878,41.812754,1135,5,9275
UMTS,1,98894047,12.503948,41.899878,10,6,1381
UMTS,1,98897652,12.506623,41.900116,351,5,1532
UMTS,1,98507525,12.335114,41.900464,1895,30,11733
UMTS,1,98500689,12.340447,41.909095,5,2,11476
UMTS,1,98895824,12.441593,41.872836,50,6,4232
UMTS,1,98504503,12.400802,41.957105,62,3,10084
UMTS,1,98965867,12.622054,41.863789,3732,27,10068
UMTS,1,2973972,12.516853,41.871831,153,8,2734
UMTS,1,2980005,12.521219,41.872226,615,45,2930
UMTS,1,2980015,12.52213,41.872783,55,3,2938
UMTS,1,2980049,12.517051,41.871251,113,8,2792
UMTS,1,2983218,12.451487,41.826602,42,3,7693
UMTS,1,2983226,12.45017,41.825558,69,2,7838
UMTS,1,2091788,12.487499,41.900087,8,2,1159
UMTS,1,2987729,12.487551,41.900129,8,3,1162
UMTS,1,2716492,12.631253,41.866789,9,2,10637
UMTS,1,3003146,12.483783,41.842817,59,7,5305
UMTS,1,2651267,12.631586,41.866465,5,2,10670
UMTS,1,2880422,12.631765,41.866955,52,2,10670
UMTS,1,3007240,12.528796,41.933439,32,5,5522
UMTS,1,3010015,12.457256,41.842587,6630,3,5898
UMTS,1,3010019,12.446402,41.871299,16,5,4004
UMTS,1,3010026,12.446415,41.871055,44,7,4018
UMTS,1,2787710,12.4466,41.864289,766,2,4451
UMTS,1,3010225,12.443401,41.85362,512,5,5452
UMTS,1,2596530,12.574215,41.821896,1240,2,9726
UMTS,1,3010440,12.515538,41.871399,43,2,2707
UMTS,1,3010448,12.515457,41.871257,23,2,2715
UMTS,1,3010529,12.587088,41.835977,5,3,9263
UMTS,1,3020568,12.589246,41.855404,17,5,8168
UMTS,1,3025315,12.520064,41.876605,43,5,2553
UMTS,1,3030984,12.576989,41.868951,43,10,6714
UMTS,1,3040643,12.599294,41.832531,2,5,10204
UMTS,1,3043233,12.526834,41.871901,26,2,3270
UMTS,1,3043900,12.587957,41.869163,1,2,7475
UMTS,1,98369943,12.521907,41.873904,46,3,2845
UMTS,1,76801026,12.446324,41.964163,2,2,8911
UMTS,1,98960905,12.589316,41.868446,8,2,7595
UMTS,1,98960932,12.483028,41.842902,84,3,5302
UMTS,1,98898736,12.496047,41.913596,2,4,2619
UMTS,1,98851230,12.572579,41.95029,6186,22,8959
UMTS,1,98894331,12.478172,41.904049,96,4,1867
UMTS,1,98897092,12.460805,41.919284,53,17,3996
UMTS,1,98912012,12.460823,41.91922,11,8,3989
UMTS,1,98898829,12.460803,41.919182,7,7,3987
UMTS,1,99030069,12.454617,41.829823,3548,3,7272
UMTS,1,98897836,12.495965,41.913591,72,14,2618
UMTS,1,98963959,12.582808,41.831312,465,8,9378
UMTS,1,98981753,12.588857,41.83546,369,7,9400
UMTS,1,98965888,12.582539,41.829864,579,18,9477
UMTS,1,98962456,12.576907,41.817356,348,18,10246
UMTS,1,98962572,12.563791,41.807895,986,9,10576
UMTS,1,98962422,12.55466,41.803029,405,6,10739
UMTS,1,98961828,12.55885,41.798431,1611,3,11335
UMTS,1,98961949,12.527579,41.795825,660,13,10814
UMTS,1,98966198,12.519228,41.801428,3708,19,10070
UMTS,1,98973672,12.479016,41.796825,2278,23,10429
UMTS,1,99047089,12.46236,41.814625,419,2,8692
UMTS,1,98459152,12.44161,41.853825,176,6,5524
UMTS,1,98459150,12.441655,41.854123,263,7,5498
GSM,1,39561,12.44872,41.85196,2,2,5342
UMTS,1,98960972,12.489652,41.86068,21,6,3286
UMTS,1,98838066,12.564002,41.943244,1,4,7950
GSM,1,7324,12.372846,41.948188,4,2,10975
GSM,1,7096,12.589033,41.892416,453,13,7186
GSM,1,39082,12.554983,41.970062,448,2,10031
UMTS,1,99027947,12.428043,41.843143,3,4,7080
UMTS,1,98900604,12.472787,41.933354,448,9,5017
GSM,1,39077,12.505829,41.939388,326,13,5565
GSM,1,42555,12.508702,41.945083,1088,16,6227
GSM,1,39527,12.499496,41.939935,776,7,5560
GSM,1,40854,12.494201,41.939653,278,7,5505
GSM,1,40914,12.513821,41.944579,909,30,6258
GSM,1,43194,12.5094,41.937611,59,3,5426
GSM,1,40915,12.514501,41.946676,416,50,6496
GSM,1,40913,12.516472,41.947032,155,57,6573
GSM,1,42553,12.518744,41.955113,344,9,7484
GSM,1,4420,12.528894,41.951305,1738,33,7322
GSM,1,38418,12.536523,41.947346,21,2,7156
GSM,1,40069,12.536183,41.944616,407,10,6876
GSM,1,3460,12.53146,41.9342,226,2,5694
GSM,1,26006,12.533765,41.935274,5,3,5885
GSM,1,3461,12.524409,41.927779,3,6,4814
GSM,1,43042,12.499352,41.908054,2012,45,2056
GSM,1,39427,12.480001,41.889669,341,3,917
GSM,1,9153,12.460889,41.91938,99,9,4001
GSM,1,1955,12.509604,41.935832,32,5,5238
UMTS,1,98500690,12.389685,41.945259,115,5,9783
UMTS,1,99158639,12.459945,41.995491,4103,5,11958
GSM,1,38951,12.452544,41.994255,3925,7,11948
UMTS,1,99157387,12.463565,41.940513,76,2,5993
GSM,1,19416,12.455145,41.936984,294,2,5894
GSM,1,39089,12.575151,41.886697,196,20,6162
GSM,1,42865,12.475393,41.935776,29,7,5226
GSM,1,43186,12.457493,41.93122,6295,5,5248
UMTS,1,98965878,12.594944,41.836283,3705,60,9692
UMTS,1,98994875,12.508904,41.825687,464,7,7277
UMTS,1,98895536,12.494799,41.890095,401,3,183
UMTS,1,98895251,12.474956,41.934782,480,15,5126
UMTS,1,98962432,12.548652,41.795436,2327,5,11335
UMTS,1,98981314,12.614026,41.844752,3855,27,10350
UMTS,1,98964576,12.623274,41.831833,5265,204,11686
UMTS,1,98975054,12.626048,41.831172,58,48,11898
UMTS,1,98797268,12.62456,41.830029,4386,69,11877
UMTS,1,98969067,12.480568,41.820413,600,8,7808
UMTS,1,99027696,12.498292,41.819543,2305,6,7868
UMTS,1,98963246,12.599088,41.816405,23,4,11405
UMTS,1,98977178,12.553894,41.799659,3122,8,11055
UMTS,1,99156294,12.46505,41.962437,1,2,8289
UMTS,1,98895556,12.480854,41.896359,26,3,1095
UMTS,1,98895311,12.481856,41.896542,17,2,1052
UMTS,1,99031604,12.455549,41.830629,62,10,7163
UMTS,1,98911868,12.460688,41.89675,7,5,2461
UMTS,1,98982464,12.629314,41.858931,386,92,10747
UMTS,1,98966172,12.63041,41.857737,2993,29,10867
UMTS,1,98962383,12.630491,41.858541,2744,56,10844
UMTS,1,98969021,12.587869,41.835187,1972,21,9364
UMTS,1,99028153,12.516492,41.82356,7235,2,7623
UMTS,1,98372291,12.51716,41.870667,17,2,2847
GSM,1,38575,12.510739,41.868973,867,3,2725
UMTS,1,98969541,12.541462,41.794485,5180,7,11250
GSM,1,6529,12.5981,41.831122,24,2,10235
UMTS,1,98964581,12.593845,41.842731,1332,3,9199
UMTS,1,99162936,12.399569,41.909194,544,4,7207
UMTS,1,99174117,12.478787,41.94437,10,2,6111
UMTS,1,99156263,12.393774,41.906228,37,2,7535
UMTS,1,99198669,12.392963,41.902304,410,16,7502
UMTS,1,98961405,12.571383,41.856906,787,16,6938
UMTS,1,98960798,12.582287,41.855065,542,6,7736
UMTS,1,98965832,12.582485,41.877314,1172,53,6845
UMTS,1,98975051,12.625621,41.851296,223,2,10798
GSM,1,6371,12.630139,41.863407,672,2,10656
UMTS,1,98961363,12.558474,41.850317,118,5,6615
UMTS,1,98371288,12.547771,41.905377,198,10,4451
UMTS,1,99011051,12.624278,41.830367,729,4,11838
UMTS,1,99166205,12.412319,41.908732,22,6,6291
GSM,1,9208,12.611742,41.919488,757,4,9451
GSM,1,9207,12.61556,41.911019,525,3,9442
GSM,1,39121,12.620968,41.907701,986,10,9751
GSM,1,32559,12.61584,41.901493,1035,2,9259
GSM,1,39123,12.601149,41.893192,976,9,8088
GSM,1,7095,12.594129,41.893837,75,2,7571
GSM,1,152,12.579085,41.88892,1219,8,6444
GSM,1,40170,12.625856,41.831216,25,5,11883
UMTS,1,98977173,12.556404,41.866809,6991,328,5420
GSM,1,39091,12.5664,41.871507,1569,40,5878
GSM,1,38446,12.58722,41.846493,986,6,8557
UMTS,1,98965876,12.593925,41.847462,629,17,8913
GSM,1,40171,12.593612,41.848775,1894,51,8816
GSM,1,11660,12.564139,41.852779,264,3,6761
UMTS,1,98963225,12.559359,41.860382,2936,17,5978
UMTS,1,98969535,12.534098,41.876469,3300,21,3455
GSM,1,34516,12.625424,41.829936,1445,11,11936
UMTS,1,98982268,12.587962,41.847735,3657,7,8525
UMTS,1,98961355,12.57889,41.858482,2797,28,7329
UMTS,1,98965840,12.579733,41.873089,1510,71,6762
UMTS,1,98961836,12.582632,41.873337,8731,20,6961
UMTS,1,98965852,12.590695,41.881263,622,8,7371
UMTS,1,98963717,12.586479,41.876999,488,11,7143
UMTS,1,98962216,12.592405,41.882451,256,15,7481
UMTS,1,98965848,12.589849,41.886149,1159,9,7255
UMTS,1,98962215,12.590855,41.88793,562,15,7321
UMTS,1,98372056,12.591386,41.89784,206,4,7406
UMTS,1,98961132,12.588953,41.907057,203,6,7418
UMTS,1,98961135,12.58813,41.909413,21,2,7430
UMTS,1,98977730,12.586563,41.91224,1210,19,7417
UMTS,1,98961884,12.590107,41.914441,318,11,7748
UMTS,1,98376372,12.588911,41.919255,434,5,7870
UMTS,1,98383844,12.588372,41.922602,1122,15,7994
UMTS,1,98383842,12.585995,41.930235,883,38,8263
UMTS,1,98374546,12.57724,41.939292,523,13,8345
UMTS,1,98374547,12.573378,41.941865,517,13,8326
UMTS,1,98846312,12.56917,41.945576,616,56,8400
UMTS,1,98832928,12.569363,41.945278,508,77,8386
UMTS,1,98850876,12.569979,41.944737,11001,87,8373
UMTS,1,98830869,12.580527,41.956323,1011,16,9853
GSM,1,7308,12.568816,41.944151,1244,10,8267
GSM,1,40169,12.605926,41.871628,4406,3,8683
GSM,1,3019,12.624142,41.829103,2379,28,11910
GSM,1,5216,12.624212,41.831342,297,3,11774
UMTS,1,98983460,12.56619,41.853417,17,4,6839
UMTS,1,99174279,12.438541,41.896613,445,8,4058
UMTS,1,99157218,12.439578,41.898255,20,5,4019
UMTS,1,99157696,12.433498,41.891884,872,23,4373
GSM,1,24712,12.554543,41.865791,386,33,5356
UMTS,1,98961834,12.585358,41.854344,1550,7,7973
UMTS,1,98961400,12.591712,41.848402,4018,36,8718
UMTS,1,98961150,12.602828,41.848146,17,2,9441
UMTS,1,3000973,12.554086,41.947382,1533,160,7845
GSM,1,4632,12.571303,41.95196,24,4,9037
UMTS,1,3002382,12.582468,41.952971,1180,131,9677
UMTS,1,3001841,12.59726,41.93599,1209,125,9313
UMTS,1,3005503,12.550328,41.944251,1992,102,7399
UMTS,1,3002942,12.599329,41.934182,792,84,9335
GSM,1,50563,12.592089,41.945029,447,29,9600
GSM,1,2582,12.588055,41.950169,226,17,9753
UMTS,1,3005502,12.573146,41.954162,1467,164,9312
GSM,1,50562,12.595108,41.941176,61,5,9513
GSM,1,13821,12.540763,41.939565,152,19,6567
UMTS,1,3000972,12.527997,41.942442,2016,266,6389
UMTS,1,3001013,12.501465,41.939705,457,47,5550
UMTS,1,3002572,12.49558,41.940106,64,8,5559
UMTS,1,3007691,12.477012,41.94013,1634,143,5671
UMTS,1,3001881,12.426958,41.937878,255,27,7193
GSM,1,3309,12.430614,41.937049,97,11,6943
UMTS,1,3000881,12.415953,41.952209,2269,258,8934
GSM,1,6992,12.408526,41.969609,147,15,10810
UMTS,1,3000231,12.406905,41.968587,679,42,10787
GSM,1,2585,12.419994,41.973483,391,12,10713
GSM,1,2584,12.429712,41.978765,744,11,10897
UMTS,1,3002443,12.43446,41.980308,341,6,10909
GSM,1,10218,12.44466,41.981951,311,21,10805
UMTS,1,3000043,12.461788,41.982959,1189,65,10567
GSM,1,50522,12.466473,41.992806,871,52,11576
GSM,1,15679,12.50526,41.906906,85,9,2094
GSM,1,1288,12.50481,41.907912,34,5,2179
GSM,1,1316,12.502568,41.909803,168,16,2311
UMTS,1,3000543,12.506026,41.912479,104,10,2681
UMTS,1,3000542,12.511578,41.916279,624,39,3236
UMTS,1,3003372,12.512886,41.917186,209,16,3370
UMTS,1,3002692,12.529848,41.931039,1610,84,5331
UMTS,1,3001381,12.504506,41.911433,75,8,2531
UMTS,1,3003181,12.528934,41.930835,1544,18,5277
UMTS,1,3000214,12.530631,41.932238,1365,104,5476
UMTS,1,3000673,12.526925,41.924005,1159,84,4556
GSM,1,1433,12.52982,41.93304,484,55,5521
GSM,1,6649,12.536673,41.936308,506,55,6098
UMTS,1,3001503,12.527332,41.930333,503,29,5168
UMTS,1,98966176,12.623198,41.859655,2582,353,10291
UMTS,1,3001501,12.539006,41.93397,634,43,5979
UMTS,1,3000671,12.541035,41.938545,11,2,6484
UMTS,1,3002133,12.533264,41.934251,969,29,5769
UMTS,1,3000211,12.530051,41.932048,459,10,5435
UMTS,1,3002723,12.528021,41.931838,215,16,5339
UMTS,1,3000212,12.526922,41.922477,554,89,4417
UMTS,1,3001552,12.525655,41.91827,30,4,3986
UMTS,1,3000493,12.528128,41.927647,73,9,4944
UMTS,1,3002542,12.521856,41.934147,544,31,5360
UMTS,1,3002541,12.532984,41.941115,258,23,6420
UMTS,1,3002603,12.532913,41.938928,89,9,6204
UMTS,1,3000401,12.537293,41.934251,58,7,5932
UMTS,1,98960906,12.590298,41.865317,123,6,7781
UMTS,1,98900757,12.476723,41.899167,156,5,1531
UMTS,1,98916523,12.484585,41.912611,747,6,2561
UMTS,1,98966339,12.582666,41.83154,24,4,9353
GSM,1,3027,12.624217,41.828855,147,2,11930
UMTS,1,98960890,12.477688,41.880579,1549,2,1523
UMTS,1,98977160,12.483597,41.869838,843,12,2352
UMTS,1,98962009,12.477489,41.856524,502,2,3901
UMTS,1,99011052,12.607928,41.834248,470,2,10597
UMTS,1,98969020,12.575004,41.84659,3065,34,7820
UMTS,1,98961051,12.552871,41.86157,793,117,5506
UMTS,1,99158638,12.48725,41.991643,11,24,11292
UMTS,1,99002723,12.625573,41.860814,588,20,10417
UMTS,1,98993876,12.623632,41.833339,9929,303,11616
GSM,1,39495,12.557706,41.855293,83,13,6213
UMTS,1,98915807,12.485276,41.90106,185,3,1319
UMTS,1,98895160,12.487659,41.900215,1,4,1169
UMTS,1,98897730,12.487242,41.90527,576,3,1721
GSM,1,52435,12.550409,41.811164,3365,8,9787
GSM,1,26009,12.567716,41.821699,1210,5,9450
GSM,1,7334,12.563014,41.825021,1510,4,8946
UMTS,1,99157314,12.446068,41.928835,11,7,5505
UMTS,1,98894097,12.470849,41.908005,30,3,2545
UMTS,1,98918065,12.465895,41.908443,301,3,2825
UMTS,1,98900240,12.454575,41.872428,17,3,3428
UMTS,1,98846221,12.536301,41.940371,362,11,6468
UMTS,1,98842109,12.551502,41.928306,1800,2,6108
UMTS,1,98831472,12.547404,41.943891,84,2,7241
UMTS,1,98966235,12.599935,41.811972,1055,6,11807
UMTS,1,98961853,12.599245,41.816574,30,6,11400
UMTS,1,98831179,12.564004,41.949154,24,3,8449
UMTS,1,98971780,12.563586,41.852863,1111,9,6723
UMTS,1,99162939,12.409009,41.888978,680,17,6189
UMTS,1,98507601,12.390386,41.891099,1866,19,7571
UMTS,1,99169157,12.424738,41.916571,117,3,5816
UMTS,1,99031535,12.409489,41.844842,11359,4,7952
GSM,1,52519,12.622686,41.832267,985,5,11623
UMTS,1,98916094,12.479676,41.923582,2,2,3833
UMTS,1,99178532,12.495766,41.986792,30,2,10749
UMTS,1,99179128,12.478927,41.986313,555,5,10739
UMTS,1,99179129,12.468087,41.98352,608,5,10537
UMTS,1,99156199,12.448268,41.982096,751,5,10736
UMTS,1,99166186,12.436245,41.980945,503,5,10923
UMTS,1,99158733,12.456689,41.972506,9714,5,9533
UMTS,1,99158552,12.418101,41.976423,741,3,11066
GSM,1,3576,12.452478,41.989593,6429,3,11448
UMTS,1,98961399,12.619049,41.8395,1533,8,10965
UMTS,1,98965868,12.613956,41.863187,3312,41,9516
UMTS,1,98961800,12.623203,41.861463,853,48,10227
UMTS,1,98959558,12.496549,41.796061,1670,25,10472
UMTS,1,98962387,12.62571,41.830297,1755,61,11931
UMTS,1,98895380,12.487626,41.900932,996,13,1246
UMTS,1,98961048,12.557143,41.855912,6776,104,6137
UMTS,1,98895275,12.486688,41.908255,0,2,2054
UMTS,1,98982488,12.604759,41.829028,1660,11,10765
UMTS,1,98960832,12.605884,41.826265,17,2,11025
UMTS,1,98963244,12.60215,41.828759,400,2,10634
UMTS,1,98372903,12.574529,41.941253,258,12,8341
UMTS,1,98852045,12.556649,41.969428,401,2,10027
UMTS,1,98852044,12.543776,41.974761,511,3,10155
GSM,1,43034,12.514001,41.985863,2537,5,10764
UMTS,1,98831225,12.514597,41.988385,172,2,11048
UMTS,1,98851364,12.501297,41.990302,113,2,11156
UMTS,1,99166187,12.42416,41.976778,67,5,10884
UMTS,1,99162959,12.418129,41.979344,111,5,11348
GSM,1,24569,12.631185,41.867282,1676,18,10619
UMTS,1,98961327,12.581248,41.877822,1038,21,6744
UMTS,1,98961838,12.581046,41.875055,617,35,6798
UMTS,1,98977613,12.584083,41.87691,476,3,6971
UMTS,1,98962214,12.593572,41.859868,551,6,8237
UMTS,1,98982894,12.596225,41.85457,660,16,8670
UMTS,1,98962213,12.602718,41.852234,310,3,9217
UMTS,1,98962002,12.60849,41.855266,1569,5,9457
UMTS,1,98962001,12.616012,41.853282,910,12,10057
UMTS,1,98962384,12.623643,41.859851,528,304,10316
UMTS,1,98961936,12.628969,41.86146,553,9,10635
UMTS,1,98961880,12.590108,41.899981,5308,20,7343
UMTS,1,98961879,12.591221,41.894234,154,28,7358
UMTS,1,98964354,12.593982,41.876788,1163,9,7693
UMTS,1,98961328,12.572934,41.875506,2606,101,6203
UMTS,1,76836866,12.386047,41.894902,2,4,7911
GSM,1,39438,12.558286,41.843392,317,3,7144
GSM,1,26010,12.55942,41.84415,52,2,7141
UMTS,1,98962114,12.511081,41.874051,92,14,2270
UMTS,1,98965884,12.511167,41.874586,94,5,2227
UMTS,1,98900386,12.510791,41.874755,94,2,2195
UMTS,1,98966171,12.629012,41.862809,434,10,10594
UMTS,1,98961801,12.615302,41.862161,4431,22,9647
UMTS,1,98983074,12.596626,41.85102,1633,9,8883
UMTS,1,98977385,12.59324,41.876158,482,10,7653
UMTS,1,98962427,12.606909,41.916922,34,10,9016
UMTS,1,98963199,12.606879,41.916983,5,2,9016
UMTS,1,98831214,12.534428,41.93758,31,3,6130
UMTS,1,98838067,12.548422,41.943664,36,5,7264
UMTS,1,98960942,12.467893,41.863303,137,9,3496
GSM,1,4775,12.468325,41.862228,98,2,3582
GSM,1,6366,12.589631,41.851802,1671,3,8390
UMTS,1,98962221,12.596748,41.846787,3,2,9130
UMTS,1,98896504,12.509728,41.899959,910,5,1689
UMTS,1,99162769,12.445674,41.929475,28,4,5578
UMTS,1,98897675,12.472558,41.890497,863,8,1468
UMTS,1,99168732,12.411452,41.983357,179,3,11981
GSM,1,2751,12.559929,41.864603,3678,9,5768
GSM,1,65535,12.609128,41.839237,1835,2,10356
UMTS,1,98982269,12.591602,41.845561,3652,18,8884
GSM,1,15692,12.626076,41.831267,7,3,11894
UMTS,1,76830979,12.470072,41.874858,4516,10,2373
GSM,1,39045,12.554404,41.864641,20,3,5413
GSM,1,1688,12.55747,41.855439,416,17,6189
UMTS,1,98969466,12.565894,41.880994,6,3,5557
UMTS,1,98502272,12.397211,41.880813,7,7,7139
GSM,1,6875,12.599511,41.816393,5,2,11428
GSM,1,32561,12.610396,41.886963,21,19,8775
UMTS,1,98846310,12.571723,41.951301,639,34,9001
UMTS,1,98963231,12.599209,41.832492,9,5,10202
UMTS,1,98983316,12.633742,41.870537,398,4,10724
UMTS,1,98961869,12.620876,41.882351,558,9,9585
UMTS,1,98962219,12.615599,41.902771,1038,4,9262
UMTS,1,99159877,12.412429,41.908606,5,3,6279
UMTS,1,98961331,12.615512,41.895547,444,4,9168
UMTS,1,98371953,12.592796,41.944246,387,7,9586
UMTS,1,98977692,12.607729,41.844712,1787,9,9947
UMTS,1,98965820,12.596097,41.855653,870,2,8607
UMTS,1,99009931,12.555549,41.862949,2440,9,5585
UMTS,1,98982896,12.558577,41.859577,46,16,5980
GSM,1,23536,12.558997,41.859102,30,2,6036
UMTS,1,98962034,12.562521,41.856062,985,17,6445
UMTS,1,98965847,12.554623,41.864831,1871,41,5416
UMTS,1,98834907,12.498182,41.997721,4787,96,11970
UMTS,1,76864259,12.44856,41.895927,12,4,3313
UMTS,1,76842499,12.399735,41.887721,16,3,6882
UMTS,1,76864515,12.399795,41.887884,6,2,6876
UMTS,1,98981888,12.554806,41.860188,294,2,5712
UMTS,1,98965831,12.600228,41.857376,3798,11,8802
UMTS,1,98971778,12.473062,41.858548,0,2,3797
UMTS,1,98977387,12.582236,41.877912,685,38,6813
UMTS,1,98895659,12.482214,41.89462,108,5,899
UMTS,1,98911951,12.47751,41.891579,591,7,1111
GSM,1,38417,12.532182,41.954644,283,4,7758
UMTS,1,98911617,12.488132,41.911185,27,3,2357
UMTS,1,98912103,12.484452,41.905447,166,10,1796
UMTS,1,98964926,12.578327,41.806285,10,2,11304
UMTS,1,98962457,12.575523,41.811592,300,2,10700
UMTS,1,98981754,12.586488,41.831682,221,3,9548
UMTS,1,98962223,12.591622,41.839732,99,2,9262
UMTS,1,98982894,12.599378,41.85942,128,2,8652
UMTS,1,98983073,12.604535,41.870402,161,2,8616
UMTS,1,98961932,12.60876,41.877926,237,2,8752
UMTS,1,98962188,12.61442,41.888615,178,2,9068
UMTS,1,98962509,12.615442,41.897283,264,2,9177
UMTS,1,98964842,12.615408,41.914942,170,2,9548
UMTS,1,98964843,12.60808,41.924902,185,2,9426
UMTS,1,98387857,12.59913,41.936182,297,5,9442
UMTS,1,98851231,12.594755,41.941757,114,3,9530
UMTS,1,98982895,12.549465,41.865202,41,9,5070
UMTS,1,98982897,12.55347,41.868482,3000,7,5140
UMTS,1,98984120,12.559525,41.893754,485,8,5006
UMTS,1,98959765,12.548675,41.893576,228,3,4201
UMTS,1,98959766,12.538937,41.892643,862,5,3472
UMTS,1,98961296,12.529316,41.892046,1171,6,2754
UMTS,1,98969450,12.535832,41.892283,668,8,3239
UMTS,1,98977725,12.525873,41.891839,881,3,2497
UMTS,1,98965055,12.524763,41.891656,972,6,2414
UMTS,1,98969257,12.51753,41.892003,320,8,1882
UMTS,1,98945931,12.563019,41.873513,8762,6,5566
UMTS,1,98965822,12.595665,41.852148,3870,14,8760
UMTS,1,98983091,12.599358,41.837112,2253,4,9896
UMTS,1,98965872,12.620781,41.866829,676,6,9884
UMTS,1,98959853,12.579711,41.877097,1061,28,6649
UMTS,1,98962491,12.590334,41.902177,231,10,7400
UMTS,1,98962490,12.586743,41.906256,2867,20,7237
UMTS,1,98961886,12.588112,41.910426,182,7,7462
UMTS,1,98977728,12.591394,41.912467,3264,15,7765
UMTS,1,98372585,12.589068,41.919541,570,13,7893
UMTS,1,98372583,12.58703,41.927193,947,10,8151
UMTS,1,98830042,12.579045,41.938219,43,2,8370
UMTS,1,98963174,12.558588,41.897412,1983,30,4986
UMTS,1,98962385,12.625527,41.831313,27,2,11857
UMTS,1,98982443,12.625029,41.829358,1169,11,11948
UMTS,1,98982892,12.565645,41.859894,3192,12,6400
GSM,1,7314,12.489356,41.870531,562,3,2195
GSM,1,38477,12.491658,41.867043,568,2,2573
UMTS,1,98963242,12.532075,41.868857,365,29,3785
UMTS,1,98983463,12.532024,41.868388,19,8,3815
UMTS,1,98835116,12.531352,41.933556,2040,6,5629
UMTS,1,98830244,12.522999,41.926202,8,3,4609
UMTS,1,98838174,12.515793,41.918915,70,3,3641
UMTS,1,98842313,12.512013,41.916605,340,3,3283
UMTS,1,98895432,12.479982,41.912956,79,2,2694
UMTS,1,98918331,12.473057,41.910767,124,5,2701
UMTS,1,98895654,12.467796,41.901778,441,7,2233
UMTS,1,98895883,12.463756,41.902127,304,6,2504
UMTS,1,98907754,12.462753,41.902006,191,3,2560
UMTS,1,98907745,12.466254,41.901386,243,8,2303
UMTS,1,98916192,12.464202,41.90186,24,2,2460
UMTS,1,98915998,12.462338,41.900284,190,6,2495
UMTS,1,98916967,12.464624,41.900893,415,4,2378
UMTS,1,98912069,12.469624,41.899575,805,13,1984
GSM,1,15694,12.62608,41.831072,30,7,11906
GSM,1,26011,12.604681,41.855134,4877,4,9206
UMTS,1,98961104,12.568732,41.91532,325,23,6327
GSM,1,26013,12.57456,41.86175,69,24,6875
UMTS,1,98960851,12.500387,41.87148,1802,2,2163
UMTS,1,98977704,12.54693,41.863119,2548,5,5048
UMTS,1,98965846,12.562318,41.857131,1014,13,6364
GSM,1,8639,12.562778,41.85655,43,6,6429
UMTS,1,98960726,12.478313,41.852513,88,3,4316
UMTS,1,98911615,12.518592,41.888442,6307,7,1959
UMTS,1,98918711,12.504802,41.901772,321,12,1588
GSM,1,17813,12.554234,41.867371,313,19,5249
UMTS,1,98981309,12.569851,41.861881,881,5,6559
UMTS,1,98965823,12.574,41.861722,1520,57,6839
UMTS,1,98977172,12.558231,41.882308,1959,12,4971
UMTS,1,98959696,12.554282,41.864233,136,15,5429
UMTS,1,99158871,12.420753,41.92484,38,5,6568
UMTS,1,99165776,12.421293,41.924805,240,11,6533
UMTS,1,99162565,12.420923,41.924947,59,8,6565
UMTS,1,99156347,12.432915,41.91779,62,2,5377
UMTS,1,99165790,12.441072,41.913859,144,4,4630
UMTS,1,98918409,12.450965,41.906277,425,2,3556
UMTS,1,99174357,12.422399,41.914628,13,3,5863
UMTS,1,99169158,12.424803,41.914679,56,3,5708
UMTS,1,99180902,12.425473,41.914644,1,2,5663
UMTS,1,99159858,12.42727,41.898503,375,6,4920
UMTS,1,98918421,12.457163,41.90489,38,6,3082
UMTS,1,98911983,12.457218,41.902593,569,67,2951
UMTS,1,98911981,12.456909,41.904746,198,14,3090
UMTS,1,98916974,12.457646,41.902821,257,34,2935
UMTS,1,98941494,12.45761,41.902727,134,10,2932
UMTS,1,98912000,12.456753,41.902127,314,10,2958
UMTS,1,98918419,12.457079,41.901503,243,26,2905
UMTS,1,98918418,12.455212,41.898574,101,4,2910
UMTS,1,98918420,12.45565,41.898904,91,9,2892
UMTS,1,99158040,12.454269,41.897649,316,20,2946
UMTS,1,99158044,12.454182,41.896982,281,35,2932
UMTS,1,98916973,12.457679,41.902822,112,9,2933
UMTS,1,98895594,12.456212,41.89978,16,3,2887
UMTS,1,98894244,12.456532,41.901358,392,6,2935
UMTS,1,99165872,12.45404,41.898113,417,38,2977
UMTS,1,98918424,12.457343,41.904698,255,29,3060
UMTS,1,98916972,12.457884,41.902571,132,12,2906
UMTS,1,98895480,12.45661,41.901707,422,8,2947
UMTS,1,99165873,12.454831,41.898116,21,2,2921
UMTS,1,99165873,12.454262,41.896972,166,39,2926
UMTS,1,98895595,12.457678,41.90365,18,3,2978
UMTS,1,99157426,12.455242,41.896116,420,27,2832
GSM,1,40841,12.396431,41.883837,185,3,7156
GSM,1,7799,12.375457,41.87748,14413,19,8792
GSM,1,4844,12.3559,41.872895,338,6,10311
UMTS,1,98505446,12.338087,41.8704,560,3,11662
UMTS,1,99158046,12.45071,41.898186,218,6,3217
GSM,1,4846,12.367851,41.874985,261,4,9396
UMTS,1,98981754,12.587137,41.846578,12035,15,8546
UMTS,1,98524593,12.340877,41.883194,917,52,11273
UMTS,1,98524481,12.362555,41.885388,550,33,9652
UMTS,1,98503721,12.384762,41.885902,119,9,8002
UMTS,1,98524561,12.398044,41.884742,349,34,7027
UMTS,1,98502276,12.415779,41.888699,81,38,5687
UMTS,1,99162419,12.420876,41.88851,209,54,5309
GSM,1,40002,12.405599,41.88803,260,18,6445
UMTS,1,99158817,12.417366,41.888657,36,19,5569
UMTS,1,99179497,12.418595,41.888534,52,27,5479
UMTS,1,99157728,12.42744,41.890825,351,28,4819
UMTS,1,99161619,12.42758,41.891232,46,7,4810
GSM,1,39978,12.434529,41.89025,203,58,4292
UMTS,1,98524489,12.337319,41.883738,2009,39,11533
UMTS,1,99161384,12.393749,41.884108,106,12,7351
UMTS,1,99158819,12.41389,41.88865,78,10,5827
UMTS,1,98503137,12.380826,41.884075,157,10,8308
UMTS,1,99158649,12.412701,41.888876,335,5,5915
UMTS,1,99159860,12.427738,41.892486,374,10,4804
GSM,1,40290,12.434078,41.890251,37,20,4326
UMTS,1,98503722,12.37757,41.883455,125,10,8555
UMTS,1,98503723,12.374529,41.885364,120,12,8764
UMTS,1,99173967,12.448263,41.889021,98,3,3275
UMTS,1,99158869,12.452218,41.888907,213,6,2982
UMTS,1,98895128,12.458245,41.888431,243,7,2538
UMTS,1,99165760,12.452832,41.900826,187,12,3163
UMTS,1,99165809,12.453251,41.900385,109,2,3116
UMTS,1,98918415,12.452289,41.901067,6,3,3211
UMTS,1,98918412,12.452465,41.901048,27,4,3198
UMTS,1,99157313,12.458459,41.892115,40,2,2524
UMTS,1,98911983,12.455245,41.898898,126,7,2920
UMTS,1,98918410,12.453941,41.903129,212,10,3194
UMTS,1,98918416,12.452614,41.902583,49,3,3256
UMTS,1,98918407,12.453585,41.904582,188,5,3294
UMTS,1,99157217,12.456541,41.887874,124,4,2670
UMTS,1,98918411,12.453052,41.901162,18,2,3163
UMTS,1,99165809,12.453301,41.900247,26,2,3107
UMTS,1,98505447,12.376438,41.876837,550,4,8732
UMTS,1,99158650,12.392685,41.882481,654,5,7449
UMTS,1,99165872,12.45582,41.899211,102,6,2892
UMTS,1,98918425,12.457489,41.904,12,4,3010
UMTS,1,98524559,12.362585,41.873921,458,4,9802
UMTS,1,98911999,12.456,41.899322,123,8,2883
UMTS,1,98941492,12.456329,41.899614,18,3,2872
UMTS,1,98543299,12.379833,41.877912,391,14,8464
UMTS,1,98918417,12.456856,41.90231,133,3,2960
UMTS,1,99162420,12.41856,41.881268,9,14,5567
UMTS,1,99179498,12.418473,41.881302,12,10,5572
UMTS,1,99158818,12.418502,41.88126,6,6,5571
UMTS,1,98895447,12.484923,41.871812,59,6,2115
UMTS,1,98895479,12.463948,41.90334,407,36,2566
UMTS,1,98911982,12.46195,41.903806,243,23,2718
UMTS,1,99040564,12.408783,41.865792,415,2,6770
UMTS,1,99035058,12.39876,41.857074,123,7,7862
UMTS,1,99031804,12.385118,41.84328,1889,12,9515
UMTS,1,99027991,12.386064,41.842781,1,2,9487
UMTS,1,98973659,12.555037,41.866891,216,10,5327
UMTS,1,98973677,12.554902,41.8653,24,2,5407
UMTS,1,98968985,12.554202,41.869052,4088,38,5159
GSM,1,12423,12.585126,41.840678,3957,2,8817
UMTS,1,98962111,12.553886,41.869612,4059,145,5110
GSM,1,39962,12.43076,41.930428,0,2,6400
UMTS,1,98982448,12.625851,41.831339,12,3,11875
UMTS,1,76845059,12.46829,41.830662,254,2,6855
UMTS,1,98842108,12.54348,41.948912,2,2,7558
UMTS,1,50594049,12.543499,41.948914,1,3,7559
UMTS,1,98983538,12.629946,41.855931,778,10,10903
UMTS,1,98977166,12.623484,41.847053,1860,23,10853
GSM,1,39046,12.556518,41.85605,377,2,6092
UMTS,1,98982465,12.623395,41.858433,3076,47,10351
GSM,1,3843,12.505053,41.90627,22,3,2024
UMTS,1,98959545,12.462337,41.83147,12,4,6898
UMTS,1,98960948,12.462327,41.831504,5,4,6895
UMTS,1,98977464,12.465023,41.824286,117,8,7603
UMTS,1,98916524,12.482586,41.893917,878,15,835
UMTS,1,98895888,12.480898,41.89352,791,64,927
UMTS,1,76884481,12.469883,41.884793,169,4,1771
UMTS,1,76834305,12.467871,41.881815,231,4,2040
UMTS,1,76878337,12.465625,41.875747,310,3,2550
GSM,1,17791,12.499736,41.901509,27,3,1375
UMTS,1,98895289,12.498498,41.902158,230,6,1409
UMTS,1,98894293,12.490787,41.899076,43,2,996
UMTS,1,98908158,12.479264,41.894213,1090,26,1069
UMTS,1,98897676,12.476461,41.887743,682,11,1209
UMTS,1,99173987,12.428313,41.88005,146,2,4885
GSM,1,38547,12.429251,41.878772,269,2,4852
UMTS,1,98897711,12.511359,41.880307,4093,58,1789
UMTS,1,98982845,12.626197,41.831122,28,12,11910
UMTS,1,98960830,12.607938,41.835113,1750,27,10542
UMTS,1,98969542,12.541867,41.793156,5124,3,11399
GSM,1,336,12.553354,41.864592,445,8,5350
UMTS,1,98894333,12.530072,41.877733,4940,155,3125
UMTS,1,98894332,12.473447,41.890223,391,4,1402
UMTS,1,98834841,12.521175,41.957527,32,3,7792
UMTS,1,98969475,12.55599,41.904385,1543,288,4985
UMTS,1,98982454,12.554223,41.904811,3112,127,4876
UMTS,1,76882433,12.50483,41.922304,2,3,3692
UMTS,1,98959694,12.554142,41.868111,153,5,5204
UMTS,1,98959757,12.553915,41.86847,10,4,5170
UMTS,1,98982455,12.554016,41.905173,427,17,4876
UMTS,1,76821507,12.438228,41.797003,2504,10,11113
UMTS,1,76882947,12.4325,41.806279,19,5,10333
UMTS,1,98962095,12.55545,41.904588,938,32,4954
UMTS,1,98851363,12.511739,41.987529,299,3,10924
UMTS,1,98982825,12.602026,41.853794,1927,12,9093
UMTS,1,98961885,12.589062,41.906935,382,8,7422
UMTS,1,98962429,12.589091,41.912778,83,3,7614
UMTS,1,98372098,12.585059,41.932736,306,17,8359
UMTS,1,98959788,12.52845,41.87138,74,4,3400
GSM,1,39494,12.565205,41.859117,431,2,6419
UMTS,1,76829955,12.473431,41.886324,56,5,1467
UMTS,1,98897677,12.47129,41.885194,209,5,1657
UMTS,1,98965877,12.594811,41.839141,360,5,9491
GSM,1,6517,12.569667,41.854869,1442,14,6955
UMTS,1,98835206,12.553397,41.94256,95,4,7385
UMTS,1,99161614,12.428729,41.897607,234,7,4795
UMTS,1,76873731,12.437892,41.789959,182,2,11855
UMTS,1,99031486,12.435684,41.796504,541,3,11234
UMTS,1,98977702,12.568642,41.8529,50,7,7020
GSM,1,23083,12.613216,41.832103,1114,6,11055
UMTS,1,98973217,12.549925,41.87765,1240,5,4497
UMTS,1,98963230,12.607641,41.835412,1708,11,10505
UMTS,1,98960605,12.569227,41.882974,1040,7,5766
UMTS,1,98965844,12.557878,41.863156,704,9,5719
UMTS,1,98981546,12.55559,41.857388,1574,12,5945
UMTS,1,98897654,12.507196,41.894384,632,6,1199
UMTS,1,76812037,12.587792,41.842899,1086,7,8824
UMTS,1,98830247,12.498321,41.924503,21,5,3844
UMTS,1,98830067,12.4983,41.924602,10,4,3854
UMTS,1,98969476,12.556016,41.904213,957,24,4981
GSM,1,40890,12.384151,41.955241,195,4,10816
UMTS,1,98896478,12.459271,41.91452,259,3,3655
UMTS,1,98963173,12.55945,41.893287,1325,40,4996
UMTS,1,98971752,12.559953,41.892092,109,2,5026
GSM,1,40889,12.39165,41.960163,1664,3,10797
GSM,1,9450,12.384151,41.955241,195,4,10816
GSM,1,9478,12.38398,41.955322,178,2,10832
GSM,1,19421,12.384151,41.955241,195,4,10816
UMTS,1,99011050,12.620961,41.835148,441,3,11340
UMTS,1,98960908,12.500311,41.833517,29,3,6329
UMTS,1,98982273,12.500299,41.833757,13,2,6302
UMTS,1,98983592,12.559043,41.895054,383,3,4984
GSM,1,38922,12.622479,41.829729,367,6,11769
UMTS,1,98983593,12.555863,41.881468,1520,22,4816
UMTS,1,98961802,12.624386,41.870362,573,14,10049
UMTS,1,99174315,12.423803,41.890893,6,4,5089
UMTS,1,98961875,12.622591,41.838992,834,7,11220
UMTS,1,98962218,12.615731,41.907721,25,2,9371
UMTS,1,98981321,12.615872,41.911981,56,3,9492
UMTS,1,98964842,12.614939,41.915309,456,4,9527
UMTS,1,98963955,12.612772,41.918886,19,2,9500
UMTS,1,98969477,12.554024,41.905525,283,7,4890
UMTS,1,98379665,12.583825,41.933993,405,17,8364
UMTS,1,98372902,12.578012,41.938221,750,11,8311
UMTS,1,99038091,12.379776,41.816399,2033,50,11709
UMTS,1,99027513,12.381757,41.817777,2519,44,11496
UMTS,1,99031343,12.385757,41.834935,1000,17,10016
UMTS,1,99031803,12.380775,41.847794,519,16,9528
UMTS,1,99026919,12.377734,41.855033,420,10,9362
UMTS,1,99026916,12.374602,41.862869,505,15,9253
UMTS,1,98507602,12.381401,41.883215,160,4,8274
UMTS,1,99157631,12.418813,41.895732,265,6,5495
UMTS,1,98906265,12.460724,41.903349,795,29,2767
UMTS,1,99156186,12.427759,41.897689,77,3,4868
UMTS,1,99157628,12.428345,41.896818,317,7,4809
UMTS,1,99159859,12.432481,41.893752,34,2,4462
UMTS,1,98900733,12.46536,41.900506,313,6,2309
UMTS,1,99027659,12.387349,41.824946,772,9,10646
UMTS,1,99158632,12.406105,41.892751,5965,4,6410
UMTS,1,99174161,12.430477,41.895138,321,3,4626
UMTS,1,98900758,12.470544,41.900597,863,11,1990
UMTS,1,98906263,12.467586,41.900823,284,6,2186
UMTS,1,98895094,12.468907,41.900965,53,2,2113
UMTS,1,98916052,12.471395,41.901829,160,8,2024
UMTS,1,98900738,12.476576,41.899276,32,2,1547
UMTS,1,98895875,12.481533,41.899281,301,3,1292
UMTS,1,98916044,12.483115,41.899854,67,2,1275
UMTS,1,98895255,12.491317,41.889968,134,4,78
UMTS,1,98895299,12.489257,41.885285,722,11,589
UMTS,1,98895670,12.472405,41.899711,290,7,1820
UMTS,1,98916257,12.484466,41.901326,55,3,1371
UMTS,1,98912964,12.485456,41.89267,135,2,581
UMTS,1,98895834,12.477114,41.886914,502,2,1186
UMTS,1,98894330,12.4795,41.89879,313,3,1351
UMTS,1,98900680,12.489609,41.891211,189,4,232
UMTS,1,98912068,12.477495,41.899903,82,2,1544
UMTS,1,98895669,12.476305,41.899607,111,2,1586
UMTS,1,98907854,12.483961,41.893769,35,2,739
UMTS,1,98900647,12.49071,41.890599,186,4,129
UMTS,1,98906579,12.480727,41.899954,258,2,1387
UMTS,1,98906267,12.480296,41.899183,242,2,1342
UMTS,1,98896544,12.483465,41.892726,39,2,717
UMTS,1,98915897,12.482104,41.876482,89,3,1701
UMTS,1,98963175,12.540943,41.892913,1236,16,3623
UMTS,1,98903458,12.510807,41.89755,900,4,1598
UMTS,1,98894050,12.508088,41.900686,321,8,1654
GSM,1,2862,12.573735,41.850467,2552,6,7484
GSM,1,39047,12.554759,41.862584,189,2,5558
UMTS,1,98968986,12.556578,41.889197,2491,13,4772
UMTS,1,98961403,12.571785,41.853606,1465,34,7164
UMTS,1,98918653,12.501112,41.894352,47,5,800
UMTS,1,98918655,12.501053,41.894271,5,2,792
UMTS,1,98388679,12.566827,41.917882,1503,18,6334
GSM,1,4016,12.630868,41.866077,507,27,10629
UMTS,1,76876034,12.636743,41.865819,1220,113,11059
UMTS,1,76881921,12.612873,41.856812,2666,654,9688
UMTS,1,76811781,12.623788,41.859882,12,3,10325
GSM,1,3016,12.616098,41.859727,733,43,9793
UMTS,1,76940548,12.621864,41.859104,305,83,10219
GSM,1,24568,12.645305,41.861967,53,13,11783
UMTS,1,76876291,12.643256,41.861329,424,39,11655
UMTS,1,76940545,12.622981,41.861514,986,18,10210
UMTS,1,98981771,12.634534,41.86947,277,8,10806
GSM,1,4018,12.623384,41.859781,154,10,10300
GSM,1,24568,12.648317,41.86289,1122,4,11972
UMTS,1,98962352,12.631335,41.863017,61,3,10753
GSM,1,24567,12.634536,41.86954,80,4,10805
GSM,1,4017,12.624826,41.862424,113,3,10310
UMTS,1,77030145,12.639638,41.862565,1118,45,11359
UMTS,1,77029378,12.645276,41.861818,0,2,11785
GSM,1,38445,12.589173,41.851953,3,2,8352
GSM,1,4653,12.589186,41.85195,1,2,8353
UMTS,1,76812036,12.600303,41.85729,1157,76,8811
GSM,1,4536,12.593659,41.85478,706,5,8490
GSM,1,26012,12.590984,41.857111,247,9,8195
UMTS,1,98983318,12.634886,41.868715,325,8,10850
UMTS,1,98962484,12.629134,41.875687,75,2,10285
UMTS,1,98977623,12.616297,41.89306,854,10,9212
UMTS,1,98977622,12.615608,41.903405,409,7,9274
UMTS,1,98983340,12.61228,41.919448,650,6,9486
UMTS,1,98835276,12.581882,41.957907,220,3,10052
UMTS,1,98832920,12.575356,41.954679,103,4,9462
UMTS,1,76801537,12.423555,41.892523,2,4,5114
UMTS,1,76817668,12.51843,41.974708,118,2,9600
UMTS,1,98912024,12.508735,41.889208,8,3,1222
UMTS,1,98960899,12.549018,41.893668,583,4,4227
UMTS,1,98964637,12.523189,41.893777,2576,4,2326
UMTS,1,99049801,12.475741,41.79834,3754,94,10288
UMTS,1,99049798,12.455019,41.801249,2065,30,10270
UMTS,1,98966199,12.473435,41.794857,4821,11,10693
UMTS,1,98977677,12.5246,41.874984,930,6,2931
UMTS,1,98977197,12.571627,41.911351,747,6,6343
UMTS,1,98977196,12.567823,41.916537,556,34,6328
UMTS,1,98391674,12.567162,41.917538,20,4,6337
GSM,1,38582,12.526443,41.904914,38,4,3017
GSM,1,38422,12.545572,41.915406,16,3,4849
UMTS,1,99027324,12.437374,41.818669,199,2,8937
UMTS,1,98959982,12.591291,41.893137,217,6,7356
UMTS,1,98959983,12.591139,41.898925,89,4,7403
UMTS,1,98977729,12.588709,41.908203,36,2,7434
GSM,1,39433,12.576616,41.937967,934,7,8214
UMTS,1,98959946,12.567546,41.91666,387,18,6316
GSM,1,40209,12.567244,41.916757,54,3,6301
UMTS,1,98965904,12.581599,41.878274,49,2,6759
UMTS,1,98962231,12.580986,41.878337,4,2,6713
UMTS,1,98963214,12.582752,41.876689,1538,12,6879
UMTS,1,98961312,12.590554,41.901047,32,3,7395
UMTS,1,98376370,12.586186,41.93014,754,12,8269
UMTS,1,98372736,12.585488,41.932634,32,2,8379
UMTS,1,98838041,12.531967,41.938373,11,5,6116
UMTS,1,98962509,12.617694,41.887022,683,2,9316
UMTS,1,98962508,12.615629,41.904351,24,2,9292
UMTS,1,98387858,12.60297,41.931342,271,2,9409
UMTS,1,98394853,12.592794,41.944222,350,2,9584
UMTS,1,98394850,12.587567,41.950883,371,3,9781
UMTS,1,76862723,12.365411,41.910415,7,5,9692
UMTS,1,76829702,12.426172,41.888802,5,5,4915
UMTS,1,98903748,12.455116,41.915954,14,2,3983
UMTS,1,99043108,12.452621,41.874758,15,4,3410
UMTS,1,99156348,12.409632,41.95416,13542,8,9403
UMTS,1,99157667,12.420826,41.939032,20,2,7600
UMTS,1,76800514,12.426082,41.889515,90,3,4920
UMTS,1,98371939,12.596018,41.948059,474,3,10040
GSM,1,6487,12.553911,41.867033,263,5,5246
UMTS,1,98964843,12.608307,41.924503,647,11,9424
GSM,1,9544,12.566577,41.916781,5,2,6259
UMTS,1,98983846,12.578585,41.906572,1481,5,6661
UMTS,1,99027818,12.411702,41.821708,15,6,9684
UMTS,1,99048444,12.41179,41.821646,12,2,9686
UMTS,1,98900596,12.507543,41.902055,4,4,1738
UMTS,1,98983341,12.61587,41.912561,150,4,9508
UMTS,1,98372115,12.601493,41.933179,196,5,9415
UMTS,1,98959559,12.482759,41.797769,2732,10,10302
UMTS,1,98982893,12.597625,41.851251,789,21,8935
GSM,1,7183,12.57027,41.855581,241,2,6948
UMTS,1,98959854,12.575944,41.879818,2215,123,6314
UMTS,1,98984629,12.513343,41.794357,247,8,10770
UMTS,1,98973671,12.505276,41.798172,6695,17,10277
UMTS,1,98895249,12.507279,41.902014,64,6,1722
UMTS,1,98962096,12.556168,41.903945,991,18,4982
GSM,1,39493,12.56906,41.86186,484,4,6509
UMTS,1,98981310,12.574718,41.861732,16,4,6886
UMTS,1,98964024,12.630816,41.873464,436,2,10449
UMTS,1,99007075,12.62234,41.881381,549,3,9703
UMTS,1,98983541,12.631255,41.85705,53,4,10952
UMTS,1,98394851,12.597803,41.937907,288,3,9465
UMTS,1,98387806,12.529499,41.914312,1200,5,3851
UMTS,1,99354009,12.524208,41.932183,35,2,5238
UMTS,1,99049293,12.45272,41.819649,4719,13,8376
UMTS,1,99048586,12.433185,41.812581,540,21,9682
UMTS,1,99034842,12.429228,41.810497,152,2,10023
UMTS,1,99027401,12.416237,41.80592,8502,33,10940
UMTS,1,99043132,12.417871,41.807852,1842,67,10694
UMTS,1,98983465,12.520489,41.862973,4710,7,3677
UMTS,1,98983464,12.51703,41.861758,1817,11,3653
UMTS,1,98960850,12.522083,41.875404,312,2,2753
UMTS,1,98965021,12.49793,41.860813,547,7,3291
UMTS,1,98964266,12.574547,41.861814,51,10,6870
UMTS,1,99027688,12.442613,41.820245,84,2,8608
UMTS,1,99028774,12.431584,41.811097,380,12,9883
UMTS,1,99027145,12.432576,41.811717,641,9,9788
UMTS,1,99048583,12.437066,41.818109,176,2,9003
UMTS,1,98372857,12.578172,41.931594,0,2,7867
UMTS,1,98977198,12.567807,41.911161,118,2,6073
UMTS,1,98959948,12.567131,41.910828,26,5,6012
UMTS,1,98959693,12.555453,41.876356,177,2,4932
GSM,1,24708,12.564934,41.874765,1475,4,5656
GSM,1,42558,12.505258,41.874592,1028,15,1981
GSM,1,40769,12.50845,41.880375,585,9,1618
UMTS,1,98984593,12.508895,41.82294,133,6,7578
UMTS,1,98984590,12.50873,41.822936,29,5,7576
GSM,1,24375,12.552127,41.868338,435,2,5060
GSM,1,40198,12.499159,41.851645,22,3,4315
UMTS,1,98977700,12.498229,41.852101,890,10,4257
GSM,1,38969,12.491022,41.844943,131,2,5031
UMTS,1,98961966,12.514341,41.819872,441,2,7988
GSM,1,6754,12.510198,41.822084,19,2,7688
UMTS,1,99037328,12.493105,41.817903,1437,2,8038
UMTS,1,99027495,12.44187,41.803657,441,32,10325
UMTS,1,99043130,12.432671,41.811757,1372,15,9781
UMTS,1,99038911,12.443118,41.823765,257,3,8240
UMTS,1,98963229,12.604019,41.837261,43,13,10166
UMTS,1,98960829,12.604018,41.837898,85,42,10126
UMTS,1,98983089,12.604566,41.838467,16,9,10123
UMTS,1,98984594,12.50791,41.823101,2586,22,7549
UMTS,1,98963218,12.508647,41.82306,11,5,7562
UMTS,1,98961294,12.549021,41.904195,14,3,4490
UMTS,1,98959764,12.553988,41.903569,350,2,4815
UMTS,1,98982479,12.509119,41.823612,9,2,7507
UMTS,1,98982274,12.504897,41.824123,738,4,7405
UMTS,1,98973658,12.552895,41.874608,636,6,4818
UMTS,1,98961047,12.553412,41.862613,145,6,5473
UMTS,1,99321556,12.627208,41.830748,1077,11,11996
GSM,1,42523,12.441516,41.862623,255,2,4860
UMTS,1,98903987,12.49591,41.87479,1710,4,1731
UMTS,1,98895182,12.488489,41.876017,107,4,1600
UMTS,1,98911959,12.478679,41.867224,1045,5,2746
UMTS,1,99043075,12.446465,41.813827,1173,7,9148
UMTS,1,99027399,12.431617,41.810719,422,11,9919
UMTS,1,99027326,12.431271,41.811097,54,6,9893
UMTS,1,99049292,12.445219,41.826241,14704,40,7924
UMTS,1,99049803,12.441451,41.802681,1008,26,10438
UMTS,1,99031485,12.442146,41.80453,405,5,10227
UMTS,1,99049690,12.428953,41.796183,906,2,11463
UMTS,1,99047085,12.480052,41.815629,112,2,8341
UMTS,1,99027687,12.447561,41.820853,293,2,8395
UMTS,1,99043131,12.437888,41.805681,620,22,10229
UMTS,1,99049800,12.439916,41.802768,700,11,10470
UMTS,1,99028775,12.436648,41.80597,896,8,10236
UMTS,1,98969023,12.516019,41.871212,4,2,2746
UMTS,1,98962035,12.55932,41.856857,774,2,6202
UMTS,1,99310998,12.633193,41.869116,344,6,10718
UMTS,1,99310996,12.632343,41.872052,454,5,10589
UMTS,1,98983147,12.619827,41.883275,362,4,9499
UMTS,1,98960897,12.558263,41.898512,800,5,4983
UMTS,1,98895852,12.502394,41.876533,17,2,1691
UMTS,1,98973660,12.484144,41.849847,263,2,4526
UMTS,1,98969102,12.471696,41.835412,545,2,6280
UMTS,1,76801537,12.423615,41.892535,2,5,5110
UMTS,1,98968984,12.554333,41.875024,519,10,4902
UMTS,1,99375677,12.523719,41.948531,775,9,6897
UMTS,1,99375164,12.569259,41.945398,199,43,8390
UMTS,1,99357216,12.569675,41.945506,204,14,8420
UMTS,1,98894049,12.510981,41.896782,1195,10,1568
UMTS,1,98897662,12.50305,41.887778,38,8,839
UMTS,1,99025103,12.454999,41.843643,89,2,5870
UMTS,1,98981491,12.457947,41.839244,585,5,6213
UMTS,1,98960933,12.488708,41.811586,26,2,8745
UMTS,1,76966146,12.482466,41.946855,90,3,6346
UMTS,1,99375518,12.573021,41.952779,434,4,9189
UMTS,1,99370598,12.570908,41.95086,67,2,8925
UMTS,1,99370600,12.572694,41.939052,3477,6,8075
GSM,1,40005,12.560937,41.860663,279,8,6059
UMTS,1,98962224,12.535781,41.80628,5391,18,9872
UMTS,1,98982971,12.571472,41.813747,1461,3,10332
UMTS,1,76862723,12.365657,41.910472,21,4,9676
UMTS,1,98969543,12.513104,41.794294,139,4,10775
UMTS,1,98984627,12.530296,41.796363,686,19,10807
UMTS,1,98982969,12.548161,41.800522,949,14,10797
UMTS,1,98909504,12.505206,41.90142,49,9,1574
UMTS,1,98918714,12.502315,41.901271,76,3,1440
UMTS,1,98918712,12.502512,41.901045,132,14,1426
GSM,1,1691,12.553912,41.868383,88,11,5175
UMTS,1,99309449,12.633701,41.870191,3,2,10729
UMTS,1,99291707,12.636127,41.868339,19,2,10949
UMTS,1,99355759,12.539522,41.935306,29,5,6123
GSM,1,7704,12.510799,41.794289,520,2,10752
GSM,1,13891,12.545664,41.803698,2609,2,10400
GSM,1,7700,12.510799,41.794289,520,2,10752
UMTS,1,98387859,12.58721,41.927497,28,3,8180
UMTS,1,98372097,12.585571,41.931673,11,3,8324
UMTS,1,98961951,12.51661,41.794488,27,3,10794
UMTS,1,98984628,12.520839,41.794938,1007,28,10801
UMTS,1,98962226,12.580146,41.822225,429,15,9979
UMTS,1,98962223,12.591935,41.840457,145,4,9232
UMTS,1,98965830,12.594388,41.84547,815,3,9061
UMTS,1,99289555,12.62867,41.841842,626,9,11459
UMTS,1,99289687,12.620906,41.844724,641,13,10800
UMTS,1,98969019,12.592715,41.8422,223,4,9165
UMTS,1,98961372,12.577204,41.817841,396,8,10217
UMTS,1,98989959,12.570098,41.811299,195,5,10500
UMTS,1,98989916,12.555101,41.803178,314,6,10738
UMTS,1,98966299,12.535619,41.79748,141,3,10798
UMTS,1,98961950,12.521666,41.794916,27,2,10816
UMTS,1,99292606,12.551125,41.800948,66,2,10840
UMTS,1,98989960,12.571259,41.811506,147,3,10529
UMTS,1,98977690,12.603019,41.85115,561,20,9293
UMTS,1,98977691,12.612978,41.847534,784,19,10134
UMTS,1,98977180,12.544442,41.799455,97,3,10805
UMTS,1,99049802,12.44785,41.801564,155,12,10393
UMTS,1,99034843,12.396626,41.813836,644,14,11069
UMTS,1,99048493,12.388681,41.818194,988,37,11102
UMTS,1,98961951,12.515987,41.794435,11,2,10792
UMTS,1,98983540,12.63062,41.841219,73,2,11620
UMTS,1,99049801,12.49018,41.796505,1428,4,10419
UMTS,1,77069826,12.481,41.884996,55,2,1019
GSM,1,9513,12.502283,41.994233,905,3,11597
GSM,1,43033,12.526368,41.984751,335,3,10819
GSM,1,40843,12.37955,41.887971,2630,2,8379
GSM,1,9492,12.384475,41.819173,463,2,11244
GSM,1,9506,12.384675,41.819188,448,2,11232
GSM,1,5361,12.454539,41.802168,10,2,10182
GSM,1,9489,12.486589,41.985801,559,3,10644
GSM,1,5811,12.577498,41.878591,194,2,6454
UMTS,1,76874241,12.473646,41.929331,20,3,4571
GSM,1,3555,12.454758,41.802174,8,2,10177
GSM,1,39162,12.375331,41.860692,251,2,9284
GSM,1,38435,12.384322,41.955159,181,2,10801
GSM,1,9490,12.463117,41.983404,1631,3,10594
GSM,1,9071,12.510471,41.994497,1769,2,11681
UMTS,1,98969185,12.489938,41.86744,41,2,2534
UMTS,1,98969187,12.48762,41.86746,83,4,2550
UMTS,1,98981481,12.484626,41.868558,122,3,2471
UMTS,1,98959981,12.592159,41.894544,49,2,7430
UMTS,1,98963967,12.540843,41.880744,88,2,3752
UMTS,1,98959759,12.539396,41.881059,250,2,3639
UMTS,1,98959758,12.532059,41.883756,183,3,3035
UMTS,1,98959695,12.532734,41.883804,406,2,3082
UMTS,1,98371511,12.530022,41.905125,328,2,3256
UMTS,1,98959853,12.577229,41.877617,282,3,6457
UMTS,1,98961324,12.576756,41.879312,771,12,6384
UMTS,1,98965836,12.587624,41.868305,169,2,7481
UMTS,1,98963881,12.597694,41.864907,391,3,8312
UMTS,1,98961396,12.619635,41.845152,1964,7,10694
UMTS,1,99292256,12.623289,41.831339,1423,11,11717
UMTS,1,98977366,12.608396,41.85978,2119,5,9256
UMTS,1,98963957,12.589709,41.837395,547,12,9311
UMTS,1,98965890,12.577537,41.818415,457,3,10182
UMTS,1,98962187,12.541109,41.798779,748,4,10790
UMTS,1,99031880,12.452484,41.79554,310,2,10933
GSM,1,11655,12.578464,41.875001,423,7,6614
UMTS,1,99239602,12.422338,41.927546,1,4,6657
UMTS,1,99243611,12.4132,41.906246,167,2,6143
UMTS,1,99243610,12.409206,41.905659,129,2,6410
UMTS,1,99231740,12.403101,41.904504,514,3,6816
UMTS,1,98959852,12.57761,41.878227,565,6,6470
GSM,1,40925,12.580705,41.937185,63,2,8393
UMTS,1,99180054,12.467522,41.941023,69,2,5948
UMTS,1,99157501,12.453894,41.93561,21,2,5804
UMTS,1,99166211,12.45536,41.934482,276,5,5642
UMTS,1,99178111,12.455945,41.93501,0,2,5672
UMTS,1,99338730,12.626265,41.831039,38,5,11919
UMTS,1,98911967,12.502208,41.910018,59,3,2326
GSM,1,5216,12.626153,41.831154,6,2,11905
UMTS,1,98959706,12.537317,41.871294,712,5,3945
UMTS,1,98895655,12.4684,41.8993,159,2,2046
UMTS,1,98906265,12.465491,41.902577,26,2,2424
UMTS,1,98904072,12.466467,41.903125,83,6,2401
UMTS,1,98919380,12.462744,41.902245,1046,41,2575
UMTS,1,98912963,12.48502,41.893997,285,10,689
UMTS,1,98895126,12.47381,41.896702,60,2,1555
UMTS,1,98961328,12.576322,41.87974,33,2,6344
UMTS,1,98918062,12.471986,41.932067,2545,18,4898
UMTS,1,99158942,12.516213,41.989779,2349,75,11220
UMTS,1,98896479,12.458004,41.910062,52,2,3375
UMTS,1,98895476,12.457678,41.908554,136,4,3287
UMTS,1,99180052,12.469954,41.945762,333,5,6402
UMTS,1,98961324,12.576785,41.879926,127,3,6374
UMTS,1,98961396,12.630675,41.841194,88,2,11624
UMTS,1,98962186,12.546411,41.800087,742,12,10793
UMTS,1,99162572,12.634567,41.839786,261,4,11953
UMTS,1,98961829,12.548868,41.800551,87,2,10815
UMTS,1,99048806,12.461717,41.799962,409,13,10287
UMTS,1,76814852,12.523853,41.912119,18,4,3382
UMTS,1,98961311,12.576229,41.913149,1712,8,6735
UMTS,1,99035117,12.431206,41.811106,55,3,9895
UMTS,1,98985082,12.567014,41.88212,89,3,5617
UMTS,1,98985081,12.566934,41.880963,92,4,5633
UMTS,1,76860417,12.502543,41.901032,4,2,1426
UMTS,1,76872193,12.547808,41.88306,4250,4,4195
GSM,1,40305,12.478434,41.989484,4396,3,11094
GSM,1,39378,12.574354,41.813875,45,2,10443
GSM,1,42534,12.384448,41.915655,503,2,8500
GSM,1,5670,12.51259,41.992419,2717,3,11471
GSM,1,39377,12.579587,41.82241,1362,3,9937
GSM,1,39379,12.576148,41.81685,344,2,10256
GSM,1,13836,12.362989,41.874779,1240,2,9755
GSM,1,42533,12.384448,41.915655,503,2,8500
GSM,1,38950,12.518413,41.98659,977,2,10897
GSM,1,38610,12.57628,41.81649,374,2,10294
GSM,1,39177,12.453186,41.870339,116,7,3648
UMTS,1,98961148,12.597946,41.853303,337,10,8848
UMTS,1,98961149,12.610473,41.848478,165,3,9921
UMTS,1,99027512,12.39729,41.812732,232,5,11132
UMTS,1,99038090,12.416967,41.808051,231,4,10710
UMTS,1,77101826,12.572222,41.877874,462,44,6088
UMTS,1,76821761,12.574539,41.886501,717,3,6118
UMTS,1,76802564,12.496561,41.864716,12,2,2848
GSM,1,40259,12.351738,41.883205,115,2,10469
UMTS,1,76836097,12.589159,41.850194,1189,3,8452
UMTS,1,76812035,12.576163,41.852354,943,73,7511
UMTS,1,76840966,12.587341,41.91169,301,8,7452
UMTS,1,76845313,12.569477,41.873908,170,23,6007
UMTS,1,76814081,12.574437,41.895669,451,55,6128
UMTS,1,76808961,12.573746,41.855456,314,18,7172
UMTS,1,77007875,12.642276,41.923614,46,4,11744
UMTS,1,77001474,12.621627,41.923298,777,59,10287
UMTS,1,76821764,12.573187,41.88505,516,76,6031
UMTS,1,77095171,12.575407,41.854055,155,30,7360
UMTS,1,77007105,12.610581,41.92032,82,6,9402
UMTS,1,76823557,12.588982,41.912135,4482,64,7583
UMTS,1,77007107,12.598507,41.915151,1433,39,8362
UMTS,1,76873478,12.60757,41.918653,1015,29,9128
UMTS,1,76848390,12.574034,41.89086,106,16,6068
UMTS,1,76840965,12.640527,41.919826,14435,7,11492
UMTS,1,76812033,12.579729,41.853693,728,83,7652
UMTS,1,76811781,12.568252,41.866053,735,113,6242
UMTS,1,76808962,12.574087,41.856056,263,6,7158
UMTS,1,76823558,12.574947,41.908705,262,27,6473
UMTS,1,76872194,12.583015,41.88049,20341,19,6819
UMTS,1,77095170,12.57398,41.857212,407,38,7084
UMTS,1,76823554,12.57325,41.905235,1034,102,6239
UMTS,1,76840194,12.628891,41.841607,58,8,11486
UMTS,1,76812034,12.59247,41.845581,9861,63,8936
UMTS,1,76963841,12.59538,41.847917,20,4,8978
UMTS,1,76979457,12.587464,41.845725,17,4,8620
UMTS,1,76940546,12.625105,41.842738,2226,274,11179
UMTS,1,76851206,12.63158,41.840525,264,11,11719
UMTS,1,76940547,12.598854,41.847938,464,66,9197
UMTS,1,76848389,12.592829,41.87365,515,4,7685
GSM,1,40050,12.472091,41.894995,65,2,1596
UMTS,1,76965122,12.47249,41.894664,16,2,1555
UMTS,1,98969280,12.533902,41.908031,93,12,3671
UMTS,1,76835585,12.505993,41.891194,377,3,1020
UMTS,1,76950017,12.492854,41.894059,643,7,433
UMTS,1,76831493,12.470976,41.896301,1255,18,1726
UMTS,1,76829955,12.472066,41.886625,223,3,1555
UMTS,1,76834305,12.47,41.884177,7,2,1787
UMTS,1,99031857,12.466693,41.880621,4,2,2180
GSM,1,32509,12.465848,41.875365,140,2,2565
UMTS,1,76816390,12.451225,41.867612,883,39,3951
UMTS,1,76822275,12.450041,41.867447,6,16,4031
UMTS,1,76811266,12.509058,41.882401,42,6,1513
UMTS,1,99485240,12.524398,41.91348,2,3,3520
UMTS,1,98965824,12.554333,41.876056,321,2,4864
UMTS,1,98961155,12.539257,41.870973,6371,3,4086
UMTS,1,77101827,12.566052,41.879549,4,2,5600
UMTS,1,99370508,12.543311,41.948884,3,4,7549
UMTS,1,76849666,12.50575,41.897678,6,2,1300
UMTS,1,98961079,12.577834,41.87706,2,2,6514
UMTS,1,98985083,12.568448,41.881545,164,4,5733
UMTS,1,98985084,12.56658,41.881487,145,3,5597
UMTS,1,99484209,12.508874,41.882012,79,4,1527
UMTS,1,99485638,12.508784,41.882125,65,8,1514
UMTS,1,99509150,12.508639,41.882079,352,7,1509
UMTS,1,99509147,12.508567,41.882181,180,5,1497
UMTS,1,99487486,12.50914,41.884542,57,3,1396
UMTS,1,99485113,12.498906,41.899857,81,2,1182
UMTS,1,99508478,12.500929,41.897383,134,2,1025
UMTS,1,99485625,12.52492,41.887908,137,2,2433
UMTS,1,98911952,12.481017,41.892885,250,2,892
UMTS,1,99501441,12.488872,41.90413,2,2,1573
UMTS,1,99501444,12.488872,41.90413,2,2,1573
GSM,1,40097,12.594999,41.933172,390,2,9003
GSM,1,7252,12.590182,41.933027,9,2,8693
UMTS,1,21305442,12.518152,41.918592,66,4,3697
UMTS,1,13780995,12.518413,41.918574,125,17,3705
