radio,net,cell,lon,lat,range,samples,distance,grado
GSM,1,52434,12.55762,41.806816,2426,2,10729,69
GSM,1,7304,12.59836,41.937811,1605,2,10265,57
GSM,1,40846,12.604956,41.928689,784,2,10277,44
UMTS,1,98962158,12.569794,41.848905,60,3,7897,43
UMTS,1,98961404,12.560426,41.857252,1124,33,6732,100
UMTS,1,98971783,12.57081,41.849246,1378,10,7944,104
UMTS,1,98962185,12.524372,41.830816,16,9,7109,28
UMTS,1,98983240,12.524414,41.830827,9,3,7109,28
UMTS,1,98960940,12.474084,41.859589,244,4,3719,32
UMTS,1,98965906,12.471995,41.85821,5,2,3931,26
GSM,1,40865,12.482618,41.906051,78,15,1939,26
UMTS,1,98904080,12.483084,41.906242,42,8,1942,26
UMTS,1,98374131,12.615553,41.910582,267,4,10473,25
UMTS,1,98372394,12.615514,41.907139,71,2,10394,23
UMTS,1,98962535,12.495915,41.852452,755,24,4200,42
UMTS,1,98961402,12.496577,41.851866,967,37,4269,48
GSM,1,26008,12.600985,41.860067,14232,7,9619,1349
GSM,1,8610,12.603493,41.953854,5219,2,11621,137
GSM,1,4535,12.502848,41.961723,13200,2,7994,1173
GSM,1,39081,12.543548,41.972668,211,2,10099,24
GSM,1,5801,12.536834,41.988586,1870,2,11537,38
GSM,1,44185,12.533567,41.989665,2099,3,11567,43
GSM,1,5802,12.548141,41.972635,188,2,10262,17
GSM,1,40315,12.556399,41.963924,1809,3,9764,45
GSM,1,13644,12.508832,41.985281,3544,7,10652,79
GSM,1,40929,12.479707,41.979092,5519,3,9931,116
GSM,1,2172,12.536027,41.979907,1111,2,10605,40
UMTS,1,98960975,12.494754,41.851804,873,24,4266,47
UMTS,1,98959761,12.4965,41.865668,612,68,2743,47
UMTS,1,98959762,12.494313,41.858379,785,69,3535,46
GSM,1,11686,12.562479,41.948069,34,5,8672,19
GSM,1,38985,12.555576,41.946219,450,5,8141,24
UMTS,1,98373366,12.508134,41.893883,401,257,1374,57
UMTS,1,98369761,12.510258,41.893537,202,98,1533,52
UMTS,1,98373365,12.509667,41.893372,80,107,1481,49
UMTS,1,98376344,12.508577,41.892205,374,128,1367,61
UMTS,1,98371297,12.508606,41.891828,308,46,1363,55
UMTS,1,98371298,12.507552,41.888663,203,44,1274,49
UMTS,1,98370988,12.51098,41.885304,290,60,1639,50
UMTS,1,98370097,12.511561,41.884245,162,25,1726,45
UMTS,1,98370990,12.511657,41.884284,1,2,1732,39
UMTS,1,98370096,12.514546,41.882024,279,101,2053,48
UMTS,1,98371028,12.518609,41.87809,310,97,2560,48
UMTS,1,98371026,12.523527,41.87421,407,130,3138,50
UMTS,1,98369965,12.526595,41.871913,157,40,3493,43
UMTS,1,98369964,12.530865,41.870415,732,93,3879,57
UMTS,1,98764253,12.536396,41.87008,452,43,4284,48
UMTS,1,98764800,12.535458,41.870738,85,8,4180,41
UMTS,1,98764251,12.542667,41.865691,334,58,4985,44
UMTS,1,98765634,12.543304,41.864609,218,9,5095,41
GSM,1,38449,12.488456,41.800916,52,32,9919,31
GSM,1,38452,12.490065,41.801179,154,73,9886,31
GSM,1,40219,12.55503,41.947708,33,7,8239,20
UMTS,1,98764788,12.599922,41.85206,166,21,9884,63
UMTS,1,98765394,12.596262,41.853846,18,6,9524,57
UMTS,1,98765605,12.5967,41.852654,815,33,9614,87
UMTS,1,98764191,12.608495,41.838221,4128,40,11239,211
UMTS,1,98765613,12.591104,41.841022,37,6,9851,48
UMTS,1,98765615,12.587897,41.836402,723,48,9931,64
UMTS,1,98764192,12.578143,41.846856,747,8,8596,66
UMTS,1,98764547,12.567623,41.853923,160,17,7435,64
UMTS,1,98765426,12.560934,41.857655,738,105,6743,84
UMTS,1,98764440,12.559525,41.858493,777,15,6595,83
UMTS,1,98765427,12.553403,41.861768,165,28,5971,55
UMTS,1,98764439,12.548991,41.863615,127,10,5551,42
UMTS,1,98765425,12.549154,41.863468,378,33,5571,56
UMTS,1,98373418,12.534625,41.864374,832,7,4531,54
UMTS,1,98373419,12.527294,41.87143,11,3,3571,39
UMTS,1,98371524,12.514699,41.881391,294,69,2097,48
UMTS,1,98370083,12.515422,41.885919,414,52,1973,54
UMTS,1,98370095,12.515288,41.885663,120,21,1970,38
UMTS,1,98372216,12.514764,41.88736,51,2,1887,38
UMTS,1,98370077,12.51496,41.891252,202,39,1881,41
UMTS,1,98375924,12.515794,41.89163,57,5,1953,39
UMTS,1,98372852,12.506094,41.893855,374,53,1213,60
UMTS,1,98385232,12.506825,41.893771,396,71,1267,58
UMTS,1,98369762,12.507828,41.894145,430,275,1359,58
UMTS,1,98369759,12.509756,41.897815,518,30,1676,56
UMTS,1,98369823,12.509195,41.89861,41,8,1684,38
UMTS,1,98370961,12.506876,41.903425,148,33,1903,38
UMTS,1,98370825,12.50594,41.905277,286,21,2022,36
UMTS,1,98370824,12.504403,41.908067,90,19,2225,28
UMTS,1,98369961,12.503841,41.908223,37,4,2220,25
UMTS,1,98370852,12.503047,41.908354,33,9,2206,24
UMTS,1,98374452,12.496319,41.912022,250,3,2449,25
UMTS,1,98374440,12.493874,41.911023,135,9,2319,23
UMTS,1,98371140,12.491017,41.910318,199,40,2240,24
UMTS,1,98371144,12.486464,41.909874,463,37,2241,32
UMTS,1,98371339,12.487637,41.911031,631,38,2349,36
UMTS,1,98373549,12.493996,41.913768,307,71,2624,27
UMTS,1,98373547,12.496775,41.917894,383,54,3101,31
UMTS,1,98834848,12.497042,41.920006,142,10,3336,23
UMTS,1,98835246,12.495765,41.919099,35,7,3225,22
UMTS,1,98828791,12.494426,41.918146,199,23,3111,24
UMTS,1,98835245,12.495509,41.919254,127,16,3240,24
UMTS,1,98828790,12.495187,41.920407,74,24,3366,21
UMTS,1,98829669,12.49716,41.919638,171,29,3297,26
UMTS,1,98829611,12.494724,41.917172,106,36,3005,22
UMTS,1,98828792,12.491384,41.921145,120,28,3441,19
UMTS,1,98832121,12.491011,41.922898,137,22,3636,20
UMTS,1,98828523,12.491347,41.922567,61,7,3598,18
UMTS,1,98828867,12.489721,41.924615,194,42,3831,18
UMTS,1,98828868,12.486298,41.926316,90,20,4045,18
UMTS,1,98828866,12.486081,41.927064,61,3,4130,17
UMTS,1,98834845,12.48556,41.929294,182,37,4381,21
UMTS,1,98829666,12.487142,41.931092,125,11,4565,17
UMTS,1,98829664,12.490702,41.934919,771,38,4971,29
UMTS,1,98502712,12.491283,41.938052,107,15,5318,21
UMTS,1,98838568,12.492178,41.939119,52,4,5436,21
UMTS,1,98835244,12.498423,41.93836,889,6,5376,34
UMTS,1,98829549,12.493984,41.939606,8,2,5492,21
UMTS,1,98829873,12.501322,41.941073,1479,29,5702,52
UMTS,1,98830065,12.508338,41.938579,777,87,5538,39
UMTS,1,98835242,12.507567,41.967168,1575,11,8644,31
UMTS,1,98835091,12.505637,41.975925,1084,21,9588,27
UMTS,1,98830129,12.507478,41.980227,797,24,10081,30
UMTS,1,98835165,12.508385,41.983824,6,4,10486,23
UMTS,1,98831279,12.510378,41.989535,829,71,11137,35
UMTS,1,98831224,12.527244,41.982649,348,36,10671,29
UMTS,1,98858787,12.526926,41.983398,286,31,10744,29
UMTS,1,98831263,12.526813,41.987264,105,8,11156,24
UMTS,1,98437994,12.414456,41.820591,78,7,10077,16
UMTS,1,98435530,12.417351,41.822755,645,54,9738,28
UMTS,1,98437628,12.425786,41.832249,1078,68,8480,26
UMTS,1,98437626,12.438445,41.831931,908,76,7865,28
UMTS,1,98437865,12.446524,41.834835,707,22,7227,30
UMTS,1,98435257,12.458712,41.833851,1404,32,6850,57
UMTS,1,98436329,12.456779,41.840588,448,35,6248,31
UMTS,1,98436325,12.462681,41.841045,251,7,5986,29
UMTS,1,98435528,12.466107,41.843319,145,16,5641,26
UMTS,1,98445391,12.475275,41.84055,39,9,5690,26
UMTS,1,98438917,12.474558,41.839617,73,13,5805,26
UMTS,1,98435527,12.476268,41.843377,27,4,5366,27
UMTS,1,98436369,12.477369,41.844812,141,22,5189,30
UMTS,1,98435261,12.476255,41.84611,41,7,5072,27
UMTS,1,98437721,12.472672,41.853783,195,12,4358,28
UMTS,1,98437720,12.473652,41.85934,352,25,3759,36
UMTS,1,98435459,12.471036,41.85879,42,12,3908,26
UMTS,1,98441618,12.472079,41.859004,56,10,3848,27
UMTS,1,98436652,12.474281,41.8597,60,9,3701,29
UMTS,1,98436345,12.478663,41.863085,14,4,3215,27
UMTS,1,98436602,12.479771,41.869188,130,5,2553,34
UMTS,1,98435354,12.480559,41.873878,329,12,2056,42
UMTS,1,98436363,12.481646,41.876767,285,30,1733,41
UMTS,1,98436549,12.483995,41.880261,90,8,1300,30
UMTS,1,98436547,12.48965,41.886038,390,26,510,42
UMTS,1,98370967,12.494159,41.889742,264,17,159,43
UMTS,1,98376359,12.492949,41.89066,462,39,74,52
UMTS,1,98376360,12.499774,41.889434,190,4,623,38
UMTS,1,98379888,12.50133,41.889488,1534,24,750,154
UMTS,1,98376346,12.504263,41.889664,177,37,991,46
GSM,1,38483,12.507114,41.895889,459,7,1381,62
UMTS,1,98373372,12.509,41.886362,514,26,1446,69
UMTS,1,98379892,12.515036,41.884268,16,5,1995,37
UMTS,1,98370443,12.517743,41.881035,338,34,2340,46
UMTS,1,98369882,12.518589,41.877895,51,9,2570,36
UMTS,1,98764252,12.534212,41.860461,653,17,4793,43
UMTS,1,98369944,12.537296,41.856658,37,5,5271,34
UMTS,1,98379876,12.539269,41.855261,54,8,5497,33
UMTS,1,98772928,12.546491,41.852666,26,4,6129,36
UMTS,1,98764755,12.548468,41.850981,206,6,6377,37
UMTS,1,98775176,12.550972,41.847616,294,14,6785,41
UMTS,1,98765551,12.551398,41.844363,11,2,7066,31
UMTS,1,98765695,12.551894,41.835615,221,19,7821,30
UMTS,1,98769476,12.551417,41.837398,2,2,7643,25
UMTS,1,98765694,12.553619,41.833062,169,4,8132,30
UMTS,1,98765850,12.564411,41.822093,1018,29,9643,49
UMTS,1,98765849,12.573447,41.812465,349,33,10948,40
UMTS,1,98764768,12.575017,41.813965,84,14,10899,34
UMTS,1,98765618,12.579914,41.821935,251,18,10504,40
UMTS,1,98765616,12.582496,41.827955,562,17,10188,46
UMTS,1,98769280,12.587202,41.832707,24,4,10138,36
UMTS,1,98765614,12.589525,41.836161,56,5,10055,42
UMTS,1,98769270,12.590218,41.837721,174,20,9999,45
UMTS,1,98764748,12.59448,41.845088,340,3,9848,60
UMTS,1,98769222,12.597727,41.85207,204,16,9719,65
UMTS,1,98764792,12.598447,41.851445,423,5,9803,71
GSM,1,39426,12.483814,41.89339,597,81,792,73
GSM,1,39774,12.481413,41.889186,4,4,912,33
GSM,1,38486,12.478688,41.887212,713,12,1179,57
GSM,1,13643,12.525077,41.985588,227,19,10940,31
UMTS,1,98835090,12.522909,41.984762,10,2,10807,25
UMTS,1,98829525,12.506357,41.967003,140,4,8612,18
UMTS,1,98830243,12.508743,41.936301,4,3,5301,18
GSM,1,52153,12.509021,41.935552,722,25,5227,42
GSM,1,39079,12.508332,41.930031,134,22,4621,19
UMTS,1,98841048,12.50785,41.928617,464,11,4459,27
UMTS,1,98829822,12.506457,41.927544,91,12,4313,18
UMTS,1,98829824,12.504852,41.925821,5,2,4093,16
UMTS,1,98841050,12.502969,41.923557,23,2,3811,17
UMTS,1,98834846,12.500413,41.921232,290,2,3514,23
UMTS,1,98831248,12.497253,41.918469,12,2,3169,20
UMTS,1,98831250,12.496857,41.916377,124,14,2934,22
UMTS,1,98373548,12.497026,41.915056,176,30,2791,23
UMTS,1,98502358,12.482606,41.905131,29,8,1847,26
UMTS,1,98510864,12.483016,41.904933,35,10,1812,26
UMTS,1,98513050,12.483492,41.903026,61,9,1605,28
UMTS,1,98510852,12.48426,41.902408,11,3,1515,28
UMTS,1,98381939,12.488325,41.903557,471,3,1523,51
UMTS,1,98502657,12.484038,41.902201,3,2,1502,27
UMTS,1,98502658,12.483891,41.897625,376,2,1084,50
UMTS,1,98502659,12.480203,41.900262,82,6,1506,32
UMTS,1,98513051,12.479671,41.900149,89,3,1526,31
UMTS,1,98523308,12.476821,41.899769,166,2,1671,37
UMTS,1,98507542,12.473044,41.899045,43,8,1879,24
UMTS,1,98523309,12.467452,41.902138,562,123,2455,86
UMTS,1,98513047,12.468183,41.902654,63,9,2436,41
UMTS,1,98513049,12.464864,41.900837,380,43,2568,81
UMTS,1,98548278,12.459316,41.902424,437,68,3059,87
UMTS,1,98502667,12.464548,41.902445,6,5,2678,51
UMTS,1,98507475,12.465827,41.900074,500,47,2459,86
UMTS,1,98502379,12.458028,41.902531,323,16,3160,70
UMTS,1,98507231,12.45302,41.899018,372,44,3407,66
UMTS,1,98502004,12.450318,41.896617,506,9,3559,54
UMTS,1,98454211,12.486667,41.89352,54,7,599,38
GSM,1,1911,12.48623,41.893498,222,12,626,47
UMTS,1,98502668,12.481688,41.895174,144,24,1043,37
UMTS,1,98502672,12.48314,41.894966,205,141,930,44
UMTS,1,98513363,12.484492,41.894276,6,5,794,37
UMTS,1,98373353,12.484108,41.894065,52,13,807,39
UMTS,1,98376392,12.487444,41.894977,350,24,670,51
UMTS,1,98369622,12.490241,41.894658,564,11,527,62
UMTS,1,98376393,12.490454,41.898779,12,3,968,28
UMTS,1,98376188,12.492219,41.90021,216,38,1114,31
UMTS,1,98373442,12.488906,41.903374,177,36,1493,33
UMTS,1,98373440,12.48902,41.906043,78,10,1783,26
UMTS,1,98379679,12.489855,41.907021,51,10,1882,25
UMTS,1,98379680,12.488518,41.909258,18,4,2143,23
UMTS,1,98370985,12.491189,41.910244,29,3,2231,23
UMTS,1,98369962,12.503417,41.910834,30,4,2472,23
UMTS,1,98373379,12.505908,41.908692,9,2,2345,25
UMTS,1,98371131,12.513266,41.910431,10,3,2842,24
UMTS,1,98370911,12.515483,41.910611,119,3,2973,27
UMTS,1,98376067,12.519439,41.909727,132,9,3126,28
UMTS,1,98376111,12.522423,41.908881,547,8,3248,34
UMTS,1,98370926,12.523775,41.908556,69,4,3313,29
UMTS,1,98370924,12.526633,41.908064,124,18,3471,28
UMTS,1,98370910,12.529078,41.907871,66,7,3628,27
UMTS,1,98376068,12.529003,41.907874,928,14,3622,47
UMTS,1,98370060,12.53208,41.904441,380,23,3659,32
UMTS,1,98370061,12.531518,41.900971,89,4,3466,31
UMTS,1,98379682,12.544522,41.89982,403,9,4461,45
UMTS,1,98371470,12.551314,41.902517,774,12,5083,55
UMTS,1,98379652,12.555134,41.902267,49,4,5382,36
UMTS,1,98373349,12.569012,41.906098,1438,20,6604,78
UMTS,1,98371311,12.580673,41.909092,544,8,7625,43
UMTS,1,98372605,12.601676,41.915901,257,14,9512,25
UMTS,1,98372603,12.611585,41.920985,525,53,10470,41
UMTS,1,98373375,12.610804,41.920269,592,65,10382,43
UMTS,1,98374432,12.609921,41.92571,1210,8,10524,53
UMTS,1,98376049,12.615341,41.914591,268,21,10561,32
UMTS,1,98372395,12.615366,41.899638,17,2,10264,20
UMTS,1,98372685,12.615066,41.892733,442,3,10189,33
UMTS,1,98372364,12.614083,41.888165,246,14,10107,29
UMTS,1,98765621,12.600431,41.862788,256,29,9474,52
UMTS,1,98765848,12.574757,41.814323,31,3,10854,33
UMTS,1,98765964,12.570896,41.811645,77,6,10892,29
UMTS,1,98780570,12.551058,41.801199,65,5,11020,26
UMTS,1,98445253,12.523722,41.795143,81,6,10872,26
UMTS,1,98445255,12.510597,41.7942,52,4,10767,26
UMTS,1,98441662,12.432773,41.803741,141,22,10799,25
UMTS,1,98438952,12.418424,41.80748,1595,29,11046,49
UMTS,1,98447831,12.399469,41.815375,1091,16,11335,27
UMTS,1,98448267,12.393458,41.816836,813,122,11565,23
UMTS,1,98448266,12.403504,41.817832,810,13,10907,24
UMTS,1,98441711,12.406148,41.8196,381,16,10614,17
UMTS,1,98442048,12.417245,41.821956,477,28,9812,22
UMTS,1,98437561,12.421104,41.829446,610,20,8970,24
UMTS,1,98437627,12.44745,41.834025,214,12,7264,25
UMTS,1,98445294,12.451513,41.838065,219,9,6706,26
UMTS,1,98435279,12.452928,41.84071,193,14,6394,25
UMTS,1,98437993,12.423743,41.832635,454,16,8560,21
UMTS,1,98437560,12.419927,41.828954,71,5,9076,20
UMTS,1,98371020,12.502301,41.892893,216,20,880,51
UMTS,1,98370084,12.502234,41.892576,248,13,864,50
UMTS,1,98371021,12.502401,41.891667,220,10,852,47
UMTS,1,98371299,12.503922,41.88874,115,21,975,43
UMTS,1,98370082,12.502562,41.88565,418,38,986,48
UMTS,1,98438329,12.452575,41.802127,179,14,10321,25
GSM,1,40299,12.450135,41.80141,36,5,10463,21
UMTS,1,98441520,12.400274,41.81129,8,2,11627,14
UMTS,1,98764540,12.598313,41.853821,176,9,9680,62
UMTS,1,98765225,12.600298,41.862365,45,2,9479,43
UMTS,1,98375915,12.613068,41.885671,299,2,10033,30
UMTS,1,98375912,12.614894,41.890753,276,17,10172,27
UMTS,1,98835277,12.583044,41.955539,457,23,10456,20
UMTS,1,98835278,12.565637,41.959315,18391,25,9795,1543
GSM,1,13832,12.433708,41.893546,118,112,4879,23
UMTS,1,98504500,12.428659,41.895053,1615,29,5311,64
UMTS,1,98502336,12.437506,41.894426,405,35,4574,26
UMTS,1,98507204,12.446649,41.895752,1077,50,3841,86
UMTS,1,98502680,12.452003,41.898865,63,5,3483,35
UMTS,1,98519745,12.472456,41.896912,140,17,1811,27
UMTS,1,98519744,12.474865,41.896422,126,19,1607,30
UMTS,1,98519746,12.476364,41.895927,21,8,1471,26
UMTS,1,98507521,12.476833,41.894889,63,14,1388,27
UMTS,1,98502676,12.4794,41.894937,10,3,1196,28
UMTS,1,98454212,12.487217,41.893176,12,5,539,36
UMTS,1,98371248,12.495436,41.890245,202,24,257,40
GSM,1,3011,12.509381,41.892824,49,13,1445,47
UMTS,1,98385236,12.501601,41.895099,106,10,944,44
UMTS,1,98372853,12.501448,41.895092,5,2,933,34
UMTS,1,98510920,12.474449,41.911341,298,18,2780,23
UMTS,1,98501127,12.476922,41.911807,52,14,2721,20
UMTS,1,98507570,12.472563,41.912254,51,9,2950,20
UMTS,1,98501128,12.471412,41.913484,311,38,3117,22
UMTS,1,98501115,12.472897,41.90753,213,21,2513,22
UMTS,1,98502438,12.468259,41.902983,474,11,2452,82
UMTS,1,98502452,12.47297,41.90448,36,4,2259,24
UMTS,1,98501124,12.472469,41.903993,11,4,2252,25
UMTS,1,98501027,12.466571,41.903815,253,20,2620,64
UMTS,1,98501125,12.468549,41.904391,7,3,2527,30
UMTS,1,98501878,12.467566,41.904625,71,9,2607,37
UMTS,1,98500884,12.465306,41.904752,142,13,2766,45
UMTS,1,98503508,12.449631,41.896517,15,5,3613,22
UMTS,1,98503510,12.444388,41.895974,347,53,4030,23
UMTS,1,98502006,12.439601,41.895649,61,6,4418,20
UMTS,1,98501858,12.4359,41.893902,297,49,4701,25
UMTS,1,98507233,12.433795,41.893744,2,2,4874,21
UMTS,1,98764796,12.56857,41.853252,12,9,7541,56
UMTS,1,98764546,12.575123,41.848658,37,2,8276,47
UMTS,1,98829928,12.486281,41.928283,42,5,4262,17
UMTS,1,98371520,12.600524,41.933983,86,3,10210,24
GSM,1,38629,12.61444,41.916566,374,2,10547,38
UMTS,1,98373377,12.604034,41.916467,491,20,9717,32
UMTS,1,98376087,12.537655,41.90716,329,3,4207,32
UMTS,1,98769223,12.599245,41.857484,268,4,9589,60
UMTS,1,98765606,12.599341,41.856993,15,4,9617,50
UMTS,1,98769212,12.600119,41.861858,10,2,9484,41
GSM,1,38951,12.475591,41.9869,1255,35,10832,28
UMTS,1,98835164,12.494636,41.988276,4546,22,10898,74
UMTS,1,98835092,12.51015,41.989968,131,6,11182,28
UMTS,1,98858788,12.520619,41.98543,469,5,10837,31
UMTS,1,98830248,12.544919,41.97458,128,2,10340,20
UMTS,1,98371487,12.574419,41.90818,69,7,7099,37
UMTS,1,98371282,12.573549,41.906371,256,40,6975,40
UMTS,1,98385223,12.574216,41.900905,223,12,6899,36
UMTS,1,98385220,12.57715,41.898964,359,111,7106,38
GSM,1,39686,12.627143,41.919297,1148,6,11644,37
UMTS,1,98371484,12.626876,41.924807,1139,132,11807,31
GSM,1,38630,12.624432,41.923253,1225,2,11560,37
GSM,1,4692,12.506649,41.895935,10,11,1349,42
UMTS,1,98371526,12.511141,41.88387,26,3,1710,41
GSM,1,38471,12.524985,41.877318,336,3,3063,47
GSM,1,39085,12.526111,41.876467,25,3,3190,37
GSM,1,39554,12.524515,41.877455,176,2,3021,39
UMTS,1,98372213,12.521771,41.8876,4,2,2460,33
UMTS,1,98370979,12.528786,41.892621,349,12,3037,43
UMTS,1,98369942,12.541472,41.892534,198,7,4086,44
UMTS,1,98369941,12.551483,41.890193,1204,64,4909,80
UMTS,1,98371074,12.561322,41.889344,664,22,5726,57
UMTS,1,98372252,12.576157,41.899107,263,64,7026,35
GSM,1,39561,12.445982,41.832195,782,50,7501,31
GSM,1,39563,12.446497,41.83215,468,198,7484,26
UMTS,1,98376371,12.612348,41.922218,440,18,10575,36
UMTS,1,98373363,12.618865,41.926941,1352,16,11264,46
GSM,1,40099,12.525534,41.980176,7491,47,10369,238
UMTS,1,98830250,12.577104,41.960064,128,9,10474,18
UMTS,1,98831424,12.544244,41.97395,8124,70,10253,305
UMTS,1,98831396,12.543749,41.972409,253,13,10080,25
UMTS,1,98831426,12.540203,41.968175,332,25,9530,19
UMTS,1,98829522,12.533896,41.965875,1582,56,9087,48
UMTS,1,98832111,12.525876,41.965276,1246,105,8793,33
UMTS,1,98834842,12.525897,41.963835,113,26,8642,20
UMTS,1,98831163,12.525785,41.963182,448,41,8570,21
UMTS,1,98831161,12.531664,41.95975,159,17,8388,17
UMTS,1,98831607,12.539724,41.9558,499,31,8281,23
UMTS,1,98831606,12.545035,41.953086,158,24,8242,21
UMTS,1,98834866,12.549945,41.949365,490,47,8128,24
UMTS,1,98831181,12.5521,41.945479,442,57,7894,28
UMTS,1,98831408,12.552421,41.942347,154,30,7644,21
UMTS,1,98831470,12.559385,41.93915,1627,9,7780,63
UMTS,1,98388680,12.556879,41.932651,152,13,7137,21
UMTS,1,98372613,12.559983,41.931662,311,16,7262,24
UMTS,1,98372612,12.565155,41.926227,585,37,7248,34
UMTS,1,98369729,12.564108,41.92551,96,12,7132,23
UMTS,1,98372318,12.565881,41.922683,186,14,7090,29
UMTS,1,98372320,12.564395,41.922523,59,10,6975,26
UMTS,1,98379656,12.564834,41.922973,12,3,7032,25
UMTS,1,98379654,12.566188,41.921622,226,22,7053,30
UMTS,1,98379655,12.567663,41.918181,165,6,6982,31
UMTS,1,98370122,12.570858,41.913822,777,20,7025,50
UMTS,1,98370123,12.572928,41.908626,329,32,6995,40
UMTS,1,98372666,12.58606,41.905784,757,3,7968,45
UMTS,1,98372060,12.605989,41.917327,213,20,9901,32
UMTS,1,98832191,12.472764,41.989765,1962,69,11180,35
UMTS,1,98830958,12.489763,41.985644,105,8,10606,23
UMTS,1,98830128,12.500059,41.988941,756,35,10989,28
UMTS,1,98830871,12.578847,41.958475,1530,18,10442,33
UMTS,1,98830870,12.584499,41.952871,7021,35,10341,314
UMTS,1,98372116,12.600933,41.933534,412,49,10216,31
UMTS,1,98369715,12.609888,41.934985,255,16,10949,22
UMTS,1,98369714,12.617516,41.937257,229,3,11628,15
UMTS,1,98372062,12.576843,41.909557,499,19,7335,40
UMTS,1,98372061,12.573891,41.902984,14,3,6916,33
UMTS,1,98372668,12.574546,41.901549,489,9,6938,43
UMTS,1,98371490,12.576447,41.901057,6,3,7084,33
UMTS,1,98372254,12.574599,41.903191,112,11,6978,34
UMTS,1,98371488,12.626864,41.896428,3374,4,11186,118
GSM,1,39122,12.626316,41.891804,1834,9,11121,50
GSM,1,38950,12.490788,41.985947,167,2,10638,24
GSM,1,39501,12.501304,41.989318,705,24,11037,31
GSM,1,13645,12.509308,41.990367,46,6,11217,25
GSM,1,43033,12.530794,41.980537,65,6,10531,23
GSM,1,44185,12.53934,41.975463,269,6,10244,23
GSM,1,39081,12.542738,41.973716,21,2,10177,19
GSM,1,44186,12.54158,41.971855,158,4,9949,22
GSM,1,44187,12.540845,41.972215,58,9,9961,22
UMTS,1,98870971,12.540756,41.971995,84,8,9936,22
UMTS,1,98830251,12.540117,41.968799,31,3,9590,16
GSM,1,39445,12.478465,41.877442,273,12,1823,40
GSM,1,13749,12.479628,41.877928,242,8,1720,39
GSM,1,13751,12.476728,41.879875,298,29,1727,35
GSM,1,13750,12.4774,41.878605,79,2,1785,32
GSM,1,38487,12.473603,41.884093,281,7,1694,36
GSM,1,23843,12.481852,41.875009,189,29,1895,41
GSM,1,38566,12.48012,41.856324,387,9,3893,36
GSM,1,38570,12.470419,41.829955,218,8,6931,28
GSM,1,39562,12.466899,41.8303,73,3,6977,27
GSM,1,38572,12.46652,41.831162,85,3,6895,27
GSM,1,47294,12.458379,41.895905,910,28,2888,115
GSM,1,38579,12.462502,41.899917,764,21,2701,127
GSM,1,39490,12.456519,41.896123,375,55,3044,56
GSM,1,39547,12.456941,41.898279,584,84,3071,96
GSM,1,39489,12.456505,41.896686,700,58,3059,89
GSM,1,47295,12.459233,41.896527,812,7,2835,107
GSM,1,6697,12.458314,41.895525,20,4,2884,34
GSM,1,38929,12.456663,41.895652,329,39,3021,46
GSM,1,39451,12.463019,41.89933,684,5,2636,115
GSM,1,38929,12.456789,41.896385,143,2,3029,43
GSM,1,5185,12.455445,41.897879,339,20,3178,63
GSM,1,4787,12.460266,41.897299,771,10,2776,110
GSM,1,39491,12.457617,41.894757,100,12,2925,34
GSM,1,5243,12.457796,41.900458,735,21,3085,121
GSM,1,39269,12.456485,41.898125,966,54,3103,124
GSM,1,39491,12.455075,41.896662,556,21,3174,73
GSM,1,39270,12.458008,41.901976,692,41,3135,120
GSM,1,38577,12.463744,41.901709,174,10,2696,64
GSM,1,39421,12.464117,41.902131,583,70,2691,98
GSM,1,5244,12.46328,41.901872,537,20,2738,94
GSM,1,39423,12.461772,41.902388,438,81,2876,89
GSM,1,5242,12.464049,41.902025,143,3,2690,65
GSM,1,5242,12.465168,41.902175,446,54,2618,86
GSM,1,4843,12.465957,41.901564,109,4,2528,59
GSM,1,42872,12.464273,41.90233,376,72,2691,82
GSM,1,11603,12.46643,41.90142,21,6,2486,48
GSM,1,4843,12.4649,41.902412,179,30,2651,71
GSM,1,16047,12.466444,41.90153,25,6,2491,50
GSM,1,16048,12.466445,41.901544,10,3,2491,47
GSM,1,11603,12.466352,41.901996,60,5,2524,53
GSM,1,39546,12.464267,41.902445,201,14,2698,70
GSM,1,5699,12.466399,41.901803,22,4,2509,49
GSM,1,39546,12.483252,41.888748,20310,47,769,1755
GSM,1,39057,12.466397,41.90187,30,5,2513,50
GSM,1,39059,12.465006,41.902453,233,19,2646,73
GSM,1,4785,12.462998,41.902527,278,12,2794,74
GSM,1,38635,12.464806,41.902666,339,22,2672,76
GSM,1,5990,12.459442,41.902508,457,43,3053,89
GSM,1,38510,12.430065,41.813579,2387,9,9955,80
GSM,1,39037,12.434109,41.81538,549,4,9611,33
GSM,1,26083,12.463543,41.839424,386,5,6122,30
GSM,1,38989,12.474303,41.847961,454,3,4921,33
GSM,1,52643,12.478133,41.855292,167,6,4049,31
GSM,1,52642,12.480017,41.856632,116,16,3863,32
GSM,1,38429,12.481313,41.856512,14,3,3849,29
GSM,1,42551,12.493448,41.889214,480,16,141,53
GSM,1,39133,12.488027,41.884492,365,7,725,41
GSM,1,39135,12.484556,41.880827,3,2,1222,30
GSM,1,40190,12.424846,41.809894,95,2,10531,18
GSM,1,4840,12.372248,41.862103,646,3,10444,15
GSM,1,26083,12.454663,41.851648,861,7,5299,34
GSM,1,42845,12.509638,41.821555,3133,14,7755,82
GSM,1,38622,12.499854,41.818464,997,3,7989,43
GSM,1,51704,12.468887,41.817105,2638,4,8345,90
UMTS,1,99007076,12.59946,41.881375,1260,2,8945,68
UMTS,1,98961870,12.58549,41.876947,3,2,7870,44
UMTS,1,98835243,12.517801,41.949072,200,3,6874,25
UMTS,1,98833873,12.50012,41.921577,2,2,3547,18
UMTS,1,98838423,12.518665,41.948396,581,4,6825,29
UMTS,1,98829919,12.520631,41.947512,391,2,6787,27
GSM,1,42554,12.516907,41.950216,800,10,6973,30
GSM,1,38451,12.47002,41.797459,2184,3,10463,54
GSM,1,52928,12.506553,41.815083,2917,5,8423,86
GSM,1,4396,12.508316,41.873805,224,3,2250,43
GSM,1,7798,12.386731,41.88384,2104,2,8792,38
UMTS,1,98850851,12.434785,41.933428,15252,505,6773,1351
GSM,1,38623,12.497133,41.814711,71,9,8391,34
GSM,1,39119,12.50622,41.80108,1757,3,9962,57
UMTS,1,98513055,12.439044,41.970626,1,3,9969,12
GSM,1,42501,12.559268,41.983365,2,2,11745,12
UMTS,1,98369879,12.516793,41.880274,6933,66,2308,946
UMTS,1,98965889,12.591291,41.820122,1352,3,11316,59
UMTS,1,98371468,12.556696,41.908225,6,2,5705,31
UMTS,1,98371468,12.556999,41.90805,3,2,5721,32
UMTS,1,98501121,12.423441,41.8926,0,2,5723,16
UMTS,1,98850848,12.493975,41.994928,39,9,11636,22
UMTS,1,98964267,12.58006,41.865261,1057,4,7790,100
UMTS,1,98372784,12.531109,41.881711,67,13,3352,39
UMTS,1,98369935,12.529981,41.879838,246,2,3329,40
UMTS,1,98369871,12.531039,41.881776,60,6,3345,39
UMTS,1,98505208,12.413536,41.9243,157,7,7557,15
UMTS,1,98900644,12.460224,41.877314,16,10,3023,20
UMTS,1,98962008,12.479411,41.857594,2708,6,3774,133
UMTS,1,98420108,12.528646,41.877857,55,11,3310,36
UMTS,1,98372078,12.528638,41.877881,3,4,3308,35
UMTS,1,98899114,12.486992,41.902593,385,4,1448,50
UMTS,1,98915787,12.488267,41.903032,285,4,1467,34
UMTS,1,98982463,12.630671,41.862264,1535,12,11894,76
UMTS,1,98962005,12.625613,41.851639,177,2,11863,40
UMTS,1,98846528,12.501497,41.918086,17,5,3192,18
UMTS,1,98895256,12.503505,41.88809,374,5,955,52
UMTS,1,98895812,12.51274,41.880736,920,4,1992,86
UMTS,1,98369873,12.526305,41.877858,425,15,3134,50
UMTS,1,98960859,12.547797,41.866205,286,4,5318,48
UMTS,1,98961406,12.544977,41.8672,0,2,5060,36
UMTS,1,98900252,12.478723,41.879593,1197,5,1629,82
UMTS,1,98900458,12.474454,41.881532,427,2,1767,39
UMTS,1,98379683,12.527716,41.894884,836,5,2982,51
UMTS,1,98894038,12.502291,41.907411,775,4,2085,58
UMTS,1,98370219,12.526154,41.928189,17043,5,5069,1672
UMTS,1,98895801,12.530961,41.881818,62,3,3337,39
UMTS,1,98379626,12.541638,41.892664,59,2,4101,42
UMTS,1,98894364,12.521339,41.893528,452,6,2436,44
UMTS,1,98900208,12.526009,41.89332,31,3,2816,35
UMTS,1,98500826,12.425415,41.900037,871,11,5660,31
UMTS,1,98518955,12.427138,41.892184,1,3,5415,19
UMTS,1,98897712,12.490525,41.859149,4251,3,3449,284
UMTS,1,98895300,12.487386,41.883059,2023,26,890,176
UMTS,1,98894372,12.500397,41.885523,1575,11,845,145
UMTS,1,98903750,12.507656,41.908665,0,2,2415,27
UMTS,1,98501138,12.423997,41.892455,17,2,5676,18
UMTS,1,98372188,12.485157,41.896917,498,4,956,63
GSM,1,44664,12.389415,41.820873,882,2,11501,20
UMTS,1,98900445,12.511181,41.905897,570,2,2344,41
UMTS,1,98903663,12.50778,41.902298,167,2,1859,40
UMTS,1,98898716,12.507415,41.900756,306,4,1717,47
UMTS,1,98904009,12.462065,41.882899,105,4,2638,20
GSM,1,38502,12.491409,41.892265,289,2,244,50
UMTS,1,98838401,12.515238,41.9356,29,2,5391,24
UMTS,1,98963883,12.5926,41.858536,842,24,9035,87
GSM,1,4537,12.598961,41.858952,3795,10,9506,287
UMTS,1,98966286,12.617628,41.867909,1859,7,10690,102
UMTS,1,98829644,12.515131,41.935686,4,2,5397,23
UMTS,1,98445017,12.416655,41.818004,164,3,10185,17
UMTS,1,98838426,12.560901,41.945002,87,16,8333,19
UMTS,1,98899496,12.514771,41.892131,305,5,1874,51
UMTS,1,98897653,12.511487,41.89442,308,4,1658,53
UMTS,1,98962457,12.580604,41.811539,1348,16,11402,57
UMTS,1,98895115,12.482246,41.875681,262,3,1814,42
UMTS,1,98900456,12.48169,41.876813,266,2,1726,41
UMTS,1,98894237,12.476528,41.885883,632,3,1395,49
UMTS,1,98500683,12.462905,41.947073,655,5,6775,20
UMTS,1,98500937,12.467772,41.94815,2,2,6754,19
UMTS,1,98379688,12.57286,41.923363,279,4,7631,25
UMTS,1,98961116,12.486027,41.824869,609,2,7272,35
UMTS,1,98372684,12.611458,41.899859,19,2,9944,21
UMTS,1,98906268,12.471383,41.910272,5,4,2829,18
UMTS,1,98503136,12.391046,41.884806,647,26,8427,20
UMTS,1,98966284,12.629673,41.873804,96,2,11543,28
UMTS,1,98370782,12.564181,41.884716,31,2,5994,44
GSM,1,39166,12.450163,41.907898,95,2,4014,16
UMTS,1,98829665,12.490195,41.926832,3,2,4075,17
UMTS,1,98830066,12.513464,41.929407,1,3,4697,19
UMTS,1,98503731,12.394687,41.905359,351,4,8276,23
GSM,1,6895,12.401197,41.911565,179,2,7926,17
UMTS,1,98507205,12.421349,41.912479,1182,2,6389,29
UMTS,1,98510416,12.421267,41.925865,10,4,7105,16
UMTS,1,98838418,12.514911,41.927765,249,3,4576,25
UMTS,1,98829702,12.514857,41.927704,222,3,4568,24
UMTS,1,98832095,12.518516,41.924369,277,5,4375,24
GSM,1,43041,12.517572,41.923234,311,3,4227,23
UMTS,1,98506259,12.426081,41.895563,62,10,5530,21
UMTS,1,98500830,12.425927,41.895282,8,5,5539,20
UMTS,1,98503269,12.4221,41.90307,52,2,6001,17
UMTS,1,98505209,12.410485,41.912347,817,3,7224,25
GSM,1,39998,12.389207,41.90327,4475,7,8680,127
UMTS,1,98507577,12.392573,41.904298,113,2,8425,19
UMTS,1,98507244,12.391103,41.901854,96,7,8500,19
UMTS,1,98523502,12.391266,41.901688,211,15,8483,23
GSM,1,7335,12.565112,41.831108,2120,12,8919,93
UMTS,1,98961408,12.530014,41.868767,108,2,3928,42
UMTS,1,98374813,12.540807,41.893801,534,4,4043,52
UMTS,1,98965887,12.491472,41.828599,47,5,6839,28
UMTS,1,98900693,12.460898,41.898515,132,7,2768,45
UMTS,1,98895657,12.461913,41.898129,335,12,2674,60
UMTS,1,98895608,12.499055,41.874257,200,2,1853,36
UMTS,1,98966210,12.501826,41.862803,444,2,3140,40
UMTS,1,98944401,12.460243,41.897156,18,2,2773,33
GSM,1,4258,12.515056,41.911085,2,5,2991,25
GSM,1,40161,12.514917,41.910941,4,3,2972,26
GSM,1,11680,12.514898,41.910947,1,2,2971,26
GSM,1,7796,12.387202,41.912191,991,3,9059,23
UMTS,1,98895504,12.459935,41.913206,34,10,3710,16
GSM,1,38979,12.487967,41.905083,534,2,1695,50
UMTS,1,98908364,12.477041,41.907013,20,7,2260,20
UMTS,1,98908366,12.476956,41.906885,17,2,2252,20
UMTS,1,98543309,12.391679,41.900958,136,2,8438,19
UMTS,1,98832107,12.532935,41.94939,536,8,7389,25
UMTS,1,98832108,12.534517,41.94666,308,9,7184,24
UMTS,1,98503526,12.38625,41.903161,330,2,8920,18
UMTS,1,98500903,12.391973,41.903862,170,4,8465,21
UMTS,1,98507207,12.419646,41.92773,1,2,7332,14
UMTS,1,98838400,12.515209,41.939136,445,12,5760,30
UMTS,1,98829643,12.515617,41.940486,389,4,5912,28
UMTS,1,98831503,12.516978,41.943912,15,2,6309,22
UMTS,1,98829916,12.517325,41.943859,24,5,6313,22
UMTS,1,98895607,12.505862,41.880484,116,5,1555,43
UMTS,1,98376000,12.55506,41.877585,6,3,5391,50
UMTS,1,98369869,12.556458,41.878491,467,5,5478,57
UMTS,1,98895851,12.505427,41.880817,98,5,1503,43
UMTS,1,98975036,12.478388,41.850893,13,4,4513,27
UMTS,1,98894242,12.457643,41.907662,304,3,3472,29
UMTS,1,98503527,12.391046,41.901745,39,4,8502,19
UMTS,1,98440355,12.441683,41.813835,16,4,9464,25
UMTS,1,98374431,12.618806,41.937674,16,4,11744,12
GSM,1,52522,12.607679,41.832017,1105,12,11552,56
UMTS,1,98960673,12.448707,41.815947,14918,56,9005,1223
UMTS,1,98507578,12.394951,41.909948,3,4,8373,16
UMTS,1,98453251,12.441713,41.813838,1,2,9463,25
UMTS,1,98833673,12.532616,41.954366,52,6,7874,17
UMTS,1,98973662,12.479677,41.846615,275,5,4950,32
UMTS,1,98960924,12.489735,41.855402,1316,8,3868,66
UMTS,1,98829831,12.504398,41.919924,5,5,3452,18
UMTS,1,98977256,12.514944,41.805867,6566,7,9550,219
UMTS,1,98977175,12.520735,41.804857,6242,9,9765,182
UMTS,1,98982827,12.580612,41.82552,1518,12,10261,72
UMTS,1,98369885,12.539092,41.881872,0,3,3989,35
UMTS,1,99028448,12.453999,41.826913,20,2,7713,24
UMTS,1,98835020,12.504242,41.909944,29,2,2408,23
UMTS,1,98832100,12.502148,41.909721,154,3,2319,27
UMTS,1,98373350,12.562112,41.887685,955,71,5798,76
UMTS,1,98895320,12.516401,41.900397,11,2,2297,30
UMTS,1,98916005,12.484564,41.902842,289,2,1547,41
UMTS,1,98916006,12.481079,41.899419,416,5,1388,55
UMTS,1,98908157,12.483483,41.902315,85,3,1535,32
UMTS,1,98894384,12.513554,41.880951,527,5,2037,61
UMTS,1,98961937,12.631402,41.866652,16,3,11835,34
UMTS,1,98964027,12.632555,41.867805,368,20,11901,44
UMTS,1,98966285,12.631606,41.867824,190,2,11824,40
UMTS,1,98507239,12.461236,41.928955,198,6,5021,14
UMTS,1,98507243,12.392508,41.902678,40,2,8399,19
UMTS,1,99031872,12.419638,41.825811,299,12,9356,22
UMTS,1,99037653,12.453273,41.839706,3345,122,6475,140
UMTS,1,98961842,12.487206,41.855954,236,9,3824,36
UMTS,1,98960800,12.57757,41.848786,57,4,8438,50
UMTS,1,98982270,12.575308,41.854166,4916,6,7965,381
UMTS,1,98961357,12.577082,41.844852,11565,14,8651,1028
UMTS,1,98983148,12.60531,41.880924,1599,3,9433,81
UMTS,1,98900466,12.503104,41.909926,27,4,2369,26
UMTS,1,98438129,12.432222,41.796842,5561,152,11505,129
UMTS,1,98959543,12.484183,41.850219,2473,92,4488,109
UMTS,1,98961197,12.565253,41.862167,626,14,6805,77
UMTS,1,98963223,12.566524,41.861521,1303,24,6932,121
UMTS,1,98962229,12.606144,41.862217,2,4,9944,38
UMTS,1,98969555,12.453884,41.852611,15,7,5252,28
GSM,1,52644,12.451844,41.852263,262,5,5387,29
UMTS,1,98965908,12.452246,41.852781,402,3,5321,31
UMTS,1,98966283,12.448295,41.839228,1364,2,6736,45
GSM,1,39533,12.452978,41.852676,145,5,5293,29
UMTS,1,99025102,12.454229,41.853578,215,2,5150,29
UMTS,1,98897713,12.453885,41.852694,39,4,5245,28
UMTS,1,99031846,12.443456,41.862717,467,8,5075,25
UMTS,1,99026379,12.443171,41.862467,75,4,5111,21
GSM,1,42522,12.442493,41.860672,486,5,5277,28
UMTS,1,98895823,12.443186,41.859274,12,5,5331,19
UMTS,1,98895590,12.443156,41.859284,4,2,5332,19
UMTS,1,98896501,12.530092,41.883117,518,8,3230,47
UMTS,1,99162820,12.453795,41.933729,18,4,5798,18
UMTS,1,99170292,12.453588,41.933708,33,4,5806,18
UMTS,1,99157274,12.45406,41.934065,126,4,5817,19
UMTS,1,99170293,12.454664,41.934484,116,3,5829,19
UMTS,1,99162821,12.454707,41.934403,128,5,5820,19
UMTS,1,99157660,12.446071,41.91064,16,5,4461,15
GSM,1,19444,12.47956,41.854737,209,2,4076,31
UMTS,1,98895310,12.492722,41.889649,551,7,66,55
UMTS,1,98961843,12.489278,41.851715,106,4,4279,33
UMTS,1,98962266,12.496807,41.872529,121,4,1994,36
UMTS,1,98904184,12.501434,41.887268,1569,6,821,148
UMTS,1,98895587,12.504316,41.889412,162,6,998,46
UMTS,1,98895586,12.508092,41.887501,26,2,1341,40
UMTS,1,98895276,12.508981,41.886775,188,6,1432,43
UMTS,1,98894383,12.513532,41.888059,122,2,1775,40
UMTS,1,98894365,12.512739,41.89437,1025,15,1756,94
UMTS,1,98379627,12.529103,41.897414,583,5,3155,48
UMTS,1,98391955,12.533914,41.908308,21,3,3995,26
UMTS,1,98829721,12.525417,41.931043,52,2,5304,30
UMTS,1,98838042,12.515532,41.939224,96,2,5778,25
UMTS,1,99157557,12.484462,41.93995,89,2,5567,17
UMTS,1,98524694,12.470511,41.940909,107,2,5918,16
UMTS,1,99159277,12.457914,41.939243,30,2,6152,13
UMTS,1,98503028,12.42248,41.912715,394,5,6313,23
UMTS,1,98503819,12.42172,41.912909,29,2,6380,18
UMTS,1,98551677,12.422511,41.911716,0,2,6268,18
GSM,1,40174,12.435174,41.909759,4,3,5218,16
UMTS,1,76824065,12.412639,41.922863,11,4,7543,16
UMTS,1,76824067,12.412671,41.922848,0,2,7540,16
UMTS,1,98963232,12.511553,41.842748,20,3,5503,29
GSM,1,39389,12.517287,41.880096,108,2,2354,40
UMTS,1,98983101,12.631951,41.8667,16,6,11879,32
UMTS,1,98895308,12.501385,41.893489,22,3,836,37
UMTS,1,98895528,12.501423,41.89388,82,4,859,43
UMTS,1,98369934,12.531271,41.881874,17,8,3360,37
UMTS,1,99035057,12.420996,41.804128,1131,2,11244,35
UMTS,1,99037655,12.401485,41.808595,1508,5,11790,27
UMTS,1,99028776,12.418233,41.808148,4312,20,10994,110
UMTS,1,99031873,12.441692,41.895722,9818,2,4247,991
UMTS,1,99025355,12.464701,41.841875,5156,17,5834,242
UMTS,1,98960976,12.489037,41.856874,84,3,3708,35
UMTS,1,98371283,12.565061,41.913144,8,4,6552,31
UMTS,1,98961935,12.6314,41.865795,293,6,11857,45
UMTS,1,98505991,12.432087,41.898751,101,2,5089,19
UMTS,1,98505989,12.438653,41.900787,108,12,4607,16
UMTS,1,98742095,12.455074,41.785813,8230,35,11997,194
UMTS,1,98371519,12.607209,41.926745,1973,5,10360,76
UMTS,1,98897734,12.463259,41.907287,8,3,3071,20
UMTS,1,98895156,12.463327,41.907343,0,2,3070,20
UMTS,1,98391590,12.538154,41.908575,13,3,4316,27
UMTS,1,98907855,12.500074,41.896508,348,4,952,52
UMTS,1,98899497,12.506907,41.896601,454,5,1404,61
UMTS,1,98369877,12.521741,41.881848,218,3,2610,34
UMTS,1,98371471,12.556387,41.889082,1529,49,5317,102
UMTS,1,98371252,12.5617,41.887532,651,14,5764,58
UMTS,1,98369931,12.556094,41.883383,730,21,5345,65
UMTS,1,98387828,12.556129,41.886304,683,3,5312,62
GSM,1,42563,12.564438,41.865168,2579,13,6598,218
GSM,1,39039,12.43903,41.812446,1082,2,9701,51
UMTS,1,98387901,12.53915,41.89076,800,40,3886,57
UMTS,1,98370865,12.538917,41.890791,17,20,3866,40
UMTS,1,98369886,12.5389,41.890741,16,7,3865,40
UMTS,1,98372713,12.561893,41.887359,16,5,5781,45
UMTS,1,98383833,12.555621,41.882608,235,13,5319,53
UMTS,1,98379158,12.555284,41.883181,174,3,5282,49
UMTS,1,98391593,12.550905,41.89122,82,2,4862,38
UMTS,1,98369868,12.556255,41.88281,1,3,5368,46
UMTS,1,98383852,12.531349,41.882302,61,3,3354,39
UMTS,1,98834865,12.560728,41.946312,2,4,8430,18
GSM,1,39161,12.370453,41.864195,483,7,10520,15
UMTS,1,99027144,12.445878,41.812754,1135,5,9424,50
UMTS,1,98894047,12.503948,41.899878,10,6,1446,32
UMTS,1,98897652,12.506623,41.900116,351,5,1620,51
UMTS,1,98895824,12.441593,41.872836,50,6,4630,15
UMTS,1,98504503,12.400802,41.957105,62,3,10625,12
UMTS,1,98965867,12.622054,41.863789,3732,27,11159,196
UMTS,1,2973972,12.516853,41.871831,153,8,2879,43
UMTS,1,2980005,12.521219,41.872226,615,45,3118,64
UMTS,1,2980015,12.52213,41.872783,55,3,3138,39
UMTS,1,2980049,12.517051,41.871251,113,8,2937,41
UMTS,1,2983218,12.451487,41.826602,42,3,7833,24
UMTS,1,2983226,12.45017,41.825558,69,2,7985,24
UMTS,1,2091788,12.487499,41.900087,8,2,1171,28
UMTS,1,2987729,12.487551,41.900129,8,3,1174,28
UMTS,1,2716492,12.631253,41.866789,9,2,11820,34
UMTS,1,3003146,12.483783,41.842817,59,7,5307,30
UMTS,1,2651267,12.631586,41.866465,5,2,11855,31
UMTS,1,2880422,12.631765,41.866955,52,2,11857,35
UMTS,1,3007240,12.528796,41.933439,32,5,5678,26
UMTS,1,3010015,12.457256,41.842587,6630,3,6034,349
UMTS,1,3010019,12.446402,41.871299,16,5,4350,18
UMTS,1,3010026,12.446415,41.871055,44,7,4362,18
UMTS,1,2787710,12.4466,41.864289,766,2,4761,29
UMTS,1,3010225,12.443401,41.85362,512,5,5743,25
UMTS,1,2596530,12.574215,41.821896,1240,2,10185,64
UMTS,1,3010440,12.515538,41.871399,43,2,2838,40
UMTS,1,3010448,12.515457,41.871257,23,2,2845,38
UMTS,1,3010529,12.587088,41.835977,5,3,9906,37
UMTS,1,3020568,12.589246,41.855404,17,5,8924,53
UMTS,1,3025315,12.520064,41.876605,43,5,2751,37
UMTS,1,3030984,12.576989,41.868951,43,10,7411,49
UMTS,1,3040643,12.599294,41.832531,2,5,10948,36
UMTS,1,3043233,12.526834,41.871901,26,2,3510,39
UMTS,1,3043900,12.587957,41.869163,1,2,8273,44
UMTS,1,98369943,12.521907,41.873904,46,3,3048,38
UMTS,1,76801026,12.446324,41.964163,2,2,9060,13
UMTS,1,98960905,12.589316,41.868446,8,2,8404,42
UMTS,1,98960932,12.483028,41.842902,84,3,5306,29
UMTS,1,98898736,12.496047,41.913596,2,4,2619,22
UMTS,1,98851230,12.572579,41.95029,6186,22,9428,306
UMTS,1,98894331,12.478172,41.904049,96,4,1938,23
UMTS,1,98897092,12.460805,41.919284,53,17,4159,19
UMTS,1,98912012,12.460823,41.91922,11,8,4152,18
UMTS,1,98898829,12.460803,41.919182,7,7,4150,18
UMTS,1,99030069,12.454617,41.829823,3548,3,7398,141
UMTS,1,98897836,12.495965,41.913591,72,14,2618,23
UMTS,1,98963959,12.582808,41.831312,465,8,9958,46
UMTS,1,98981753,12.588857,41.83546,369,7,10057,48
UMTS,1,98965888,12.582539,41.829864,579,18,10048,48
UMTS,1,98962456,12.576907,41.817356,348,18,10711,41
UMTS,1,98962572,12.563791,41.807895,986,9,10896,40
UMTS,1,98962422,12.55466,41.803029,405,6,10976,28
UMTS,1,98961828,12.55885,41.798431,1611,3,11591,36
UMTS,1,98961949,12.527579,41.795825,660,13,10880,30
UMTS,1,98966198,12.519228,41.801428,3708,19,10106,87
UMTS,1,98973672,12.479016,41.796825,2278,23,10426,46
UMTS,1,99047089,12.46236,41.814625,419,2,8752,31
UMTS,1,98459152,12.44161,41.853825,176,6,5833,18
UMTS,1,98459150,12.441655,41.854123,263,7,5807,19
GSM,1,39561,12.44872,41.85196,2,2,5578,20
UMTS,1,98960972,12.489652,41.86068,21,6,3283,33
UMTS,1,98838066,12.564002,41.943244,1,4,8372,19
GSM,1,7324,12.372846,41.948188,4,2,11822,9
GSM,1,7096,12.589033,41.892416,453,13,8029,36
GSM,1,39082,12.554983,41.970062,448,2,10283,16
UMTS,1,99027947,12.428043,41.843143,3,4,7468,15
UMTS,1,98900604,12.472787,41.933354,448,9,5062,17
GSM,1,39077,12.505829,41.939388,326,13,5579,24
GSM,1,42555,12.508702,41.945083,1088,16,6248,41
GSM,1,39527,12.499496,41.939935,776,7,5559,34
GSM,1,40854,12.494201,41.939653,278,7,5498,26
GSM,1,40914,12.513821,41.944579,909,30,6300,42
GSM,1,43194,12.5094,41.937611,59,3,5455,20
GSM,1,40915,12.514501,41.946676,416,50,6539,29
GSM,1,40913,12.516472,41.947032,155,57,6625,27
GSM,1,42553,12.518744,41.955113,344,9,7538,20
GSM,1,4420,12.528894,41.951305,1738,33,7436,69
GSM,1,38418,12.536523,41.947346,21,2,7332,21
GSM,1,40069,12.536183,41.944616,407,10,7056,26
GSM,1,3460,12.53146,41.9342,226,2,5869,28
GSM,1,26006,12.533765,41.935274,5,3,6075,24
GSM,1,3461,12.524409,41.927779,3,6,4952,25
GSM,1,43042,12.499352,41.908054,2012,45,2069,190
GSM,1,39427,12.480001,41.889669,341,3,1024,44
GSM,1,9153,12.460889,41.91938,99,9,4162,19
GSM,1,1955,12.509604,41.935832,32,5,5269,20
UMTS,1,98500690,12.389685,41.945259,115,5,10485,10
UMTS,1,99157387,12.463565,41.940513,76,2,6079,15
GSM,1,19416,12.455145,41.936984,294,2,6045,19
GSM,1,39089,12.575151,41.886697,196,20,6884,40
GSM,1,42865,12.475393,41.935776,29,7,5256,16
GSM,1,43186,12.457493,41.93122,6295,5,5398,556
UMTS,1,98965878,12.594944,41.836283,3705,60,10412,216
UMTS,1,98994875,12.508904,41.825687,464,7,7293,36
UMTS,1,98895536,12.494799,41.890095,401,3,205,48
UMTS,1,98895251,12.474956,41.934782,480,15,5160,18
UMTS,1,98962432,12.548652,41.795436,2327,5,11515,45
UMTS,1,98981314,12.614026,41.844752,3855,27,11292,204
UMTS,1,98969067,12.480568,41.820413,600,8,7809,34
UMTS,1,99027696,12.498292,41.819543,2305,6,7860,71
UMTS,1,98977178,12.553894,41.799659,3122,8,11278,74
UMTS,1,99156294,12.46505,41.962437,1,2,8339,17
UMTS,1,98895556,12.480854,41.896359,26,3,1174,32
UMTS,1,98895311,12.481856,41.896542,17,2,1120,32
UMTS,1,99031604,12.455549,41.830629,62,10,7284,25
UMTS,1,98911868,12.460688,41.89675,7,5,2725,31
UMTS,1,98982464,12.629314,41.858931,386,92,11889,42
UMTS,1,98962383,12.630491,41.858541,2744,56,11995,108
UMTS,1,98969021,12.587869,41.835187,1972,21,10011,120
UMTS,1,99028153,12.516492,41.82356,7235,2,7665,445
UMTS,1,98372291,12.51716,41.870667,17,2,2990,39
GSM,1,38575,12.510739,41.868973,867,3,2807,54
UMTS,1,98969541,12.541462,41.794485,5180,7,11384,121
GSM,1,6529,12.5981,41.831122,24,2,10961,33
UMTS,1,98964581,12.593845,41.842731,1332,3,9939,109
UMTS,1,99162936,12.399569,41.909194,544,4,7982,21
UMTS,1,99174117,12.478787,41.94437,10,2,6123,17
UMTS,1,99156263,12.393774,41.906228,37,2,8370,15
UMTS,1,99198669,12.392963,41.902304,410,16,8355,25
UMTS,1,98961405,12.571383,41.856906,787,16,7531,92
UMTS,1,98960798,12.582287,41.855065,542,6,8424,71
UMTS,1,98965832,12.582485,41.877314,1172,53,7617,90
UMTS,1,98975051,12.625621,41.851296,223,2,11878,41
GSM,1,6371,12.630139,41.863407,672,2,11819,58
UMTS,1,98961363,12.558474,41.850317,118,5,7053,46
UMTS,1,98371288,12.547771,41.905377,198,10,4900,34
UMTS,1,99166205,12.412319,41.908732,22,6,6952,18
GSM,1,9208,12.611742,41.919488,757,4,10429,47
GSM,1,9207,12.61556,41.911019,525,3,10484,35
GSM,1,39121,12.620968,41.907701,986,10,10850,38
GSM,1,32559,12.61584,41.901493,1035,2,10326,36
GSM,1,39123,12.601149,41.893192,976,9,9037,44
GSM,1,7095,12.594129,41.893837,75,2,8458,25
GSM,1,152,12.579085,41.88892,1219,8,7201,83
UMTS,1,98977173,12.556404,41.866809,6991,328,5917,740
GSM,1,39091,12.5664,41.871507,1569,40,6488,140
GSM,1,38446,12.58722,41.846493,986,6,9251,93
UMTS,1,98965876,12.593925,41.847462,629,17,9676,73
GSM,1,40171,12.593612,41.848775,1894,51,9583,143
GSM,1,11660,12.564139,41.852779,264,3,7265,61
UMTS,1,98963225,12.559359,41.860382,2936,17,6473,225
UMTS,1,98969535,12.534098,41.876469,3300,21,3786,299
UMTS,1,98982268,12.587962,41.847735,3657,7,9233,265
UMTS,1,98961355,12.57889,41.858482,2797,28,8001,239
UMTS,1,98965840,12.579733,41.873089,1510,71,7498,116
UMTS,1,98961836,12.582632,41.873337,8731,20,7725,834
UMTS,1,98965852,12.590695,41.881263,622,8,8223,55
UMTS,1,98963717,12.586479,41.876999,488,11,7950,64
UMTS,1,98962216,12.592405,41.882451,256,15,8350,41
UMTS,1,98965848,12.589849,41.886149,1159,9,8105,72
UMTS,1,98962215,12.590855,41.88793,562,15,8180,45
UMTS,1,98372056,12.591386,41.89784,206,4,8264,24
UMTS,1,98961132,12.588953,41.907057,203,6,8234,28
UMTS,1,98961135,12.58813,41.909413,21,2,8231,27
UMTS,1,98977730,12.586563,41.91224,1210,19,8194,57
UMTS,1,98961884,12.590107,41.914441,318,11,8549,29
UMTS,1,98376372,12.588911,41.919255,434,5,8640,29
UMTS,1,98383844,12.588372,41.922602,1122,15,8744,42
UMTS,1,98383842,12.585995,41.930235,883,38,8954,39
UMTS,1,98374546,12.57724,41.939292,523,13,8909,27
UMTS,1,98374547,12.573378,41.941865,517,13,8841,28
UMTS,1,98846312,12.56917,41.945576,616,56,8860,31
UMTS,1,98832928,12.569363,41.945278,508,77,8848,29
UMTS,1,98850876,12.569979,41.944737,11001,87,8844,949
UMTS,1,98830869,12.580527,41.956323,1011,16,10368,27
GSM,1,7308,12.568816,41.944151,1244,10,8729,48
GSM,1,40169,12.605926,41.871628,4406,3,9651,309
UMTS,1,98983460,12.56619,41.853417,17,4,7366,55
UMTS,1,99174279,12.438541,41.896613,445,8,4520,25
UMTS,1,99157218,12.439578,41.898255,20,5,4468,18
UMTS,1,99157696,12.433498,41.891884,872,23,4886,44
GSM,1,24712,12.554543,41.865791,386,33,5831,67
UMTS,1,98961834,12.585358,41.854344,1550,7,8687,138
UMTS,1,98961400,12.591712,41.848402,4018,36,9465,284
UMTS,1,98961150,12.602828,41.848146,17,2,10292,47
UMTS,1,3000973,12.554086,41.947382,1533,160,8162,56
GSM,1,4632,12.571303,41.95196,24,4,9487,20
UMTS,1,3002382,12.582468,41.952971,1180,131,10225,35
UMTS,1,3001841,12.59726,41.93599,1209,125,10083,49
UMTS,1,3005503,12.550328,41.944251,1992,102,7695,84
UMTS,1,3002942,12.599329,41.934182,792,84,10133,37
GSM,1,50563,12.592089,41.945029,447,29,10276,22
GSM,1,2582,12.588055,41.950169,226,17,10366,19
UMTS,1,3005502,12.573146,41.954162,1467,164,9770,41
GSM,1,50562,12.595108,41.941176,61,5,10236,17
GSM,1,13821,12.540763,41.939565,152,19,6800,28
UMTS,1,3000972,12.527997,41.942442,2016,266,6516,98
UMTS,1,3001013,12.501465,41.939705,457,47,5553,27
UMTS,1,3002572,12.49558,41.940106,64,8,5552,19
UMTS,1,3007691,12.477012,41.94013,1634,143,5692,41
UMTS,1,3001881,12.426958,41.937878,255,27,7582,12
GSM,1,3309,12.430614,41.937049,97,11,7302,11
UMTS,1,3000881,12.415953,41.952209,2269,258,9360,18
GSM,1,6992,12.408526,41.969609,147,15,11232,11
UMTS,1,3000231,12.406905,41.968587,679,42,11227,13
GSM,1,2585,12.419994,41.973483,391,12,11028,12
GSM,1,2584,12.429712,41.978765,744,11,11126,16
UMTS,1,3002443,12.43446,41.980308,341,6,11102,13
GSM,1,10218,12.44466,41.981951,311,21,10933,16
UMTS,1,3000043,12.461788,41.982959,1189,65,10612,25
GSM,1,50522,12.466473,41.992806,871,52,11599,22
GSM,1,15679,12.50526,41.906906,85,9,2145,29
GSM,1,1288,12.50481,41.907912,34,5,2225,27
GSM,1,1316,12.502568,41.909803,168,16,2339,29
UMTS,1,3000543,12.506026,41.912479,104,10,2725,22
UMTS,1,3000542,12.511578,41.916279,624,39,3310,29
UMTS,1,3003372,12.512886,41.917186,209,16,3451,23
UMTS,1,3002692,12.529848,41.931039,1610,84,5503,76
UMTS,1,3001381,12.504506,41.911433,75,8,2568,22
UMTS,1,3003181,12.528934,41.930835,1544,18,5442,74
UMTS,1,3000214,12.530631,41.932238,1365,104,5650,64
UMTS,1,3000673,12.526925,41.924005,1159,84,4728,53
GSM,1,1433,12.52982,41.93304,484,55,5687,37
GSM,1,6649,12.536673,41.936308,506,55,6308,38
UMTS,1,3001503,12.527332,41.930333,503,29,5322,37
UMTS,1,98966176,12.623198,41.859655,2582,353,11380,135
UMTS,1,3001501,12.539006,41.93397,634,43,6217,37
UMTS,1,3000671,12.541035,41.938545,11,2,6722,25
UMTS,1,3002133,12.533264,41.934251,969,29,5958,53
UMTS,1,3000211,12.530051,41.932048,459,10,5605,36
UMTS,1,3002723,12.528021,41.931838,215,16,5494,30
UMTS,1,3000212,12.526922,41.922477,554,89,4594,30
UMTS,1,3001552,12.525655,41.91827,30,4,4169,19
UMTS,1,3000493,12.528128,41.927647,73,9,5113,26
UMTS,1,3002542,12.521856,41.934147,544,31,5464,33
UMTS,1,3002541,12.532984,41.941115,258,23,6587,27
UMTS,1,3002603,12.532913,41.938928,89,9,6376,25
UMTS,1,3000401,12.537293,41.934251,58,7,6154,26
UMTS,1,98960906,12.590298,41.865317,123,6,8588,48
UMTS,1,98900757,12.476723,41.899167,156,5,1635,37
UMTS,1,98916523,12.484585,41.912611,747,6,2573,35
UMTS,1,98966339,12.582666,41.83154,24,4,9933,34
UMTS,1,98960890,12.477688,41.880579,1549,2,1616,93
UMTS,1,98977160,12.483597,41.869838,843,12,2372,53
UMTS,1,98962009,12.477489,41.856524,502,2,3935,41
UMTS,1,99011052,12.607928,41.834248,470,2,11432,41
UMTS,1,98969020,12.575004,41.84659,3065,34,8398,229
UMTS,1,98961051,12.552871,41.86157,793,117,5945,92
UMTS,1,99158638,12.48725,41.991643,11,24,11278,19
UMTS,1,99002723,12.625573,41.860814,588,20,11531,55
GSM,1,39495,12.557706,41.855293,83,13,6668,55
UMTS,1,98915807,12.485276,41.90106,185,3,1343,39
UMTS,1,98895160,12.487659,41.900215,1,4,1180,27
UMTS,1,98897730,12.487242,41.90527,576,3,1729,52
GSM,1,52435,12.550409,41.811164,3365,8,10013,96
GSM,1,26009,12.567716,41.821699,1210,5,9850,60
GSM,1,7334,12.563014,41.825021,1510,4,9317,58
UMTS,1,99157314,12.446068,41.928835,11,7,5759,13
UMTS,1,98894097,12.470849,41.908005,30,3,2664,19
UMTS,1,98918065,12.465895,41.908443,301,3,2988,24
UMTS,1,98900240,12.454575,41.872428,17,3,3702,20
UMTS,1,98846221,12.536301,41.940371,362,11,6662,29
UMTS,1,98842109,12.551502,41.928306,1800,2,6483,63
UMTS,1,98831472,12.547404,41.943891,84,2,7514,22
UMTS,1,98831179,12.564004,41.949154,24,3,8846,19
UMTS,1,98971780,12.563586,41.852863,1111,9,7222,99
UMTS,1,99162939,12.409009,41.888978,680,17,6916,22
UMTS,1,98507601,12.390386,41.891099,1866,19,8461,46
UMTS,1,99169157,12.424738,41.916571,117,3,6328,17
UMTS,1,99031535,12.409489,41.844842,11359,4,8523,789
UMTS,1,98916094,12.479676,41.923582,2,2,3856,15
UMTS,1,99178532,12.495766,41.986792,30,2,10735,23
UMTS,1,99179128,12.478927,41.986313,555,5,10736,24
UMTS,1,99179129,12.468087,41.98352,608,5,10561,23
UMTS,1,99156199,12.448268,41.982096,751,5,10844,19
UMTS,1,99166186,12.436245,41.980945,503,5,11103,15
UMTS,1,99158733,12.456689,41.972506,9714,5,9610,443
UMTS,1,99158552,12.418101,41.976423,741,3,11387,15
GSM,1,3576,12.452478,41.989593,6429,3,11526,79
UMTS,1,98961399,12.619049,41.8395,1533,8,11931,61
UMTS,1,98965868,12.613956,41.863187,3312,41,10531,202
UMTS,1,98961800,12.623203,41.861463,853,48,11322,58
UMTS,1,98959558,12.496549,41.796061,1670,25,10458,45
UMTS,1,98895380,12.487626,41.900932,996,13,1257,104
UMTS,1,98961048,12.557143,41.855912,6776,104,6590,627
UMTS,1,98895275,12.486688,41.908255,0,2,2062,24
UMTS,1,98982488,12.604759,41.829028,1660,11,11544,73
UMTS,1,98960832,12.605884,41.826265,17,2,11802,28
UMTS,1,98963244,12.60215,41.828759,400,2,11387,35
UMTS,1,98372903,12.574529,41.941253,258,12,8870,23
UMTS,1,98852045,12.556649,41.969428,401,2,10293,16
UMTS,1,98852044,12.543776,41.974761,511,3,10318,30
GSM,1,43034,12.514001,41.985863,2537,5,10779,58
UMTS,1,98831225,12.514597,41.988385,172,2,11063,25
UMTS,1,98851364,12.501297,41.990302,113,2,11146,25
UMTS,1,99166187,12.42416,41.976778,67,5,11157,12
UMTS,1,99162959,12.418129,41.979344,111,5,11660,9
GSM,1,24569,12.631185,41.867282,1676,18,11803,76
UMTS,1,98961327,12.581248,41.877822,1038,21,7506,86
UMTS,1,98961838,12.581046,41.875055,617,35,7552,73
UMTS,1,98977613,12.584083,41.87691,476,3,7756,68
UMTS,1,98962214,12.593572,41.859868,551,6,9053,67
UMTS,1,98982894,12.596225,41.85457,660,16,9488,80
UMTS,1,98962213,12.602718,41.852234,310,3,10086,64
UMTS,1,98962002,12.60849,41.855266,1569,5,10393,111
UMTS,1,98962001,12.616012,41.853282,910,12,11055,64
UMTS,1,98962384,12.623643,41.859851,528,304,11408,54
UMTS,1,98961936,12.628969,41.86146,553,9,11782,52
UMTS,1,98961880,12.590108,41.899981,5308,20,8186,377
UMTS,1,98961879,12.591221,41.894234,154,28,8219,28
UMTS,1,98964354,12.593982,41.876788,1163,9,8567,80
UMTS,1,98961328,12.572934,41.875506,2606,101,6885,209
UMTS,1,76836866,12.386047,41.894902,2,4,8836,15
GSM,1,39438,12.558286,41.843392,317,3,7548,42
GSM,1,26010,12.55942,41.84415,52,2,7560,37
UMTS,1,98962114,12.511081,41.874051,92,14,2372,42
UMTS,1,98965884,12.511167,41.874586,94,5,2332,42
UMTS,1,98900386,12.510791,41.874755,94,2,2297,42
UMTS,1,98966171,12.629012,41.862809,434,10,11746,46
UMTS,1,98961801,12.615302,41.862161,4431,22,10671,275
UMTS,1,98983074,12.596626,41.85102,1633,9,9689,124
UMTS,1,98977385,12.59324,41.876158,482,10,8519,49
UMTS,1,98962427,12.606909,41.916922,34,10,9960,28
UMTS,1,98963199,12.606879,41.916983,5,2,9960,27
UMTS,1,98831214,12.534428,41.93758,31,3,6318,23
UMTS,1,98838067,12.548422,41.943664,36,5,7546,21
UMTS,1,98960942,12.467893,41.863303,137,9,3608,24
GSM,1,4775,12.468325,41.862228,98,2,3688,24
GSM,1,6366,12.589631,41.851802,1671,3,9133,137
UMTS,1,98962221,12.596748,41.846787,3,2,9918,56
UMTS,1,98896504,12.509728,41.899959,910,5,1807,78
UMTS,1,99162769,12.445674,41.929475,28,4,5834,13
UMTS,1,98897675,12.472558,41.890497,863,8,1641,65
GSM,1,2751,12.559929,41.864603,3678,9,6289,306
GSM,1,65535,12.609128,41.839237,1835,2,11226,103
UMTS,1,98982269,12.591602,41.845561,3652,18,9616,252
UMTS,1,76830979,12.470072,41.874858,4516,10,2511,508
GSM,1,39045,12.554404,41.864641,20,3,5881,45
GSM,1,1688,12.55747,41.855439,416,17,6642,62
UMTS,1,98969466,12.565894,41.880994,6,3,6190,44
UMTS,1,98502272,12.397211,41.880813,7,7,7963,16
GSM,1,32561,12.610396,41.886963,21,19,9805,26
UMTS,1,98846310,12.571723,41.951301,639,34,9458,30
UMTS,1,98963231,12.599209,41.832492,9,5,10945,36
UMTS,1,98983316,12.633742,41.870537,398,4,11938,36
UMTS,1,98961869,12.620876,41.882351,558,9,10704,29
UMTS,1,98962219,12.615599,41.902771,1038,4,10324,37
UMTS,1,99159877,12.412429,41.908606,5,3,6939,18
UMTS,1,98961331,12.615512,41.895547,444,4,10240,27
UMTS,1,98371953,12.592796,41.944246,387,7,10272,21
UMTS,1,98977692,12.607729,41.844712,1787,9,10829,108
UMTS,1,98965820,12.596097,41.855653,870,2,9428,90
UMTS,1,99009931,12.555549,41.862949,2440,9,6056,182
UMTS,1,98982896,12.558577,41.859577,46,16,6464,59
GSM,1,23536,12.558997,41.859102,30,2,6522,58
UMTS,1,98962034,12.562521,41.856062,985,17,6950,94
UMTS,1,98965847,12.554623,41.864831,1871,41,5887,143
UMTS,1,98834907,12.498182,41.997721,4787,96,11955,67
UMTS,1,76864259,12.44856,41.895927,12,4,3688,20
UMTS,1,76842499,12.399735,41.887721,16,3,7689,16
UMTS,1,76864515,12.399795,41.887884,6,2,7684,16
UMTS,1,98981888,12.554806,41.860188,294,2,6163,63
UMTS,1,98965831,12.600228,41.857376,3798,11,9669,282
UMTS,1,98971778,12.473062,41.858548,0,2,3859,28
UMTS,1,98977387,12.582236,41.877912,685,38,7585,79
UMTS,1,98895659,12.482214,41.89462,108,5,974,38
UMTS,1,98911951,12.47751,41.891579,591,7,1239,54
GSM,1,38417,12.532182,41.954644,283,4,7887,20
UMTS,1,98911617,12.488132,41.911185,27,3,2359,22
UMTS,1,98912103,12.484452,41.905447,166,10,1818,31
UMTS,1,98964926,12.578327,41.806285,10,2,11739,19
UMTS,1,98962457,12.575523,41.811592,300,2,11131,33
UMTS,1,98981754,12.586488,41.831682,221,3,10164,40
UMTS,1,98962223,12.591622,41.839732,99,2,9967,48
UMTS,1,98982894,12.599378,41.85942,128,2,9520,49
UMTS,1,98983073,12.604535,41.870402,161,2,9568,36
UMTS,1,98961932,12.60876,41.877926,237,2,9758,30
UMTS,1,98962188,12.61442,41.888615,178,2,10134,27
UMTS,1,98962509,12.615442,41.897283,264,2,10247,24
UMTS,1,98964842,12.615408,41.914942,170,2,10576,30
UMTS,1,98964843,12.60808,41.924902,185,2,10349,27
UMTS,1,98387857,12.59913,41.936182,297,5,10228,26
UMTS,1,98851231,12.594755,41.941757,114,3,10248,20
UMTS,1,98982895,12.549465,41.865202,41,9,5494,41
UMTS,1,98982897,12.55347,41.868482,3000,7,5617,246
UMTS,1,98984120,12.559525,41.893754,485,8,5590,49
UMTS,1,98959765,12.548675,41.893576,228,3,4691,43
UMTS,1,98959766,12.538937,41.892643,862,5,3877,58
UMTS,1,98961296,12.529316,41.892046,1171,6,3076,71
UMTS,1,98969450,12.535832,41.892283,668,8,3617,52
UMTS,1,98977725,12.525873,41.891839,881,3,2789,60
UMTS,1,98965055,12.524763,41.891656,972,6,2696,62
UMTS,1,98969257,12.51753,41.892003,320,8,2101,43
UMTS,1,98945931,12.563019,41.873513,8762,6,6152,1035
UMTS,1,98965822,12.595665,41.852148,3870,14,9561,279
UMTS,1,98983091,12.599358,41.837112,2253,4,10662,129
UMTS,1,98965872,12.620781,41.866829,676,6,10973,48
UMTS,1,98959853,12.579711,41.877097,1061,28,7396,89
UMTS,1,98962491,12.590334,41.902177,231,10,8241,25
UMTS,1,98962490,12.586743,41.906256,2867,20,8035,174
UMTS,1,98961886,12.588112,41.910426,182,7,8260,30
UMTS,1,98977728,12.591394,41.912467,3264,15,8584,186
UMTS,1,98372585,12.589068,41.919541,570,13,8664,31
UMTS,1,98372583,12.58703,41.927193,947,10,8867,44
UMTS,1,98830042,12.579045,41.938219,43,2,8957,18
UMTS,1,98963174,12.558588,41.897412,1983,30,5557,115
UMTS,1,98982892,12.565645,41.859894,3192,12,6953,263
GSM,1,7314,12.489356,41.870531,562,3,2195,47
GSM,1,38477,12.491658,41.867043,568,2,2569,46
UMTS,1,98963242,12.532075,41.868857,365,29,4060,48
UMTS,1,98983463,12.532024,41.868388,19,8,4087,40
UMTS,1,98835116,12.531352,41.933556,2040,6,5805,93
UMTS,1,98830244,12.522999,41.926202,8,3,4742,23
UMTS,1,98838174,12.515793,41.918915,70,3,3739,20
UMTS,1,98842313,12.512013,41.916605,340,3,3359,24
UMTS,1,98895432,12.479982,41.912956,79,2,2730,19
UMTS,1,98918331,12.473057,41.910767,124,5,2791,20
UMTS,1,98895654,12.467796,41.901778,441,7,2409,83
UMTS,1,98895883,12.463756,41.902127,304,6,2717,78
UMTS,1,98907754,12.462753,41.902006,191,3,2784,65
UMTS,1,98907745,12.466254,41.901386,243,8,2496,73
UMTS,1,98916192,12.464202,41.90186,24,2,2670,54
UMTS,1,98915998,12.462338,41.900284,190,6,2730,62
UMTS,1,98916967,12.464624,41.900893,415,4,2589,83
UMTS,1,98912069,12.469624,41.899575,805,13,2154,112
GSM,1,26011,12.604681,41.855134,4877,4,10106,331
UMTS,1,98961104,12.568732,41.91532,325,23,6927,36
GSM,1,26013,12.57456,41.86175,69,24,7520,55
UMTS,1,98960851,12.500387,41.87148,1802,2,2181,107
UMTS,1,98977704,12.54693,41.863119,2548,5,5437,171
UMTS,1,98965846,12.562318,41.857131,1014,13,6871,99
GSM,1,8639,12.562778,41.85655,43,6,6938,58
UMTS,1,98960726,12.478313,41.852513,88,3,4341,28
UMTS,1,98911615,12.518592,41.888442,6307,7,2187,870
UMTS,1,98918711,12.504802,41.901772,321,12,1652,48
GSM,1,17813,12.554234,41.867371,313,19,5728,57
UMTS,1,98981309,12.569851,41.861881,881,5,7161,91
UMTS,1,98965823,12.574,41.861722,1520,57,7479,131
UMTS,1,98977172,12.558231,41.882308,1959,12,5538,143
UMTS,1,98959696,12.554282,41.864233,136,15,5894,55
UMTS,1,99158871,12.420753,41.92484,38,5,7077,17
UMTS,1,99165776,12.421293,41.924805,240,11,7038,18
UMTS,1,99162565,12.420923,41.924947,59,8,7072,17
UMTS,1,99156347,12.432915,41.91779,62,2,5806,16
UMTS,1,99165790,12.441072,41.913859,144,4,5001,15
UMTS,1,98918409,12.450965,41.906277,425,2,3870,30
UMTS,1,99174357,12.422399,41.914628,13,3,6407,18
UMTS,1,99169158,12.424803,41.914679,56,3,6229,18
UMTS,1,99180902,12.425473,41.914644,1,2,6177,18
UMTS,1,99159858,12.42727,41.898503,375,6,5477,24
UMTS,1,98918421,12.457163,41.90489,38,6,3344,31
UMTS,1,98911983,12.457218,41.902593,569,67,3223,105
UMTS,1,98911981,12.456909,41.904746,198,14,3355,46
UMTS,1,98916974,12.457646,41.902821,257,34,3202,55
UMTS,1,98941494,12.45761,41.902727,134,10,3200,48
UMTS,1,98912000,12.456753,41.902127,314,10,3237,64
UMTS,1,98918419,12.457079,41.901503,243,26,3184,57
UMTS,1,98918418,12.455212,41.898574,101,4,3218,49
UMTS,1,98918420,12.45565,41.898904,91,9,3194,46
UMTS,1,99158040,12.454269,41.897649,316,20,3266,56
UMTS,1,99158044,12.454182,41.896982,281,35,3255,52
UMTS,1,98916973,12.457679,41.902822,112,9,3200,47
UMTS,1,98895594,12.456212,41.89978,16,3,3181,41
UMTS,1,98894244,12.456532,41.901358,392,6,3220,87
UMTS,1,99165872,12.45404,41.898113,417,38,3297,67
UMTS,1,98918424,12.457343,41.904698,255,29,3321,51
UMTS,1,98916972,12.457884,41.902571,132,12,3172,47
UMTS,1,98895480,12.45661,41.901707,422,8,3229,91
UMTS,1,99165873,12.454831,41.898116,21,2,3234,40
UMTS,1,99165873,12.454262,41.896972,166,39,3248,43
UMTS,1,98895595,12.457678,41.90365,18,3,3241,37
UMTS,1,99157426,12.455242,41.896116,420,27,3147,56
GSM,1,40841,12.396431,41.883837,185,3,7990,19
GSM,1,7799,12.375457,41.87748,14413,19,9802,987
GSM,1,4844,12.3559,41.872895,338,6,11485,11
UMTS,1,99158046,12.45071,41.898186,218,6,3566,37
GSM,1,4846,12.367851,41.874985,261,4,10469,16
UMTS,1,98981754,12.587137,41.846578,12035,15,9241,1026
UMTS,1,98524481,12.362555,41.885388,550,33,10784,15
UMTS,1,98503721,12.384762,41.885902,119,9,8940,16
UMTS,1,98524561,12.398044,41.884742,349,34,7848,20
UMTS,1,98502276,12.415779,41.888699,81,38,6355,17
UMTS,1,99162419,12.420876,41.88851,209,54,5933,16
GSM,1,40002,12.405599,41.88803,260,18,7202,17
UMTS,1,99158817,12.417366,41.888657,36,19,6223,15
UMTS,1,99179497,12.418595,41.888534,52,27,6122,16
UMTS,1,99157728,12.42744,41.890825,351,28,5385,25
UMTS,1,99161619,12.42758,41.891232,46,7,5375,20
GSM,1,39978,12.434529,41.89025,203,58,4797,19
UMTS,1,99161384,12.393749,41.884108,106,12,8209,19
UMTS,1,99158819,12.41389,41.88865,78,10,6512,17
UMTS,1,98503137,12.380826,41.884075,157,10,9279,16
UMTS,1,99158649,12.412701,41.888876,335,5,6610,19
UMTS,1,99159860,12.427738,41.892486,374,10,5366,26
GSM,1,40290,12.434078,41.890251,37,20,4834,18
UMTS,1,98503722,12.37757,41.883455,125,10,9554,15
UMTS,1,98503723,12.374529,41.885364,120,12,9791,15
UMTS,1,99173967,12.448263,41.889021,98,3,3659,18
UMTS,1,99158869,12.452218,41.888907,213,6,3332,20
UMTS,1,98895128,12.458245,41.888431,243,7,2835,21
UMTS,1,99165760,12.452832,41.900826,187,12,3484,46
UMTS,1,99165809,12.453251,41.900385,109,2,3435,43
UMTS,1,98918415,12.452289,41.901067,6,3,3536,29
UMTS,1,98918412,12.452465,41.901048,27,4,3521,32
UMTS,1,99157313,12.458459,41.892115,40,2,2819,23
UMTS,1,98911983,12.455245,41.898898,126,7,3226,49
UMTS,1,98918410,12.453941,41.903129,212,10,3495,45
UMTS,1,98918416,12.452614,41.902583,49,3,3572,27
UMTS,1,98918407,12.453585,41.904582,188,5,3591,34
UMTS,1,99157217,12.456541,41.887874,124,4,2981,20
UMTS,1,98918411,12.453052,41.901162,18,2,3480,32
UMTS,1,99165809,12.453301,41.900247,26,2,3426,36
UMTS,1,98505447,12.376438,41.876837,550,4,9732,17
UMTS,1,99158650,12.392685,41.882481,654,5,8314,20
UMTS,1,99165872,12.45582,41.899211,102,6,3191,49
UMTS,1,98918425,12.457489,41.904,12,4,3273,34
UMTS,1,98524559,12.362585,41.873921,458,4,10919,16
UMTS,1,98911999,12.456,41.899322,123,8,3181,51
UMTS,1,98941492,12.456329,41.899614,18,3,3166,42
UMTS,1,98543299,12.379833,41.877912,391,14,9436,17
UMTS,1,98918417,12.456856,41.90231,133,3,3237,47
UMTS,1,99162420,12.41856,41.881268,9,14,6202,16
UMTS,1,99179498,12.418473,41.881302,12,10,6208,16
UMTS,1,99158818,12.418502,41.88126,6,6,6207,16
UMTS,1,98895447,12.484923,41.871812,59,6,2130,36
UMTS,1,98895479,12.463948,41.90334,407,36,2772,83
UMTS,1,98911982,12.46195,41.903806,243,23,2940,64
UMTS,1,99040564,12.408783,41.865792,415,2,7445,13
UMTS,1,99035058,12.39876,41.857074,123,7,8593,13
UMTS,1,99031804,12.385118,41.84328,1889,12,10313,18
UMTS,1,99027991,12.386064,41.842781,1,2,10273,11
UMTS,1,98973659,12.555037,41.866891,216,10,5812,53
UMTS,1,98973677,12.554902,41.8653,24,2,5882,48
UMTS,1,98968985,12.554202,41.869052,4088,38,5646,356
GSM,1,12423,12.585126,41.840678,3957,2,9464,257
UMTS,1,98962111,12.553886,41.869612,4059,145,5596,354
GSM,1,39962,12.43076,41.930428,0,2,6788,13
UMTS,1,76845059,12.46829,41.830662,254,2,6904,32
UMTS,1,98842108,12.54348,41.948912,2,2,7782,20
UMTS,1,50594049,12.543499,41.948914,1,3,7783,20
UMTS,1,98977166,12.623484,41.847053,1860,23,11895,81
GSM,1,39046,12.556518,41.85605,377,2,6538,63
UMTS,1,98982465,12.623395,41.858433,3076,47,11436,155
GSM,1,3843,12.505053,41.90627,22,3,2076,29
UMTS,1,98959545,12.462337,41.83147,12,4,6979,26
UMTS,1,98960948,12.462327,41.831504,5,4,6976,25
UMTS,1,98977464,12.465023,41.824286,117,8,7661,26
UMTS,1,98916524,12.482586,41.893917,878,15,909,97
UMTS,1,98895888,12.480898,41.89352,791,64,1019,89
UMTS,1,76884481,12.469883,41.884793,169,4,1956,33
UMTS,1,76834305,12.467871,41.881815,231,4,2232,28
UMTS,1,76878337,12.465625,41.875747,310,3,2735,29
GSM,1,17791,12.499736,41.901509,27,3,1401,26
UMTS,1,98895289,12.498498,41.902158,230,6,1426,32
UMTS,1,98894293,12.490787,41.899076,43,2,997,28
UMTS,1,98908158,12.479264,41.894213,1090,26,1173,117
UMTS,1,98897676,12.476461,41.887743,682,11,1344,53
UMTS,1,99173987,12.428313,41.88005,146,2,5431,16
GSM,1,38547,12.429251,41.878772,269,2,5386,16
UMTS,1,98897711,12.511359,41.880307,4093,58,1922,429
UMTS,1,98960830,12.607938,41.835113,1750,27,11381,91
UMTS,1,98969542,12.541867,41.793156,5124,3,11534,116
GSM,1,336,12.553354,41.864592,445,8,5807,73
UMTS,1,98894333,12.530072,41.877733,4940,155,3423,535
UMTS,1,98894332,12.473447,41.890223,391,4,1567,40
UMTS,1,98834841,12.521175,41.957527,32,3,7854,16
UMTS,1,98969475,12.55599,41.904385,1543,288,5513,80
UMTS,1,98982454,12.554223,41.904811,3112,127,5387,184
UMTS,1,76882433,12.50483,41.922304,2,3,3716,18
UMTS,1,98959694,12.554142,41.868111,153,5,5685,53
UMTS,1,98959757,12.553915,41.86847,10,4,5651,47
UMTS,1,98982455,12.554016,41.905173,427,17,5383,42
UMTS,1,76821507,12.438228,41.797003,2504,10,11281,63
UMTS,1,76882947,12.4325,41.806279,19,5,10560,23
UMTS,1,98962095,12.55545,41.904588,938,32,5477,58
UMTS,1,98851363,12.511739,41.987529,299,3,10932,28
UMTS,1,98982825,12.602026,41.853794,1927,12,9962,131
UMTS,1,98961885,12.589062,41.906935,382,8,8240,32
UMTS,1,98962429,12.589091,41.912778,83,3,8412,25
UMTS,1,98372098,12.585059,41.932736,306,17,9029,30
UMTS,1,98959788,12.52845,41.87138,74,4,3653,40
GSM,1,39494,12.565205,41.859117,431,2,6963,69
UMTS,1,76829955,12.473431,41.886324,56,5,1625,33
UMTS,1,98897677,12.47129,41.885194,209,5,1831,37
UMTS,1,98965877,12.594811,41.839141,360,5,10223,54
GSM,1,6517,12.569667,41.854869,1442,14,7522,120
UMTS,1,98835206,12.553397,41.94256,95,4,7715,20
UMTS,1,99161614,12.428729,41.897607,234,7,5342,22
UMTS,1,99031486,12.435684,41.796504,541,3,11418,23
UMTS,1,98977702,12.568642,41.8529,50,7,7567,57
GSM,1,23083,12.613216,41.832103,1114,6,11930,50
UMTS,1,98973217,12.549925,41.87765,1240,5,4978,78
UMTS,1,98963230,12.607641,41.835412,1708,11,11342,91
UMTS,1,98960605,12.569227,41.882974,1040,7,6432,92
UMTS,1,98965844,12.557878,41.863156,704,9,6213,92
UMTS,1,98981546,12.55559,41.857388,1574,12,6390,127
UMTS,1,98897654,12.507196,41.894384,632,6,1319,78
UMTS,1,76812037,12.587792,41.842899,1086,7,9507,90
UMTS,1,98830247,12.498321,41.924503,21,5,3845,18
UMTS,1,98830067,12.4983,41.924602,10,4,3856,18
UMTS,1,98969476,12.556016,41.904213,957,24,5510,59
GSM,1,40890,12.384151,41.955241,195,4,11522,14
UMTS,1,98896478,12.459271,41.91452,259,3,3852,19
UMTS,1,98963173,12.55945,41.893287,1325,40,5581,87
UMTS,1,98971752,12.559953,41.892092,109,2,5616,43
GSM,1,40889,12.39165,41.960163,1664,3,11409,20
GSM,1,9450,12.384151,41.955241,195,4,11522,14
GSM,1,9478,12.38398,41.955322,178,2,11538,14
GSM,1,19421,12.384151,41.955241,195,4,11522,14
UMTS,1,98960908,12.500311,41.833517,29,3,6327,32
UMTS,1,98982273,12.500299,41.833757,13,2,6300,32
UMTS,1,98983592,12.559043,41.895054,383,3,5562,45
UMTS,1,98983593,12.555863,41.881468,1520,22,5360,103
UMTS,1,98961802,12.624386,41.870362,573,14,11180,45
UMTS,1,99174315,12.423803,41.890893,6,4,5687,16
UMTS,1,98962218,12.615731,41.907721,25,2,10423,23
UMTS,1,98981321,12.615872,41.911981,56,3,10533,23
UMTS,1,98964842,12.614939,41.915309,456,4,10549,39
UMTS,1,98963955,12.612772,41.918886,19,2,10490,29
UMTS,1,98969477,12.554024,41.905525,283,7,5395,38
UMTS,1,98379665,12.583825,41.933993,405,17,9017,29
UMTS,1,98372902,12.578012,41.938221,750,11,8888,36
UMTS,1,99031343,12.385757,41.834935,1000,17,10767,13
UMTS,1,99031803,12.380775,41.847794,519,16,10388,12
UMTS,1,99026919,12.377734,41.855033,420,10,10282,12
UMTS,1,99026916,12.374602,41.862869,505,15,10232,15
UMTS,1,98507602,12.381401,41.883215,160,4,9239,16
UMTS,1,99157631,12.418813,41.895732,265,6,6132,17
UMTS,1,98906265,12.460724,41.903349,795,29,3003,127
UMTS,1,99156186,12.427759,41.897689,77,3,5423,20
UMTS,1,99157628,12.428345,41.896818,317,7,5361,25
UMTS,1,99159859,12.432481,41.893752,34,2,4982,21
UMTS,1,98900733,12.46536,41.900506,313,6,2515,75
UMTS,1,99027659,12.387349,41.824946,772,9,11334,20
UMTS,1,99158632,12.406105,41.892751,5965,4,7161,324
UMTS,1,99174161,12.430477,41.895138,321,3,5162,28
UMTS,1,98900758,12.470544,41.900597,863,11,2146,117
UMTS,1,98906263,12.467586,41.900823,284,6,2369,67
UMTS,1,98895094,12.468907,41.900965,53,2,2283,37
UMTS,1,98916052,12.471395,41.901829,160,8,2166,31
UMTS,1,98900738,12.476576,41.899276,32,2,1652,28
UMTS,1,98895875,12.481533,41.899281,301,3,1351,46
UMTS,1,98916044,12.483115,41.899854,67,2,1319,33
UMTS,1,98895255,12.491317,41.889968,134,4,87,43
UMTS,1,98895299,12.489257,41.885285,722,11,599,59
UMTS,1,98895670,12.472405,41.899711,290,7,1963,39
UMTS,1,98916257,12.484466,41.901326,55,3,1400,29
UMTS,1,98912964,12.485456,41.89267,135,2,634,39
UMTS,1,98895834,12.477114,41.886914,502,2,1313,47
UMTS,1,98894330,12.4795,41.89879,313,3,1431,46
UMTS,1,98900680,12.489609,41.891211,189,4,253,44
UMTS,1,98912068,12.477495,41.899903,82,2,1638,33
UMTS,1,98895669,12.476305,41.899607,111,2,1693,32
UMTS,1,98907854,12.483961,41.893769,35,2,801,37
UMTS,1,98900647,12.49071,41.890599,186,4,142,46
UMTS,1,98906579,12.480727,41.899954,258,2,1451,42
UMTS,1,98906267,12.480296,41.899183,242,2,1413,41
UMTS,1,98896544,12.483465,41.892726,39,2,788,33
UMTS,1,98915897,12.482104,41.876482,89,3,1741,39
UMTS,1,98963175,12.540943,41.892913,1236,16,4045,73
UMTS,1,98903458,12.510807,41.89755,900,4,1738,87
UMTS,1,98894050,12.508088,41.900686,321,8,1753,47
GSM,1,2862,12.573735,41.850467,2552,6,8069,196
GSM,1,39047,12.554759,41.862584,189,2,6020,59
UMTS,1,98968986,12.556578,41.889197,2491,13,5333,163
UMTS,1,98961403,12.571785,41.853606,1465,34,7746,122
UMTS,1,98918653,12.501112,41.894352,47,5,864,40
UMTS,1,98918655,12.501053,41.894271,5,2,855,37
UMTS,1,98388679,12.566827,41.917882,1503,18,6905,67
GSM,1,4016,12.630868,41.866077,507,27,11807,52
UMTS,1,76881921,12.612873,41.856812,2666,654,10670,164
UMTS,1,76811781,12.623788,41.859882,12,3,11419,43
GSM,1,3016,12.616098,41.859727,733,43,10816,56
UMTS,1,76940548,12.621864,41.859104,305,83,11293,48
UMTS,1,76940545,12.622981,41.861514,986,18,11302,61
GSM,1,4018,12.623384,41.859781,154,10,11390,46
UMTS,1,98962352,12.631335,41.863017,61,3,11926,36
GSM,1,4017,12.624826,41.862424,113,3,11422,40
GSM,1,38445,12.589173,41.851953,3,2,9091,51
GSM,1,4653,12.589186,41.85195,1,2,9092,51
UMTS,1,76812036,12.600303,41.85729,1157,76,9678,95
GSM,1,4536,12.593659,41.85478,706,5,9285,84
GSM,1,26012,12.590984,41.857111,247,9,8975,59
UMTS,1,98962484,12.629134,41.875687,75,2,11468,27
UMTS,1,98977623,12.616297,41.89306,854,10,10293,36
UMTS,1,98977622,12.615608,41.903405,409,7,10335,23
UMTS,1,98983340,12.61228,41.919448,650,6,10470,44
UMTS,1,98835276,12.581882,41.957907,220,3,10572,19
UMTS,1,98832920,12.575356,41.954679,103,4,9938,20
UMTS,1,76801537,12.423555,41.892523,2,4,5713,16
UMTS,1,76817668,12.51843,41.974708,118,2,9635,24
UMTS,1,98912024,12.508735,41.889208,8,3,1365,39
UMTS,1,98960899,12.549018,41.893668,583,4,4720,57
UMTS,1,98964637,12.523189,41.893777,2576,4,2592,242
UMTS,1,99049801,12.475741,41.79834,3754,94,10292,81
UMTS,1,99049798,12.455019,41.801249,2065,30,10351,58
UMTS,1,98966199,12.473435,41.794857,4821,11,10702,120
UMTS,1,98977677,12.5246,41.874984,930,6,3165,78
UMTS,1,98977197,12.571627,41.911351,747,6,6987,47
UMTS,1,98977196,12.567823,41.916537,556,34,6914,42
UMTS,1,98391674,12.567162,41.917538,20,4,6913,29
GSM,1,38582,12.526443,41.904914,38,4,3270,27
GSM,1,38422,12.545572,41.915406,16,3,5231,21
UMTS,1,99027324,12.437374,41.818669,199,2,9159,24
UMTS,1,98959982,12.591291,41.893137,217,6,8219,32
UMTS,1,98959983,12.591139,41.898925,89,4,8257,23
UMTS,1,98977729,12.588709,41.908203,36,2,8244,27
GSM,1,39433,12.576616,41.937967,934,7,8779,41
UMTS,1,98959946,12.567546,41.91666,387,18,6899,37
GSM,1,40209,12.567244,41.916757,54,3,6881,31
UMTS,1,98965904,12.581599,41.878274,49,2,7526,48
UMTS,1,98962231,12.580986,41.878337,4,2,7474,45
UMTS,1,98963214,12.582752,41.876689,1538,12,7653,113
UMTS,1,98961312,12.590554,41.901047,32,3,8240,23
UMTS,1,98376370,12.586186,41.93014,754,12,8963,37
UMTS,1,98372736,12.585488,41.932634,32,2,9054,26
UMTS,1,98838041,12.531967,41.938373,11,5,6282,21
UMTS,1,98962509,12.617694,41.887022,683,2,10410,36
UMTS,1,98962508,12.615629,41.904351,24,2,10352,21
UMTS,1,98387858,12.60297,41.931342,271,2,10255,27
UMTS,1,98394853,12.592794,41.944222,350,2,10271,20
UMTS,1,98394850,12.587567,41.950883,371,3,10386,20
UMTS,1,76862723,12.365411,41.910415,7,5,10769,11
UMTS,1,76829702,12.426172,41.888802,5,5,5492,18
UMTS,1,98903748,12.455116,41.915954,14,2,4211,15
UMTS,1,99043108,12.452621,41.874758,15,4,3714,19
UMTS,1,99156348,12.409632,41.95416,13542,8,9877,883
UMTS,1,99157667,12.420826,41.939032,20,2,8039,12
UMTS,1,76800514,12.426082,41.889515,90,3,5498,19
UMTS,1,98371939,12.596018,41.948059,474,3,10738,20
GSM,1,6487,12.553911,41.867033,263,5,5721,55
UMTS,1,98964843,12.608307,41.924503,647,11,10350,36
GSM,1,9544,12.566577,41.916781,5,2,6832,28
UMTS,1,98983846,12.578585,41.906572,1481,5,7385,79
UMTS,1,99027818,12.411702,41.821708,15,6,10131,15
UMTS,1,99048444,12.41179,41.821646,12,2,10132,15
UMTS,1,98900596,12.507543,41.902055,4,4,1826,35
UMTS,1,98983341,12.61587,41.912561,150,4,10548,25
UMTS,1,98372115,12.601493,41.933179,196,5,10239,27
UMTS,1,98959559,12.482759,41.797769,2732,10,10294,61
UMTS,1,98982893,12.597625,41.851251,789,21,9751,88
GSM,1,7183,12.57027,41.855581,241,2,7524,68
UMTS,1,98959854,12.575944,41.879818,2215,123,7034,152
UMTS,1,98984629,12.513343,41.794357,247,8,10784,28
UMTS,1,98973671,12.505276,41.798172,6695,17,10274,192
UMTS,1,98895249,12.507279,41.902014,64,6,1807,36
UMTS,1,98962096,12.556168,41.903945,991,18,5513,60
GSM,1,39493,12.56906,41.86186,484,4,7103,75
UMTS,1,98981310,12.574718,41.861732,16,4,7533,52
UMTS,1,98964024,12.630816,41.873464,436,2,11643,36
UMTS,1,99007075,12.62234,41.881381,549,3,10834,32
UMTS,1,98394851,12.597803,41.937907,288,3,10231,21
UMTS,1,98387806,12.529499,41.914312,1200,5,4086,59
UMTS,1,99354009,12.524208,41.932183,35,2,5363,26
UMTS,1,99049293,12.45272,41.819649,4719,13,8495,174
UMTS,1,99048586,12.433185,41.812581,540,21,9919,35
UMTS,1,99034842,12.429228,41.810497,152,2,10284,27
UMTS,1,99027401,12.416237,41.80592,8502,33,11291,205
UMTS,1,99043132,12.417871,41.807852,1842,67,11038,56
UMTS,1,98983465,12.520489,41.862973,4710,7,3819,423
UMTS,1,98983464,12.51703,41.861758,1817,11,3763,89
UMTS,1,98960850,12.522083,41.875404,312,2,2964,49
UMTS,1,98965021,12.49793,41.860813,547,7,3293,44
UMTS,1,98964266,12.574547,41.861814,51,10,7516,55
UMTS,1,99027688,12.442613,41.820245,84,2,8796,24
UMTS,1,99028774,12.431584,41.811097,380,12,10128,34
UMTS,1,99027145,12.432576,41.811717,641,9,10027,36
UMTS,1,99048583,12.437066,41.818109,176,2,9226,24
UMTS,1,98372857,12.578172,41.931594,0,2,8478,21
UMTS,1,98977198,12.567807,41.911161,118,2,6682,35
UMTS,1,98959948,12.567131,41.910828,26,5,6617,34
UMTS,1,98959693,12.555453,41.876356,177,2,5459,50
GSM,1,24708,12.564934,41.874765,1475,4,6264,130
GSM,1,42558,12.505258,41.874592,1028,15,2036,69
GSM,1,40769,12.50845,41.880375,585,9,1724,60
UMTS,1,98984593,12.508895,41.82294,133,6,7593,34
UMTS,1,98984590,12.50873,41.822936,29,5,7591,30
GSM,1,24375,12.552127,41.868338,435,2,5524,61
GSM,1,40198,12.499159,41.851645,22,3,4316,36
UMTS,1,98977700,12.498229,41.852101,890,10,4256,43
GSM,1,38969,12.491022,41.844943,131,2,5024,31
UMTS,1,98961966,12.514341,41.819872,441,2,8019,31
GSM,1,6754,12.510198,41.822084,19,2,7706,28
UMTS,1,99037328,12.493105,41.817903,1437,2,8027,49
UMTS,1,99027495,12.44187,41.803657,441,32,10483,30
UMTS,1,99043130,12.432671,41.811757,1372,15,10020,54
UMTS,1,99038911,12.443118,41.823765,257,3,8432,24
UMTS,1,98963229,12.604019,41.837261,43,13,10978,41
UMTS,1,98960829,12.604018,41.837898,85,42,10940,42
UMTS,1,98983089,12.604566,41.838467,16,9,10946,41
UMTS,1,98984594,12.50791,41.823101,2586,22,7561,71
UMTS,1,98963218,12.508647,41.82306,11,5,7576,30
UMTS,1,98961294,12.549021,41.904195,14,3,4955,32
UMTS,1,98959764,12.553988,41.903569,350,2,5328,38
UMTS,1,98982479,12.509119,41.823612,9,2,7523,29
UMTS,1,98982274,12.504897,41.824123,738,4,7410,42
UMTS,1,98973658,12.552895,41.874608,636,6,5315,56
UMTS,1,98961047,12.553412,41.862613,145,6,5922,54
GSM,1,42523,12.441516,41.862623,255,2,5211,22
UMTS,1,98903987,12.49591,41.87479,1710,4,1734,103
UMTS,1,98895182,12.488489,41.876017,107,4,1604,34
UMTS,1,98911959,12.478679,41.867224,1045,5,2789,54
UMTS,1,99043075,12.446465,41.813827,1173,7,9295,51
UMTS,1,99027399,12.431617,41.810719,422,11,10163,34
UMTS,1,99027326,12.431271,41.811097,54,6,10141,26
UMTS,1,99049292,12.445219,41.826241,14704,40,8107,1283
UMTS,1,99049803,12.441451,41.802681,1008,26,10596,44
UMTS,1,99031485,12.442146,41.80453,405,5,10385,31
UMTS,1,99049690,12.428953,41.796183,906,2,11691,26
UMTS,1,99047085,12.480052,41.815629,112,2,8342,31
UMTS,1,99027687,12.447561,41.820853,293,2,8549,24
UMTS,1,99043131,12.437888,41.805681,620,22,10416,40
UMTS,1,99049800,12.439916,41.802768,700,11,10639,37
UMTS,1,99028775,12.436648,41.80597,896,8,10433,47
UMTS,1,98969023,12.516019,41.871212,4,2,2881,38
UMTS,1,98962035,12.55932,41.856857,774,2,6679,82
UMTS,1,99310998,12.633193,41.869116,344,6,11924,39
UMTS,1,99310996,12.632343,41.872052,454,5,11794,37
UMTS,1,98983147,12.619827,41.883275,362,4,10609,28
UMTS,1,98960897,12.558263,41.898512,800,5,5549,56
UMTS,1,98895852,12.502394,41.876533,17,2,1729,35
UMTS,1,98973660,12.484144,41.849847,263,2,4530,33
UMTS,1,98969102,12.471696,41.835412,545,2,6319,29
UMTS,1,76801537,12.423615,41.892535,2,5,5708,16
UMTS,1,98968984,12.554333,41.875024,519,10,5414,55
UMTS,1,99375677,12.523719,41.948531,775,9,6985,32
UMTS,1,99375164,12.569259,41.945398,199,43,8851,23
UMTS,1,99357216,12.569675,41.945506,204,14,8884,24
UMTS,1,98894049,12.510981,41.896782,1195,10,1712,109
UMTS,1,98897662,12.50305,41.887778,38,8,928,37
UMTS,1,99025103,12.454999,41.843643,89,2,6026,25
UMTS,1,98981491,12.457947,41.839244,585,5,6336,35
UMTS,1,98960933,12.488708,41.811586,26,2,8733,31
UMTS,1,76966146,12.482466,41.946855,90,3,6348,17
UMTS,1,99375518,12.573021,41.952779,434,4,9651,26
UMTS,1,99370598,12.570908,41.95086,67,2,9376,20
UMTS,1,99370600,12.572694,41.939052,3477,6,8597,156
GSM,1,40005,12.560937,41.860663,279,8,6570,69
UMTS,1,98962224,12.535781,41.80628,5391,18,9992,155
UMTS,1,98982971,12.571472,41.813747,1461,3,10735,61
UMTS,1,76862723,12.365657,41.910472,21,4,10750,11
UMTS,1,98969543,12.513104,41.794294,139,4,10788,26
UMTS,1,98984627,12.530296,41.796363,686,19,10886,30
UMTS,1,98982969,12.548161,41.800522,949,14,10984,33
UMTS,1,98909504,12.505206,41.90142,49,9,1643,33
UMTS,1,98918714,12.502315,41.901271,76,3,1485,32
UMTS,1,98918712,12.502512,41.901045,132,14,1473,35
GSM,1,1691,12.553912,41.868383,88,11,5655,49
UMTS,1,99309449,12.633701,41.870191,3,2,11942,27
UMTS,1,99355759,12.539522,41.935306,29,5,6360,25
GSM,1,7704,12.510799,41.794289,520,2,10759,32
GSM,1,13891,12.545664,41.803698,2609,2,10576,62
GSM,1,7700,12.510799,41.794289,520,2,10759,32
UMTS,1,98387859,12.58721,41.927497,28,3,8896,25
UMTS,1,98372097,12.585571,41.931673,11,3,9004,25
UMTS,1,98961951,12.51661,41.794488,27,3,10817,21
UMTS,1,98984628,12.520839,41.794938,1007,28,10839,39
UMTS,1,98962226,12.580146,41.822225,429,15,10494,44
UMTS,1,98962223,12.591935,41.840457,145,4,9943,52
UMTS,1,98965830,12.594388,41.84547,815,3,9820,82
UMTS,1,99289687,12.620906,41.844724,641,13,11808,45
UMTS,1,98969019,12.592715,41.8422,223,4,9892,56
UMTS,1,98961372,12.577204,41.817841,396,8,10687,42
UMTS,1,98989959,12.570098,41.811299,195,5,10883,29
UMTS,1,98989916,12.555101,41.803178,314,6,10979,26
UMTS,1,98966299,12.535619,41.79748,141,3,10905,25
UMTS,1,98961950,12.521666,41.794916,27,2,10857,23
UMTS,1,99292606,12.551125,41.800948,66,2,11047,26
UMTS,1,98989960,12.571259,41.811506,147,3,10922,30
UMTS,1,98977690,12.603019,41.85115,561,20,10160,73
UMTS,1,98977691,12.612978,41.847534,784,19,11079,55
UMTS,1,98977180,12.544442,41.799455,97,3,10966,25
UMTS,1,99049802,12.44785,41.801564,155,12,10512,23
UMTS,1,99034843,12.396626,41.813836,644,14,11621,22
UMTS,1,99048493,12.388681,41.818194,988,37,11747,21
UMTS,1,98961951,12.515987,41.794435,11,2,10813,22
UMTS,1,99049801,12.49018,41.796505,1428,4,10405,38
UMTS,1,77069826,12.481,41.884996,55,2,1102,32
GSM,1,9513,12.502283,41.994233,905,3,11587,31
GSM,1,43033,12.526368,41.984751,335,3,10877,32
GSM,1,40843,12.37955,41.887971,2630,2,9363,50
GSM,1,9492,12.384475,41.819173,463,2,11933,16
GSM,1,9506,12.384675,41.819188,448,2,11919,16
GSM,1,5361,12.454539,41.802168,10,2,10266,24
GSM,1,9489,12.486589,41.985801,559,3,10632,25
GSM,1,5811,12.577498,41.878591,194,2,7185,59
UMTS,1,76874241,12.473646,41.929331,20,3,4617,15
GSM,1,3555,12.454758,41.802174,8,2,10260,23
GSM,1,39162,12.375331,41.860692,251,2,10249,15
GSM,1,38435,12.384322,41.955159,181,2,11505,14
GSM,1,9490,12.463117,41.983404,1631,3,10635,26
GSM,1,9071,12.510471,41.994497,1769,2,11684,42
UMTS,1,98969185,12.489938,41.86744,41,2,2532,37
UMTS,1,98969187,12.48762,41.86746,83,4,2552,36
UMTS,1,98981481,12.484626,41.868558,122,3,2484,36
UMTS,1,98959981,12.592159,41.894544,49,2,8298,26
UMTS,1,98963967,12.540843,41.880744,88,2,4160,39
UMTS,1,98959759,12.539396,41.881059,250,2,4035,40
UMTS,1,98959758,12.532059,41.883756,183,3,3373,37
UMTS,1,98959695,12.532734,41.883804,406,2,3427,46
UMTS,1,98371511,12.530022,41.905125,328,2,3541,32
UMTS,1,98959853,12.577229,41.877617,282,3,7183,61
UMTS,1,98961324,12.576756,41.879312,771,12,7110,76
UMTS,1,98965836,12.587624,41.868305,169,2,8274,50
UMTS,1,98963881,12.597694,41.864907,391,3,9185,53
UMTS,1,98961396,12.619635,41.845152,1964,7,11692,94
UMTS,1,98977366,12.608396,41.85978,2119,5,10209,145
UMTS,1,98963957,12.589709,41.837395,547,12,9986,58
UMTS,1,98965890,12.577537,41.818415,457,3,10657,44
UMTS,1,98962187,12.541109,41.798779,748,4,10929,30
UMTS,1,99031880,12.452484,41.79554,310,2,11019,23
GSM,1,11655,12.578464,41.875001,423,7,7345,66
UMTS,1,99239602,12.422338,41.927546,1,4,7138,13
UMTS,1,99243611,12.4132,41.906246,167,2,6804,17
UMTS,1,99243610,12.409206,41.905659,129,2,7109,17
UMTS,1,99231740,12.403101,41.904504,514,3,7573,20
UMTS,1,98959852,12.57761,41.878227,565,6,7201,73
GSM,1,40925,12.580705,41.937185,63,2,9001,19
UMTS,1,99180054,12.467522,41.941023,69,2,6011,15
UMTS,1,99157501,12.453894,41.93561,21,2,5969,15
UMTS,1,99166211,12.45536,41.934482,276,5,5799,21
UMTS,1,99178111,12.455945,41.93501,0,2,5823,15
UMTS,1,98911967,12.502208,41.910018,59,3,2351,26
UMTS,1,98959706,12.537317,41.871294,712,5,4282,54
UMTS,1,98895655,12.4684,41.8993,159,2,2229,43
UMTS,1,98906265,12.465491,41.902577,26,2,2618,48
UMTS,1,98904072,12.466467,41.903125,83,6,2583,48
UMTS,1,98919380,12.462744,41.902245,1046,41,2797,149
UMTS,1,98912963,12.48502,41.893997,285,10,740,52
UMTS,1,98895126,12.47381,41.896702,60,2,1699,26
UMTS,1,98961328,12.576322,41.87974,33,2,7066,53
UMTS,1,98918062,12.471986,41.932067,2545,18,4949,79
UMTS,1,99158942,12.516213,41.989779,2349,75,11239,55
UMTS,1,98896479,12.458004,41.910062,52,2,3604,17
UMTS,1,98895476,12.457678,41.908554,136,4,3526,20
UMTS,1,99180052,12.469954,41.945762,333,5,6447,19
UMTS,1,98961324,12.576785,41.879926,127,3,7101,55
UMTS,1,98962186,12.546411,41.800087,742,12,10967,31
UMTS,1,98961829,12.548868,41.800551,87,2,11006,25
UMTS,1,99048806,12.461717,41.799962,409,13,10337,24
UMTS,1,76814852,12.523853,41.912119,18,4,3575,25
UMTS,1,98961311,12.576229,41.913149,1712,8,7414,88
UMTS,1,99035117,12.431206,41.811106,55,3,10143,27
UMTS,1,98985082,12.567014,41.88212,89,3,6262,45
UMTS,1,98985081,12.566934,41.880963,92,4,6275,48
UMTS,1,76860417,12.502543,41.901032,4,2,1474,31
UMTS,1,76872193,12.547808,41.88306,4250,4,4671,420
GSM,1,40305,12.478434,41.989484,4396,3,11090,69
GSM,1,39378,12.574354,41.813875,45,2,10872,33
GSM,1,42534,12.384448,41.915655,503,2,9388,16
GSM,1,5670,12.51259,41.992419,2717,3,11480,58
GSM,1,39377,12.579587,41.82241,1362,3,10447,65
GSM,1,39379,12.576148,41.81685,344,2,10713,43
GSM,1,13836,12.362989,41.874779,1240,2,10871,21
GSM,1,42533,12.384448,41.915655,503,2,9388,16
GSM,1,38950,12.518413,41.98659,977,2,10925,42
GSM,1,38610,12.57628,41.81649,374,2,10750,45
GSM,1,39177,12.453186,41.870339,116,7,3925,19
UMTS,1,98961148,12.597946,41.853303,337,10,9677,68
UMTS,1,98961149,12.610473,41.848478,165,3,10846,47
UMTS,1,99027512,12.39729,41.812732,232,5,11673,17
UMTS,1,99038090,12.416967,41.808051,231,4,11062,19
UMTS,1,77101826,12.572222,41.877874,462,44,6770,66
UMTS,1,76821761,12.574539,41.886501,717,3,6835,66
UMTS,1,76802564,12.496561,41.864716,12,2,2849,36
GSM,1,40259,12.351738,41.883205,115,2,11694,11
UMTS,1,76836097,12.589159,41.850194,1189,3,9183,103
UMTS,1,76812035,12.576163,41.852354,943,73,8128,94
UMTS,1,76840966,12.587341,41.91169,301,8,8238,31
UMTS,1,76845313,12.569477,41.873908,170,23,6653,55
UMTS,1,76814081,12.574437,41.895669,451,55,6841,42
UMTS,1,76808961,12.573746,41.855456,314,18,7781,68
UMTS,1,77001474,12.621627,41.923298,777,59,11341,32
UMTS,1,76821764,12.573187,41.88505,516,76,6734,60
UMTS,1,77095171,12.575407,41.854055,155,30,7978,58
UMTS,1,77007105,12.610581,41.92032,82,6,10367,28
UMTS,1,76823557,12.588982,41.912135,4482,64,8382,274
UMTS,1,77007107,12.598507,41.915151,1433,39,9236,66
UMTS,1,76873478,12.60757,41.918653,1015,29,10071,54
UMTS,1,76848390,12.574034,41.89086,106,16,6781,35
UMTS,1,76812033,12.579729,41.853693,728,83,8310,82
UMTS,1,76811781,12.568252,41.866053,735,113,6847,75
UMTS,1,76808962,12.574087,41.856056,263,6,7773,68
UMTS,1,76823558,12.574947,41.908705,262,27,7157,39
UMTS,1,76872194,12.583015,41.88049,20341,19,7603,1744
UMTS,1,77095170,12.57398,41.857212,407,38,7703,72
UMTS,1,76823554,12.57325,41.905235,1034,102,6920,59
UMTS,1,76812034,12.59247,41.845581,9861,63,9677,715
UMTS,1,76963841,12.59538,41.847917,20,4,9758,56
UMTS,1,76979457,12.587464,41.845725,17,4,9314,46
UMTS,1,76940547,12.598854,41.847938,464,66,10010,75
UMTS,1,76848389,12.592829,41.87365,515,4,8541,55
GSM,1,40050,12.472091,41.894995,65,2,1763,24
UMTS,1,76965122,12.47249,41.894664,16,2,1720,24
UMTS,1,98969280,12.533902,41.908031,93,12,3979,28
UMTS,1,76835585,12.505993,41.891194,377,3,1139,62
UMTS,1,76950017,12.492854,41.894059,643,7,433,62
UMTS,1,76831493,12.470976,41.896301,1255,18,1898,169
UMTS,1,76829955,12.472066,41.886625,223,3,1727,39
UMTS,1,76834305,12.47,41.884177,7,2,1969,26
UMTS,1,99031857,12.466693,41.880621,4,2,2377,24
GSM,1,32509,12.465848,41.875365,140,2,2745,26
UMTS,1,76816390,12.451225,41.867612,883,39,4233,33
UMTS,1,76822275,12.450041,41.867447,6,16,4323,20
UMTS,1,76811266,12.509058,41.882401,42,6,1634,45
UMTS,1,99485240,12.524398,41.91348,2,3,3712,21
UMTS,1,98965824,12.554333,41.876056,321,2,5379,52
UMTS,1,98961155,12.539257,41.870973,6371,3,4440,723
UMTS,1,77101827,12.566052,41.879549,4,2,6231,41
UMTS,1,99370508,12.543311,41.948884,3,4,7772,19
UMTS,1,76849666,12.50575,41.897678,6,2,1391,36
UMTS,1,98961079,12.577834,41.87706,2,2,7244,52
UMTS,1,98985083,12.568448,41.881545,164,4,6389,53
UMTS,1,98985084,12.56658,41.881487,145,3,6237,48
UMTS,1,99484209,12.508874,41.882012,79,4,1645,45
UMTS,1,99485638,12.508784,41.882125,65,8,1632,45
UMTS,1,99509150,12.508639,41.882079,352,7,1624,56
UMTS,1,99509147,12.508567,41.882181,180,5,1613,47
UMTS,1,99487486,12.50914,41.884542,57,3,1528,41
UMTS,1,99485113,12.498906,41.899857,81,2,1206,31
UMTS,1,99508478,12.500929,41.897383,134,2,1072,37
UMTS,1,99485625,12.52492,41.887908,137,2,2716,33
UMTS,1,98911952,12.481017,41.892885,250,2,986,42
UMTS,1,99501441,12.488872,41.90413,2,2,1576,29
UMTS,1,99501444,12.488872,41.90413,2,2,1576,29
GSM,1,40097,12.594999,41.933172,390,2,9765,29
GSM,1,7252,12.590182,41.933027,9,2,9410,25
UMTS,1,21305442,12.518152,41.918592,66,4,3814,24
UMTS,1,13780995,12.518413,41.918574,125,17,3825,25
