index,radio,net,cell,lon,lat,range,samples,distance,grado
132,UMTS,99,6237896,12.605422,41.921659,1037,19,9102.1090219,13
133,UMTS,99,6237895,12.598905,41.914604,670,23,8370.1152551,10
134,UMTS,99,6267514,12.583758,41.910684,969,20,7164.24245723,15
219,UMTS,99,18695714,12.559888,41.893186,218,17,5028.53571708,21
220,UMTS,99,18716286,12.560467,41.891605,78,4,5062.78582524,17
221,UMTS,99,50594049,12.557853,41.892516,4901,33,4873.16124716,399
222,UMTS,99,18719326,12.559933,41.893141,201,11,5031.53731137,20
223,UMTS,99,18716235,12.559786,41.892863,364,29,5018.69161814,22
224,UMTS,99,18716236,12.55581,41.894846,534,3,4743.12956335,19
225,UMTS,99,18716238,12.559314,41.894001,10,6,4992.95257105,17
226,UMTS,99,18695716,12.559925,41.893621,40,4,5034.75291785,17
227,UMTS,99,18695715,12.560143,41.892263,0,2,5041.61155302,16
271,UMTS,99,21338974,12.512319,41.889962,8,3,1484.61753981,26
272,UMTS,99,21300556,12.513217,41.891476,511,18,1557.90168162,54
273,UMTS,99,21300553,12.512641,41.891042,584,11,1511.45525202,61
274,UMTS,99,21341071,12.508501,41.887472,290,38,1237.86329839,50
275,UMTS,99,18678071,12.5156,41.889501,417,3,1729.70722609,45
276,UMTS,99,21341077,12.508702,41.888326,309,29,1233.02620564,50
277,UMTS,99,21299778,12.508195,41.886608,284,18,1243.0591159,50
278,UMTS,99,18678077,12.513737,41.888648,306,8,1598.74457227,43
279,UMTS,99,21300559,12.513008,41.891417,625,14,1541.84417962,63
280,UMTS,99,21299772,12.505864,41.887194,682,19,1058.22830902,79
281,UMTS,99,21341074,12.508754,41.88669,315,38,1279.68257523,50
282,UMTS,99,21299775,12.504461,41.886903,481,38,971.47549757,62
283,UMTS,99,18717434,12.509456,41.885988,134,9,1354.26877662,37
284,UMTS,99,18678076,12.508767,41.886974,36,7,1271.40661161,30
285,UMTS,99,21299776,12.504354,41.8875,171,28,941.078003695,41
286,UMTS,99,21299774,12.503939,41.8881,227,10,892.3683223,45
287,UMTS,99,21341075,12.503394,41.889144,28,4,829.533476608,33
290,UMTS,99,21306843,12.506178,41.902387,57,6,1703.92399208,31
293,UMTS,99,18718575,12.515508,41.876989,643,15,2261.05302799,48
370,UMTS,99,21338083,12.494251,41.91542,344,4,2811.7489448,20
371,UMTS,99,21338089,12.493955,41.913251,629,5,2569.71269225,39
387,UMTS,99,6265712,12.561682,41.95085,1349,87,8491.50652877,30
388,UMTS,99,1022505,12.550219,41.951779,1056,19,8090.57189189,17
389,UMTS,99,1024461,12.554333,41.945311,831,571,7670.51374696,24
390,UMTS,99,1024464,12.554544,41.945515,372,52,7698.07775066,17
391,UMTS,99,6233496,12.563784,41.947618,386,20,8307.54305962,11
392,UMTS,99,6265715,12.559924,41.951955,1088,35,8511.80736885,19
393,UMTS,99,6233492,12.568965,41.944089,222,24,8269.68228632,10
394,UMTS,99,6266183,12.572488,41.941909,679,20,8281.70164066,16
395,UMTS,99,6266181,12.578,41.944018,826,12,8740.10097383,19
396,UMTS,99,6266185,12.579262,41.938743,324,11,8420.46846004,9
397,UMTS,99,6238133,12.585617,41.94352,463,11,9124.39213116,10
398,UMTS,99,6264406,12.584586,41.952526,500,7,9751.78873706,6
399,UMTS,99,6266184,12.581414,41.952688,667,14,9600.59368757,8
400,UMTS,99,6238136,12.585717,41.943087,150,3,9098.78987807,9
401,UMTS,99,6266182,12.576226,41.941723,767,126,8469.61735744,18
402,UMTS,99,6266186,12.574851,41.941177,107,9,8353.32115375,7
403,UMTS,99,6233493,12.564909,41.946215,426,55,8242.53575564,13
404,UMTS,99,1021531,12.557615,41.940615,594,14,7416.70337188,19
405,UMTS,99,1022502,12.549865,41.951923,1851,48,8090.21196069,40
406,UMTS,99,1022504,12.547264,41.957722,370,11,8550.67751962,10
407,UMTS,99,1024421,12.543928,41.940136,1517,40,6751.3193733,35
408,UMTS,99,1024424,12.545919,41.943548,912,24,7148.39405107,26
409,UMTS,99,989065,12.547255,41.942285,7,2,7088.81680375,13
410,UMTS,99,1024465,12.552129,41.940212,198,10,7121.65260774,15
411,UMTS,99,1021533,12.55367,41.934371,1210,81,6703.47242409,28
412,UMTS,99,1024462,12.548732,41.939631,675,85,6915.4426196,22
413,UMTS,99,1021534,12.557997,41.943402,168,3,7671.98772056,13
414,UMTS,99,6228426,12.576367,41.938299,215,3,8224.3754671,8
415,UMTS,99,1022501,12.547768,41.962549,433,10,9043.15593061,8
416,UMTS,99,6267372,12.541808,41.969401,434,7,9548.71799074,8
417,UMTS,99,6226782,12.54062,41.971013,348,21,9681.37310592,8
418,UMTS,99,6264261,12.535066,41.96939,1253,52,9366.01453475,16
419,UMTS,99,6264264,12.537244,41.972225,957,18,9717.68863605,10
420,UMTS,99,6265682,12.530257,41.974223,2517,14,9764.32399408,32
421,UMTS,99,6233491,12.570626,41.94591,53,4,8501.76113834,8
422,UMTS,99,6233494,12.571828,41.945368,8,2,8519.56477748,8
423,UMTS,99,6228421,12.592817,41.945562,987,9,9680.21717635,19
424,UMTS,99,6231693,12.594422,41.939014,828,2,9330.11935968,9
425,UMTS,99,984795,12.485763,41.892217,431,4,538.169424985,47
426,UMTS,99,1022842,12.48686,41.893491,577,14,548.904586393,51
427,UMTS,99,1024891,12.499149,41.894094,2040,2,668.286332701,265
428,UMTS,99,1023073,12.472304,41.895985,2280,72,1621.81958833,226
429,UMTS,99,1023832,12.476306,41.896232,243,5,1367.74086799,34
430,UMTS,99,1023782,12.483614,41.900701,381,15,1338.05965061,65
431,UMTS,99,984712,12.497429,41.902002,759,192,1369.09918724,90
432,UMTS,99,1022303,12.501963,41.9096,401,57,2276.16320184,42
433,UMTS,99,1021933,12.501709,41.909145,358,112,2222.18978743,40
434,UMTS,99,1022383,12.513363,41.911632,611,56,2852.64795676,28
435,UMTS,99,1024442,12.528776,41.952263,321,4,7418.09158835,6
436,UMTS,99,1024011,12.526135,41.947355,219,5,6838.20050776,8
437,UMTS,99,1024012,12.529365,41.941132,769,7,6300.63977379,21
438,UMTS,99,1024393,12.521626,41.933424,62,3,5280.12088906,10
439,UMTS,99,1021375,12.516149,41.928564,2,2,4622.21802044,5
440,UMTS,99,1024422,12.532852,41.936096,651,22,5929.10706251,20
441,UMTS,99,1024443,12.520079,41.952625,32,17,7245.89003579,6
442,UMTS,99,1024453,12.525553,41.963274,20,2,8497.36411243,7
443,UMTS,99,6265713,12.556046,41.958524,100,2,8956.41133742,8
444,UMTS,99,6267371,12.561029,41.976869,2304,7,10911.4021408,14
445,UMTS,99,2334363,12.496492,41.869959,605,4,2269.45670085,36
471,UMTS,99,984716,12.492905,41.904679,47,3,1614.01126378,37
472,UMTS,99,1679214,12.52272,41.874511,326,77,2850.71982185,32
473,UMTS,99,1679211,12.522242,41.874983,702,1391,2790.62177637,46
474,UMTS,99,6923253,12.457979,41.909083,136,124,3306.7839358,35
475,UMTS,99,6923255,12.46414,41.908916,103,4,2954.82062709,36
476,UMTS,99,6920571,12.467595,41.908639,244,378,2755.81068309,45
477,UMTS,99,6920574,12.46718,41.908525,221,14,2767.09018647,44
478,UMTS,99,6921732,12.468706,41.909298,464,480,2757.634994,56
479,UMTS,99,6921735,12.469035,41.909626,394,19,2770.54807002,50
480,UMTS,99,6921671,12.464177,41.907706,860,574,2859.42912033,83
481,UMTS,99,6920573,12.467347,41.906157,878,116,2569.93282315,88
482,UMTS,99,6920572,12.470034,41.905834,358,158,2403.57213529,45
483,UMTS,99,1026991,12.476311,41.907489,462,106,2263.94025725,59
484,UMTS,99,984826,12.472088,41.910828,300,12,2745.72132615,37
485,UMTS,99,984822,12.477415,41.910396,17618,1118,2507.40619811,1411
486,UMTS,99,984823,12.472795,41.911191,421,341,2751.53884757,40
487,UMTS,99,984825,12.477717,41.908478,1455,26,2307.3010903,140
488,UMTS,99,1022212,12.486786,41.903064,385,213,1491.79769668,60
489,UMTS,99,984713,12.492674,41.903435,1400,19,1475.30258576,177
490,UMTS,99,984715,12.496158,41.902325,134,7,1381.187553,43
491,UMTS,99,1021916,12.496607,41.902019,270,17,1355.32386961,47
492,UMTS,99,1021913,12.497612,41.901971,507,407,1369.61658707,60
493,UMTS,99,1021891,12.497519,41.901358,526,26,1302.3758557,63
494,UMTS,99,1023383,12.500276,41.898483,639,61,1096.59598533,89
495,UMTS,99,1023382,12.504134,41.896978,614,81,1158.17011205,86
496,UMTS,99,1023386,12.500963,41.898662,74,2,1141.29207005,46
497,UMTS,99,1023381,12.501878,41.90045,606,121,1345.14857994,80
498,UMTS,99,1021904,12.501328,41.900302,110,6,1309.88406959,46
499,UMTS,99,1680291,12.519985,41.873488,3508,2388,2767.77782902,291
500,UMTS,99,1023791,12.478184,41.905204,301,231,1974.64782022,52
501,UMTS,99,1023792,12.479275,41.903971,346,273,1815.4120621,62
502,UMTS,99,1023361,12.48108,41.906119,594,152,1960.63776959,73
503,UMTS,99,1023362,12.478859,41.906993,298,93,2121.63801662,53
504,UMTS,99,1023781,12.481082,41.90287,464,109,1640.89094336,78
505,UMTS,99,1024916,12.504136,41.893487,444,76,951.07596176,62
506,UMTS,99,1021895,12.503454,41.89638,406,22,1076.61085158,69
507,UMTS,99,1024913,12.504126,41.894233,506,82,985.550275006,71
508,UMTS,99,1024254,12.499378,41.892078,467,22,564.629077419,67
509,UMTS,99,983614,12.502599,41.89344,18,8,844.74072816,41
510,UMTS,99,1021905,12.500964,41.894793,198,23,821.679009818,57
511,UMTS,99,1023385,12.50577,41.895776,470,38,1176.69939013,68
512,UMTS,99,983611,12.501681,41.891434,408,65,708.421615899,59
513,UMTS,99,989313,12.507681,41.896956,905,12,1367.09008115,113
514,UMTS,99,1021902,12.499947,41.896537,342,50,906.090393154,69
515,UMTS,99,1021892,12.500598,41.897566,590,118,1026.24113303,86
516,UMTS,99,989316,12.505786,41.895554,35,14,1164.82788997,37
517,UMTS,99,1022815,12.508988,41.893422,1,2,1288.79422825,28
518,UMTS,99,1021915,12.506133,41.901632,10299,18,1635.65406072,1170
519,UMTS,99,1021912,12.502187,41.901845,936,58,1490.40548823,101
520,UMTS,99,1022812,12.506048,41.894068,415,16,1107.03920798,60
521,UMTS,99,1022811,12.512731,41.89216,51,7,1531.09667758,27
522,UMTS,99,984393,12.514288,41.891458,208,28,1636.93740345,36
523,UMTS,99,984395,12.51887,41.890211,366,22,1970.95895379,36
524,UMTS,99,984392,12.518542,41.891775,448,63,1954.76273689,40
525,UMTS,99,984391,12.518416,41.89496,274,24,2009.16111305,34
526,UMTS,99,984394,12.52064,41.89633,419,4,2211.24740841,41
527,UMTS,99,1680346,12.525128,41.89785,300,18,2581.22031006,23
528,UMTS,99,1682495,12.532937,41.900583,642,18,3230.58610939,24
529,UMTS,99,1679914,12.542193,41.899664,29,4,3850.92584221,12
530,UMTS,99,1679912,12.544206,41.899865,259,15,4000.89363212,14
531,UMTS,99,1679391,12.548208,41.900697,400,17,4312.11839897,14
532,UMTS,99,1679394,12.550605,41.901335,151,2,4502.8011384,13
533,UMTS,99,6237891,12.631279,41.923205,1575,25,10956.815934,12
534,UMTS,99,6237894,12.628719,41.92338,1301,71,10784.4995219,11
535,UMTS,99,6231045,12.615568,41.922741,57,2,9845.84144991,8
536,UMTS,99,6233571,12.610636,41.922218,17,5,9484.0432896,5
537,UMTS,99,6237893,12.608376,41.920848,956,9,9271.41237898,14
538,UMTS,99,6265714,12.577473,41.959752,269,11,9996.45071992,4
539,UMTS,99,6264886,12.514179,41.988727,379,8,11081.4548682,6
540,UMTS,99,6265684,12.513138,41.99189,2957,61,11418.8476913,23
541,UMTS,99,6265681,12.51098,41.987019,1256,13,10860.6560577,13
542,UMTS,99,6265683,12.508824,41.984208,233,22,10530.7683904,6
543,UMTS,99,6264702,12.505761,41.973794,1206,19,9354.26244555,12
544,UMTS,99,6919701,12.506203,41.964992,231,12,8385.45566914,8
545,UMTS,99,1024371,12.507543,41.942997,2357,52,5983.15378962,61
546,UMTS,99,6919704,12.506048,41.96146,292,20,7994.249356,7
547,UMTS,99,6882205,12.505889,41.956966,236,27,7497.14710118,7
548,UMTS,99,6882202,12.506223,41.949937,922,50,6727.00496633,10
549,UMTS,99,1024374,12.510882,41.935012,476,64,5174.22977423,13
550,UMTS,99,988736,12.509414,41.935915,79,10,5243.64527042,7
551,UMTS,99,1024375,12.514337,41.930728,898,9,4797.93713317,25
552,UMTS,99,1024376,12.51162,41.930141,209,32,4670.7715215,8
553,UMTS,99,1024372,12.511795,41.928292,53,9,4479.65006071,7
554,UMTS,99,1024821,12.511841,41.927958,32,19,4445.61701835,6
555,UMTS,99,989315,12.523099,41.897277,86,9,2417.93389431,22
556,UMTS,99,1679916,12.51985,41.896672,167,13,2167.92651751,25
557,UMTS,99,989312,12.51992,41.892583,0,2,2066.44096308,24
558,UMTS,99,1680286,12.518729,41.88714,204,51,1989.23801915,27
559,UMTS,99,1680283,12.515748,41.886398,251,18,1789.0011637,36
560,UMTS,99,1680285,12.518313,41.88402,152,21,2047.24959454,22
561,UMTS,99,1644524,12.517985,41.883774,20,8,2033.71852465,20
562,UMTS,99,1644521,12.514705,41.883301,253,8,1828.90296702,35
563,UMTS,99,1638711,12.513366,41.884435,358,30,1687.45105058,49
564,UMTS,99,1638716,12.511237,41.884459,144,17,1541.14833593,36
565,UMTS,99,1678074,12.509128,41.884543,264,49,1395.74188718,41
566,UMTS,99,983615,12.508938,41.88613,58,17,1312.71802707,34
567,UMTS,99,1678075,12.507628,41.880925,138,28,1532.46252048,30
568,UMTS,99,1643494,12.504743,41.880917,146,11,1381.82541396,28
569,UMTS,99,992644,12.502609,41.881235,59,8,1253.33731721,27
570,UMTS,99,2334705,12.499116,41.882126,72,9,1027.11479739,29
571,UMTS,99,2334702,12.495937,41.881841,687,478,964.649827979,52
572,UMTS,99,992641,12.501768,41.882172,508,68,1132.7293576,50
573,UMTS,99,992642,12.50268,41.885261,169,14,942.949112862,34
574,UMTS,99,992645,12.503445,41.885762,104,22,960.170186465,35
575,UMTS,99,983616,12.501778,41.887855,351,12,747.451787613,53
576,UMTS,99,983613,12.501147,41.88859,961,34,677.983489365,112
577,UMTS,99,983612,12.507943,41.886178,408,92,1241.63430334,57
578,UMTS,99,1024912,12.503241,41.889302,65,21,816.009792201,35
579,UMTS,99,1024253,12.49325,41.889707,307,70,85.7007543123,41
580,UMTS,99,1024251,12.499124,41.892325,480,17,558.403601856,67
581,UMTS,99,2334701,12.4882,41.885294,1114,504,623.383979678,76
582,UMTS,99,2334704,12.483238,41.88811,167,42,713.209941221,34
583,UMTS,99,2334684,12.482891,41.888263,700,87,732.542257125,50
584,UMTS,99,2334681,12.480389,41.889148,698,435,894.177154066,49
585,UMTS,99,1021896,12.480218,41.892846,2415,37,947.466267471,267
586,UMTS,99,1024256,12.492133,41.891938,734,25,196.864310744,76
587,UMTS,99,1021906,12.484828,41.891448,5,5,574.989622293,38
588,UMTS,99,1021893,12.479752,41.891244,2455,8,941.769956714,263
589,UMTS,99,1021903,12.496191,41.897591,1314,19,873.465162303,153
590,UMTS,99,2334706,12.482701,41.887669,45,6,767.484344021,31
591,UMTS,99,6921161,12.478746,41.947273,23,2,6430.7438785,6
592,UMTS,99,1021923,12.497985,41.910744,222,34,2326.2617018,28
593,UMTS,99,1021936,12.500823,41.90986,10,4,2278.7566548,22
594,UMTS,99,1023973,12.481312,41.900544,141,5,1414.36982697,48
595,UMTS,99,1023783,12.480645,41.901139,47,10,1497.0154163,44
596,UMTS,99,1022213,12.487677,41.904494,1635,32,1629.94962755,185
597,UMTS,99,1024886,12.48876,41.905916,83,5,1771.01060743,39
598,UMTS,99,1024883,12.488577,41.905686,119,64,1747.83815424,42
599,UMTS,99,1024885,12.49054,41.906609,14,2,1832.94872445,33
600,UMTS,99,1024881,12.489931,41.90762,251,61,1948.73559972,44
601,UMTS,99,1023733,12.485865,41.909182,475,165,2168.16674746,50
602,UMTS,99,1024882,12.49084,41.906348,312,38,1802.490192,47
603,UMTS,99,6922172,12.464166,41.911115,362,22,3130.92253288,40
604,UMTS,99,6921674,12.465502,41.908059,119,8,2815.86315342,38
605,UMTS,99,1680343,12.526603,41.89814,417,36,2695.28681715,25
606,UMTS,99,1682492,12.531121,41.900991,381,34,3122.2587084,18
607,UMTS,99,1682493,12.532459,41.905897,550,110,3455.83408138,30
608,UMTS,99,1642182,12.531182,41.909355,396,132,3588.89717766,32
609,UMTS,99,1680362,12.526632,41.910381,719,43,3397.61962458,38
610,UMTS,99,1642183,12.52607,41.909172,599,22,3278.15046808,33
611,UMTS,99,1680361,12.52134,41.914521,2543,47,3460.86787086,205
612,UMTS,99,1680363,12.514957,41.91084,954,87,2847.59400747,45
613,UMTS,99,1021931,12.507818,41.909072,275,26,2396.25482573,26
614,UMTS,99,1023731,12.491208,41.910439,160,28,2255.65425895,28
615,UMTS,99,6922572,12.481262,41.911948,814,49,2557.71554242,62
616,UMTS,99,6921731,12.473127,41.913059,727,172,2917.99147,51
617,UMTS,99,1644523,12.514835,41.880998,539,389,1958.09363483,55
618,UMTS,99,6883001,12.473848,41.911291,1541,16,2720.69844881,139
619,UMTS,99,6921673,12.458445,41.906637,4231,1005,3112.65885816,368
620,UMTS,99,6921672,12.460456,41.905605,371,59,2924.32561212,46
621,UMTS,99,6923261,12.463123,41.907285,337,9,2886.07553525,49
622,UMTS,99,1023773,12.480799,41.906609,460,151,2018.84273696,62
623,UMTS,99,1023363,12.478865,41.908268,79,27,2247.48938812,34
624,UMTS,99,1023793,12.477897,41.903001,227,52,1784.70527308,51
625,UMTS,99,1023772,12.48155,41.904939,279,21,1827.18849598,59
626,UMTS,99,1023795,12.479632,41.903778,132,5,1783.13283672,46
627,UMTS,99,6923252,12.461774,41.907868,359,58,3004.22324161,50
628,UMTS,99,6923251,12.461302,41.911046,105,5,3271.45301337,27
629,UMTS,99,6922173,12.458216,41.908169,528,16,3229.22063163,51
630,UMTS,99,6921401,12.459194,41.913607,105,8,3585.08250086,17
631,UMTS,99,6881301,12.46022,41.911833,924,49,3390.21512806,68
632,UMTS,99,6922171,12.462535,41.915079,261,207,3545.84876967,22
633,UMTS,99,6921733,12.46524,41.915518,100,26,3463.64842195,20
634,UMTS,99,6922174,12.463674,41.915537,102,10,3534.19414593,17
635,UMTS,99,1682491,12.53974,41.899303,32,3,3664.71162767,12
636,UMTS,99,1679911,12.541596,41.899576,108,5,3805.59816513,12
637,UMTS,99,1646202,12.552772,41.901901,258,12,4674.92410427,14
638,UMTS,99,1646201,12.561112,41.90367,847,40,5324.78303632,25
639,UMTS,99,1676871,12.558697,41.903096,3,2,5134.66797279,10
640,UMTS,99,1679942,12.567391,41.905479,562,16,5829.38923416,12
641,UMTS,99,1679993,12.578977,41.909029,1176,12,6769.15387875,19
642,UMTS,99,1678871,12.575824,41.908394,880,25,6524.55701319,16
643,UMTS,99,1679991,12.59883,41.914427,33,3,8358.45833526,5
644,UMTS,99,6237892,12.588299,41.94378,3915,157,9295.22775346,88
645,UMTS,99,6231042,12.618446,41.923288,319,10,10067.1058478,8
646,UMTS,99,1679913,12.522658,41.896699,374,7,2366.48704129,32
647,UMTS,99,6264872,12.49401,41.986376,1487,4,10701.026056,10
648,UMTS,99,1023171,12.49436,41.901216,1267,155,1237.48220998,158
649,UMTS,99,1023173,12.492884,41.900042,1428,128,1098.4600781,180
650,UMTS,99,1022281,12.504027,41.896379,275,5,1109.53260902,58
651,UMTS,99,1022211,12.489218,41.903583,39,4,1509.35979277,39
652,UMTS,99,1679921,12.539507,41.913775,280,66,4378.61141875,17
653,UMTS,99,1677831,12.538917,41.913144,281,115,4301.54331318,21
654,UMTS,99,1677832,12.537726,41.911069,48,21,4095.39308682,17
655,UMTS,99,1677835,12.537788,41.910917,4,3,4089.61977829,16
656,UMTS,99,1679213,12.519015,41.878063,417,549,2395.94907185,42
657,UMTS,99,1679216,12.519138,41.877972,416,50,2409.19362497,42
658,UMTS,99,1679221,12.515101,41.878809,557,403,2111.07330301,51
659,UMTS,99,1678072,12.508611,41.880676,256,235,1605.41216236,34
660,UMTS,99,1677906,12.516911,41.86886,6159,8,2991.7424773,701
661,UMTS,99,1677903,12.521286,41.876569,7082,209,2629.15438473,856
662,UMTS,99,1680303,12.525161,41.873312,237,18,3075.67239223,26
663,UMTS,99,1680294,12.520065,41.873232,5365,149,2791.3257629,578
664,UMTS,99,1638712,12.515844,41.880382,730,184,2057.83213547,66
665,UMTS,99,1638713,12.511299,41.884307,292,71,1552.371641,43
666,UMTS,99,1678071,12.509605,41.885429,93,32,1387.09839925,35
667,UMTS,99,1679224,12.517872,41.878435,7,3,2302.53936032,29
668,UMTS,99,6921912,12.454728,41.908881,562,6,3483.02604631,46
669,UMTS,99,1023384,12.502418,41.900784,24,4,1397.93654195,43
670,UMTS,99,989702,12.501969,41.900661,357,123,1368.67146135,61
671,UMTS,99,6889042,12.456368,41.902518,822,2504,3003.40932039,69
672,UMTS,99,6923263,12.45812,41.90517,579,163,3039.66954036,60
673,UMTS,99,6889045,12.456001,41.902311,294,84,3017.30181279,44
674,UMTS,99,1026993,12.460713,41.90265,1767,315,2727.83123752,145
675,UMTS,99,1026992,12.476763,41.900935,40,6,1664.29475099,35
676,UMTS,99,1023831,12.476584,41.901098,3,2,1686.57537247,32
677,UMTS,99,990851,12.476777,41.901283,20,4,1691.6399912,34
678,UMTS,99,1026995,12.477647,41.900905,31,8,1616.90100016,34
679,UMTS,99,1023976,12.478562,41.900877,53,17,1569.49675803,36
680,UMTS,99,1023786,12.479822,41.901105,85,23,1530.25952872,47
681,UMTS,99,1023771,12.486905,41.901632,378,10,1336.74106415,55
682,UMTS,99,1680293,12.518512,41.873212,1479,1329,2708.91619891,74
683,UMTS,99,1679212,12.519371,41.876685,478,107,2506.45402205,45
684,UMTS,99,1023794,12.4783,41.904584,165,14,1911.90000507,48
685,UMTS,99,1025041,12.475203,41.906831,629,17,2247.55134744,70
686,UMTS,99,5609021,12.396507,41.824703,41,57,10178.762734,11
687,UMTS,99,5609024,12.396519,41.824759,23,4,10173.6877918,11
688,UMTS,99,6232014,12.611626,41.893335,19,5,8866.84855559,2
689,UMTS,99,6265653,12.603355,41.898745,484,12,8300.96590908,8
690,UMTS,99,1679054,12.602609,41.899302,5,5,8253.36453214,7
691,UMTS,99,6265656,12.602751,41.899276,23,6,8263.47437421,7
692,UMTS,99,6883002,12.457721,41.907321,633,334,3201.05653344,58
693,UMTS,99,6889043,12.457939,41.904847,554,816,3031.41772607,61
694,UMTS,99,6921101,12.454251,41.901751,595,974,3107.74884946,52
695,UMTS,99,6889041,12.460273,41.90377,657,320,2820.82098973,70
696,UMTS,99,5612273,12.396452,41.82469,7,8,10182.6488676,10
697,UMTS,99,6265483,12.60819,41.901398,784,12,8695.45815056,7
698,UMTS,99,1638715,12.514543,41.87999,213,3,2000.86810421,31
699,UMTS,99,1680282,12.514685,41.881873,48,3,1899.44928742,27
700,UMTS,99,989062,12.548085,41.943428,407,46,7228.33412625,19
701,UMTS,99,1024391,12.53345,41.934396,1205,174,5790.30539757,35
702,UMTS,99,1024413,12.531405,41.93395,415,84,5668.92646973,17
703,UMTS,99,1024411,12.543679,41.937494,831,27,6500.6406779,26
704,UMTS,99,1021361,12.531655,41.934552,80,10,5735.98837439,11
705,UMTS,99,1024392,12.524998,41.928239,262,27,4880.19977052,13
706,UMTS,99,984383,12.522203,41.925382,81,20,4501.26524286,4
707,UMTS,99,989281,12.517635,41.92117,502,40,3926.85009983,19
708,UMTS,99,1021363,12.518761,41.922428,74,11,4089.75863467,9
709,UMTS,99,989282,12.515934,41.91941,104,31,3694.51351168,11
710,UMTS,99,989283,12.51473,41.91866,66,7,3578.84663734,14
711,UMTS,99,1026981,12.515057,41.918685,1,3,3592.65978316,11
712,UMTS,99,1026983,12.512085,41.916797,347,43,3304.93505694,17
713,UMTS,99,1021922,12.496722,41.910294,10,3,2261.62664172,21
714,UMTS,99,1021921,12.494412,41.908626,147,21,2058.27060722,31
715,UMTS,99,1680313,12.524592,41.875464,193,19,2900.91440942,26
716,UMTS,99,1021901,12.501305,41.900302,143,21,1309.01340495,46
717,UMTS,99,1026982,12.513498,41.910732,17,4,2775.09574828,17
718,UMTS,99,1653493,12.565345,41.920924,255,77,6412.44581943,13
719,UMTS,99,1021532,12.562263,41.929427,423,29,6786.50160083,12
720,UMTS,99,1679943,12.566725,41.923556,861,43,6658.22439628,25
721,UMTS,99,1024593,12.567755,41.92762,418,382,6981.91981601,18
722,UMTS,99,1653491,12.566984,41.922272,437,78,6595.7618637,18
723,UMTS,99,1024596,12.567303,41.926968,529,19,6911.78411205,19
724,UMTS,99,1653496,12.564875,41.920142,274,9,6336.72166961,14
725,UMTS,99,1653492,12.565808,41.920076,167,24,6391.9458607,10
726,UMTS,99,1024592,12.572655,41.925777,512,414,7161.8878804,17
727,UMTS,99,984381,12.530352,41.931869,870,19,5430.26700634,28
728,UMTS,99,1679404,12.541942,41.937684,22,3,6443.07135358,12
729,UMTS,99,1025053,12.477043,41.891747,185,94,1148.81874645,34
730,UMTS,99,2334671,12.472239,41.892215,468,308,1509.37457234,38
731,UMTS,99,1023072,12.469885,41.89428,381,65,1728.50279439,32
732,UMTS,99,1024892,12.466483,41.896408,371,178,2041.17232514,32
733,UMTS,99,1024893,12.464006,41.900295,377,81,2386.10025543,41
734,UMTS,99,1022933,12.464061,41.900627,4979,249,2400.17549641,539
735,UMTS,99,6923262,12.463775,41.903892,706,153,2612.88856278,72
736,UMTS,99,6889046,12.458334,41.904623,247,30,2993.27951297,44
737,UMTS,99,1680296,12.518578,41.873098,161,187,2721.26791048,27
738,UMTS,99,1643491,12.504669,41.88093,293,30,1377.08633106,35
739,UMTS,99,2298871,12.475545,41.891874,143,9,1260.92969733,30
740,UMTS,99,6921676,12.455235,41.918588,2868,18,4193.19093264,156
741,UMTS,99,1680323,12.530069,41.867498,356,22,3769.90869293,21
742,UMTS,99,1643472,12.533063,41.863645,273,35,4225.17380168,20
743,UMTS,99,1680322,12.535527,41.865231,56,17,4240.58155173,16
744,UMTS,99,1680551,12.541483,41.864119,134,13,4660.03954964,17
745,UMTS,99,1679503,12.54422,41.864551,149,11,4792.12334704,19
746,UMTS,99,1679502,12.548405,41.86364,75,9,5103.20778881,21
747,UMTS,99,1677401,12.550245,41.863091,113,12,5250.03666566,21
748,UMTS,99,1677402,12.554469,41.861006,794,17,5639.88828698,39
749,UMTS,99,1648882,12.558319,41.858903,12,6,6008.23565566,15
750,UMTS,99,1678652,12.562343,41.856639,41,3,6397.60585324,14
751,UMTS,99,1677912,12.567835,41.85389,100,35,6907.02635718,18
752,UMTS,99,1677915,12.568038,41.854006,2,2,6911.75061737,16
753,UMTS,99,1024591,12.568318,41.928533,63,10,7076.33483516,9
754,UMTS,99,1022753,12.48332,41.903457,419,78,1622.05315561,71
755,UMTS,99,1644522,12.521059,41.88004,218,84,2412.73200448,32
756,UMTS,99,1644525,12.52105,41.880099,16,3,2409.08295372,23
757,UMTS,99,1644403,12.520534,41.879465,5,2,2409.28624331,27
758,UMTS,99,6923256,12.457739,41.909081,149,5,3320.4186345,35
759,UMTS,99,6922163,12.457767,41.905755,391,22,3097.5657983,48
760,UMTS,99,6921104,12.454292,41.902259,570,250,3128.84703388,52
761,UMTS,99,6883005,12.456951,41.907163,589,9,3236.87423266,53
762,UMTS,99,6266223,12.586018,41.841133,315,20,8838.35662353,11
763,UMTS,99,6266221,12.590058,41.837559,197,18,9320.33413554,12
764,UMTS,99,6266222,12.589877,41.836761,27,4,9365.88433134,11
765,UMTS,99,6266031,12.590258,41.837398,33,5,9343.12463875,11
766,UMTS,99,6266251,12.59583,41.84776,28,3,9015.96114308,6
767,UMTS,99,6265822,12.600673,41.863548,129,9,8571.87397301,4
768,UMTS,99,6264893,12.614528,41.889149,309,8,9075.74334611,2
769,UMTS,99,6265482,12.615252,41.892385,18,2,9132.39904488,2
770,UMTS,99,6264282,12.615471,41.906523,33,3,9325.63854243,2
771,UMTS,99,6264281,12.61565,41.911691,445,9,9467.86395562,3
772,UMTS,99,6265192,12.579205,41.930912,396,4,7886.1300973,6
773,UMTS,99,6228422,12.578384,41.931094,15,2,7848.01791932,5
774,UMTS,99,6919582,12.469773,41.928706,95,39,4601.9028671,12
775,UMTS,99,6921555,12.474916,41.929366,4,2,4547.24510051,11
776,UMTS,99,6919581,12.473017,41.929304,327,63,4582.83197571,15
777,UMTS,99,6883092,12.473894,41.928797,415,6,4509.08958709,15
778,UMTS,99,6921552,12.474632,41.929269,6,3,4542.96503098,12
779,UMTS,99,6922542,12.470144,41.925983,9,2,4310.60857148,8
780,UMTS,99,1023776,12.481616,41.906077,61,15,1939.74035603,41
781,UMTS,99,1022381,12.524956,41.908929,785,55,3197.62960806,41
782,UMTS,99,1679923,12.534586,41.908095,405,16,3718.18253523,30
783,UMTS,99,1024595,12.572792,41.925154,69,3,7132.30410433,9
784,UMTS,99,6923311,12.454052,41.9005,163,56,3066.3860197,26
785,UMTS,99,6922445,12.453415,41.903011,18,2,3223.97333026,27
786,UMTS,99,6921675,12.4577,41.905977,21,4,3115.56088186,33
787,UMTS,99,984862,12.466246,41.908783,1,2,2835.28067272,29
788,UMTS,99,6920575,12.47058,41.906305,55,6,2414.48704638,32
789,UMTS,99,6920576,12.46835,41.907691,3,3,2639.97629647,32
790,UMTS,99,1679222,12.504617,41.880937,349,22,1373.93798715,37
791,UMTS,99,1023172,12.496026,41.900901,104,24,1224.38930766,42
792,UMTS,99,1023174,12.495026,41.901906,19,3,1320.28001706,39
793,UMTS,99,984791,12.493833,41.895739,60,2,629.055608817,35
794,UMTS,99,984792,12.491648,41.894202,91,3,450.992387947,38
795,UMTS,99,1022282,12.49009,41.89895,225,163,990.320405944,38
796,UMTS,99,1023176,12.491011,41.899092,874,9,996.859748848,110
797,UMTS,99,1022302,12.501933,41.904079,131,38,1703.22502469,37
798,UMTS,99,1021911,12.503693,41.904405,388,42,1793.88392608,48
799,UMTS,99,989701,12.502106,41.90072,157,9,1379.59690126,49
800,UMTS,99,984711,12.49618,41.905815,462,30,1763.13456225,56
801,UMTS,99,1022285,12.489474,41.898166,203,3,914.00426873,40
802,UMTS,99,1022752,12.488679,41.903714,68,7,1530.34686642,40
803,UMTS,99,1022215,12.487186,41.903231,187,6,1501.82603579,47
804,UMTS,99,6921734,12.471823,41.912149,105,6,2880.16082513,29
805,UMTS,99,1024252,12.495775,41.884666,183,7,663.775054098,32
806,UMTS,99,2334703,12.478375,41.889764,350,2,1037.45441662,38
807,UMTS,99,6921525,12.453206,41.902849,110,17,3229.98866553,29
808,UMTS,99,1023784,12.48147,41.901816,45,4,1525.71465505,44
809,UMTS,99,1680365,12.528107,41.909472,1,2,3416.10055208,18
810,UMTS,99,1022384,12.528466,41.909544,39,12,3441.89470731,18
811,UMTS,99,6921522,12.453658,41.90274,53,9,3194.49083323,28
812,UMTS,99,6922543,12.453722,41.902493,2,2,3178.26970122,27
813,UMTS,99,1026996,12.455033,41.902146,5,2,3073.76978781,25
814,UMTS,99,1022931,12.464193,41.902535,9,4,2501.69676117,30
815,UMTS,99,6922162,12.480424,41.915476,2202,9,2950.0783799,190
816,UMTS,99,2294485,12.456029,41.854157,4,2,4828.12989489,26
817,UMTS,99,1023971,12.483754,41.898915,163,22,1162.43719572,44
818,UMTS,99,1022216,12.488278,41.904214,8,2,1590.47805533,37
819,UMTS,99,6923314,12.484369,41.889708,2721,2,593.563334054,324
820,UMTS,99,2332972,12.48535,41.871435,341,34,2147.65182968,47
821,UMTS,99,2335822,12.485575,41.870617,307,24,2232.23816825,47
822,UMTS,99,2334273,12.484524,41.869862,81,24,2332.30336567,37
823,UMTS,99,2333132,12.48475,41.869026,31,9,2418.51918952,33
824,UMTS,99,989292,12.503714,41.911319,185,26,2499.36172689,27
825,UMTS,99,990762,12.510492,41.915579,616,19,3131.3340801,26
826,UMTS,99,1024822,12.520785,41.924183,97,11,4333.36708171,7
827,UMTS,99,1024394,12.534068,41.934895,49,7,5861.69553493,11
828,UMTS,99,1021536,12.543224,41.937416,341,16,6473.81205238,14
829,UMTS,99,1021932,12.508611,41.899665,76,3,1605.21455365,27
830,UMTS,99,989314,12.51614,41.89982,263,4,2068.44627266,32
831,UMTS,99,989311,12.517124,41.900358,393,8,2162.01905239,40
832,UMTS,99,1679011,12.556759,41.913188,162,4,5427.50345996,7
833,UMTS,99,1646203,12.545783,41.928445,1964,19,5821.58879756,81
834,UMTS,99,1679401,12.546659,41.935736,2511,6,6478.90195342,85
835,UMTS,99,6264285,12.615561,41.912208,540,10,9476.22166105,5
836,UMTS,99,984824,12.474171,41.915573,2,2,3130.69980526,17
837,UMTS,99,6919532,12.491959,41.92082,256,15,3408.86302581,13
838,UMTS,99,6919531,12.493035,41.922049,81,6,3545.83378959,12
839,UMTS,99,6919535,12.493562,41.921841,6,3,3523.49996849,12
840,UMTS,99,6922531,12.449551,41.944551,150,12,6832.72891311,4
841,UMTS,99,6921781,12.4421,41.939226,908,77,6610.40280449,15
842,UMTS,99,6921783,12.439935,41.937902,4,2,6583.19287353,5
843,UMTS,99,6922532,12.4364,41.936236,116,18,6596.87827158,6
844,UMTS,99,6922431,12.426289,41.938829,923,86,7305.24819316,13
845,UMTS,99,5577822,12.392028,41.935317,2415,10,8986.14159815,19
846,UMTS,99,6922533,12.414625,41.94844,253,7,8680.00531898,3
847,UMTS,99,5612732,12.412276,41.955675,631,45,9405.94510736,3
848,UMTS,99,5612731,12.408856,41.966594,762,72,10523.2973401,7
849,UMTS,99,5611702,12.410434,41.970056,199,35,10770.1082949,5
850,UMTS,99,5610981,12.406237,41.970922,379,15,11027.7664819,6
851,UMTS,99,5583521,12.404298,41.969121,117,7,10950.6671444,5
852,UMTS,99,5610982,12.3841,41.955295,296,17,10823.8149992,2
853,UMTS,99,5611113,12.383165,41.952432,17,2,10665.933647,1
854,UMTS,99,5570822,12.382797,41.920552,381,16,8810.75837333,4
855,UMTS,99,5570821,12.385271,41.911303,134,8,8292.59259066,5
856,UMTS,99,5577543,12.383026,41.900465,53,4,8198.80034139,6
857,UMTS,99,5608971,12.381394,41.894459,162,10,8253.00404311,7
858,UMTS,99,5613002,12.379576,41.878078,165,10,8480.29638054,5
859,UMTS,99,5580853,12.373835,41.866426,158,10,9186.14109981,5
860,UMTS,99,5614281,12.374152,41.863011,196,12,9279.93823534,7
1548,GSM,99,41294,12.487375,41.918222,17,4,3141.4335329,12
1549,GSM,99,41291,12.487401,41.918235,4,2,3142.64384981,12
1635,UMTS,99,16719254,12.58591,41.948336,8,2,9497.6377166,5
1638,UMTS,99,18061777,12.482051,41.874838,13,2,1868.67637829,29
1639,UMTS,99,18061615,12.480594,41.874481,5762,19,1950.86019645,663
1640,UMTS,99,18061774,12.480493,41.872539,304,9,2149.32851207,40
1651,UMTS,99,18683888,12.518659,41.879964,51,15,2260.91891763,28
1652,UMTS,99,18683885,12.518708,41.879984,50,12,2262.95161622,28
1655,UMTS,99,6267374,12.559229,41.983301,3,2,11490.0955178,3
1660,UMTS,99,18719302,12.566356,41.908131,294,3,5850.07482625,10
1680,UMTS,99,18716455,12.580085,41.882613,2707,105,6570.71234353,84
1681,UMTS,99,18684029,12.577911,41.889463,1544,8,6356.15726373,49
1682,UMTS,99,18716458,12.580318,41.88295,1833,105,6583.21513295,57
1684,UMTS,99,18716451,12.579252,41.884022,805,11,6491.0705381,35
1685,UMTS,99,18716457,12.579709,41.883972,745,29,6525.40247985,34
1686,UMTS,99,18716454,12.580479,41.885183,945,13,6569.59538143,36
1689,UMTS,99,18685402,12.512725,41.900703,41,2,1914.7279268,22
1691,UMTS,99,18683685,12.55686,41.875681,1951,12,5055.50678978,68
1692,UMTS,99,18716269,12.561223,41.879244,498,4,5258.24878843,24
1693,UMTS,99,18717179,12.563332,41.88176,232,2,5354.94267622,20
1695,UMTS,99,18716459,12.572699,41.87928,538,8,6089.7448437,25
1696,UMTS,99,18716456,12.573625,41.881177,260,6,6119.23720835,23
1697,UMTS,99,18717279,12.570034,41.858472,1771,4,6761.15104043,75
1698,UMTS,99,18742794,12.567884,41.854195,0,2,6890.23494467,16
1699,UMTS,99,18718579,12.519441,41.87763,7,2,2449.27795857,27
1700,UMTS,99,18718576,12.484,41.876636,3034,2,1627.80407382,283
1701,UMTS,99,18023537,12.471908,41.87255,384,2,2478.27843271,33
1703,UMTS,99,16755515,12.639393,41.856198,3596,3,11553.6102907,20
1704,UMTS,99,16726696,12.633973,41.854276,809,7,11248.0388214,2
1705,UMTS,99,16717764,12.633223,41.863073,129,3,10886.3786093,2
1718,UMTS,99,18683564,12.58967,41.90488,738,4,7412.78389244,11
1719,UMTS,99,18683561,12.59135,41.906725,490,2,7581.87107956,7
1724,UMTS,99,18717177,12.571178,41.878219,818,5,6004.06468415,33
1725,UMTS,99,18717178,12.562171,41.876183,348,4,5414.46703317,19
1726,UMTS,99,18683774,12.554999,41.875464,176,8,4932.66940479,19
1728,UMTS,99,18717114,12.576088,41.891182,27,6,6221.39649507,13
1729,UMTS,99,18684026,12.580929,41.890474,440,4,6579.95068579,24
1730,UMTS,99,18064499,12.453312,41.827182,1282,39,7581.19436482,61
1731,UMTS,99,18064496,12.453626,41.827448,177,12,7544.95907596,32
1732,UMTS,99,19375325,12.441609,41.949837,0,2,7631.87149177,3
1735,UMTS,99,18688245,12.559779,41.85835,606,3,6132.21970289,31
1736,UMTS,99,18688248,12.570333,41.852035,1421,4,7178.24008021,54
1737,UMTS,99,19334907,12.475402,41.914165,192,3,2950.00573356,23
1738,UMTS,99,19334904,12.475067,41.914927,56,4,3037.31625973,20
1742,UMTS,99,18716452,12.579987,41.882711,1028,26,6562.11329296,36
1753,UMTS,99,18684024,12.576308,41.889122,533,3,6237.69340914,24
1755,UMTS,99,18721767,12.537252,41.922213,30,5,4882.26324395,7
1756,UMTS,99,18678756,12.580116,41.881594,518,5,6588.38983999,24
1757,UMTS,99,18719305,12.565678,41.90851,520,4,5817.4290962,12
1760,UMTS,99,18022969,12.473407,41.82669,0,3,7199.31485083,19
1761,UMTS,99,18039249,12.512804,41.832143,92,4,6630.92863641,12
1762,UMTS,99,18039243,12.511395,41.832942,184,2,6520.96798772,12
1764,UMTS,99,6267325,12.520961,41.952273,100,3,7227.38534891,6
1765,UMTS,99,6267328,12.521152,41.952172,88,2,7220.84646717,6
1770,UMTS,99,6265718,12.561445,41.955261,4253,16,8876.35568694,111
1773,UMTS,99,18717093,12.579405,41.864058,441,2,7087.56819511,16
1774,UMTS,99,18717096,12.582535,41.867119,5,2,7171.69561533,12
1776,UMTS,99,19371378,12.494445,41.919197,56,3,3232.04837439,13
1777,UMTS,99,50594049,12.470452,41.917262,2730,3,3423.42224134,212
1778,UMTS,99,18678537,12.580133,41.883046,676,9,6568.28856121,29
1784,UMTS,99,18719669,12.523557,41.872867,1031,6,3013.52016842,51
1785,UMTS,99,18719666,12.52743,41.869299,18,2,3490.33628727,20
1795,UMTS,99,21340576,12.533848,41.934434,474,5,5809.54354874,16
1796,UMTS,99,18716256,12.554393,41.930647,3,2,6444.11509597,8
1797,UMTS,99,18716259,12.554381,41.93067,3,3,6445.26550175,8
1798,UMTS,99,19334938,12.462598,41.928799,6,2,4830.85779821,7
1799,UMTS,99,18717174,12.569411,41.877035,1156,8,5907.30783986,41
1801,UMTS,99,6264885,12.527394,41.983498,79,2,10702.4037401,3
1802,UMTS,99,6265686,12.503618,41.990828,27,2,11226.8757748,5
1803,UMTS,99,6264704,12.490953,41.985832,56,2,10640.2841989,4
1805,UMTS,99,18679112,12.520049,41.89227,84,2,2071.72706589,25
1806,UMTS,99,18678758,12.583139,41.871339,167,3,7060.65574906,11
1807,UMTS,99,18678755,12.583741,41.870638,7,2,7126.69470681,10
1814,UMTS,99,18063625,12.406358,41.900222,2,2,6482.604808,14
1823,UMTS,99,18683566,12.585574,41.899029,73,4,6995.11002163,8
1827,UMTS,99,18719278,12.53894,41.897917,21,2,3567.28734614,11
1845,UMTS,99,18063487,12.501108,41.81674,1253,16,8193.60911324,23
1846,UMTS,99,18063484,12.496584,41.817149,799,15,8128.31593206,18
1848,UMTS,99,18719665,12.53633,41.871952,6,2,3844.61081632,16
1850,UMTS,99,18024317,12.481261,41.854341,23,2,4069.31291112,30
1878,UMTS,99,16751593,12.578846,41.833771,14,2,8977.33551956,9
1895,UMTS,99,19334082,12.426812,41.939316,194,5,7319.57896379,10
1896,UMTS,99,19334088,12.427415,41.938911,742,9,7256.12935065,11
1897,UMTS,99,19374372,12.428856,41.939211,46,2,7210.61939048,6
1898,UMTS,99,19334085,12.427124,41.939122,83,4,7288.04169861,7
1912,UMTS,99,21337523,12.519051,41.920652,254,3,3928.44786698,11
1916,UMTS,99,18061698,12.468908,41.906547,25,4,2518.69023429,31
1917,UMTS,99,21338091,12.510403,41.907258,76,3,2326.60331967,21
1918,UMTS,99,18684038,12.518462,41.895519,72,3,2029.80137926,26
1919,UMTS,99,18684035,12.518196,41.895782,13,2,2019.7682939,23
1944,UMTS,99,19373005,12.487162,41.945179,28,4,6130.15560301,9
1969,UMTS,99,18719318,12.571241,41.926021,36,2,7089.83612182,10
1970,UMTS,99,18719315,12.570139,41.926266,60,2,7037.81071937,12
1971,UMTS,99,16719269,12.616433,41.845175,49,2,10484.3147793,4
1979,UMTS,99,18678534,12.584034,41.883805,377,5,6846.75545752,17
1980,UMTS,99,18716231,12.558938,41.898925,26,4,5041.94235609,13
1996,UMTS,99,18719725,12.524822,41.91309,4,3,3510.32190003,13
1997,UMTS,99,18719722,12.529783,41.911163,463,2,3631.80492306,31
2002,UMTS,99,18023376,12.4277,41.843703,28,3,7052.20176137,16
2003,UMTS,99,18060986,12.427919,41.843855,9,4,7028.75570672,16
2004,UMTS,99,18025275,12.42797,41.843852,7,2,7026.42539129,16
2009,UMTS,99,18678075,12.514105,41.88209,39,3,1850.07986644,25
2011,UMTS,99,18718577,12.520415,41.877523,761,6,2515.69800701,52
2013,UMTS,99,18718574,12.523912,41.873902,367,6,2962.16475087,31
2014,UMTS,99,18719351,12.594307,41.910605,22,4,7908.44427789,6
2015,UMTS,99,18719354,12.594426,41.910412,25,2,7910.7623122,6
2029,UMTS,99,6242717,12.560927,41.944996,27,2,7947.51126877,10
2030,UMTS,99,19372064,12.42647,41.901964,611,25,5064.56308734,39
2031,UMTS,99,19372067,12.431286,41.897806,0,2,4612.72664319,19
2034,UMTS,99,18719322,12.583094,41.888618,315,4,6742.74938744,23
2035,UMTS,99,18684023,12.582403,41.888908,193,2,6690.71201704,22
2036,UMTS,99,18678535,12.58329,41.888603,63,3,6757.34250481,20
2037,UMTS,99,18719328,12.582804,41.888817,270,3,6720.6994548,22
2038,UMTS,99,18678538,12.583167,41.888182,17,2,6749.55738722,20
2040,UMTS,99,19372949,12.450482,41.894744,2,2,3149.41714509,18
2041,UMTS,99,19371417,12.444942,41.895011,500,3,3560.47070359,23
2045,UMTS,99,19339354,12.410538,41.926307,15,4,7285.45193845,5
2046,UMTS,99,18023125,12.452107,41.852392,356,5,5155.20525999,32
2047,UMTS,99,18718019,12.563577,41.861268,60,8,6190.0727606,18
2052,UMTS,99,16751554,12.626646,41.868443,65,2,10261.6628812,2
2053,UMTS,99,16717766,12.626503,41.867838,9,2,10267.360709,2
2054,UMTS,99,16755514,12.632342,41.862261,0,2,10848.9596537,2
2060,UMTS,99,19340889,12.456231,41.906114,1,2,3214.62261429,30
2065,UMTS,99,21300957,12.494102,41.894803,20,4,531.509588202,35
2068,UMTS,99,18717437,12.508811,41.8853,164,2,1338.49947422,37
2069,UMTS,99,18678079,12.510061,41.883652,16,3,1503.2159511,29
2122,UMTS,99,5608938,12.450463,41.788188,166,5,11761.0357857,5
2123,UMTS,99,5608937,12.452499,41.795386,677,23,10949.2156181,9
2124,UMTS,99,18064493,12.453813,41.801297,32,2,10290.2299388,8
2125,UMTS,99,18064492,12.458908,41.811105,1139,23,9137.50325919,35
2126,UMTS,99,18064495,12.461956,41.81654,1443,25,8494.48894818,51
2127,UMTS,99,18063476,12.465075,41.818772,168,2,8195.22719176,17
2128,UMTS,99,18064455,12.469239,41.827244,188,6,7206.14116937,23
2129,UMTS,99,18064494,12.469726,41.831074,278,8,6784.11064969,39
2130,UMTS,99,18061216,12.471209,41.834423,308,9,6395.9917076,46
2131,UMTS,99,18064484,12.473135,41.837464,982,9,6033.29610614,62
2132,UMTS,99,18026646,12.473567,41.83879,189,6,5882.41447162,33
2133,UMTS,99,18066395,12.4665,41.841403,2605,30,5753.42582242,148
2134,UMTS,99,18061214,12.476965,41.842746,981,5,5397.04090281,57
2135,UMTS,99,18064475,12.48322,41.849086,583,27,4619.73451237,38
2136,UMTS,99,18064474,12.490428,41.854134,251,9,4010.97187333,35
2137,UMTS,99,18063426,12.49165,41.85718,195,5,3670.03606313,30
2138,UMTS,99,18064176,12.488994,41.856879,169,6,3711.44490702,32
2139,UMTS,99,18064476,12.487419,41.854682,267,3,3964.33916332,38
2141,UMTS,99,19334041,12.48776,41.960744,1621,41,7856.69499017,16
2142,UMTS,99,19334047,12.487892,41.960092,482,21,7783.82191421,5
2143,UMTS,99,19334044,12.488476,41.962538,2506,15,8053.984727,26
2153,UMTS,99,18678759,12.580651,41.876778,33,4,6725.44585073,11
2156,UMTS,99,13879298,12.604301,41.834509,1887,3,10363.7062718,21
2157,UMTS,99,21338547,12.525075,41.907634,599,14,3112.45573276,32
2158,UMTS,99,18024004,12.462396,41.838591,3320,25,6152.54277981,185
2159,UMTS,99,18062012,12.5005,41.827152,621,2,7035.76261642,27
2160,UMTS,99,21965407,12.519753,41.818304,1377,13,8248.7090771,22
2161,UMTS,99,21965404,12.515044,41.821284,867,3,7845.49679501,18
2163,UMTS,99,19374004,12.460691,41.924503,340,8,4483.8978869,10
2164,UMTS,99,19374007,12.458867,41.92233,51,4,4355.81482467,11
2166,UMTS,99,18022968,12.476215,41.825455,26,5,7297.04129549,17
2169,UMTS,99,18023316,12.474808,41.82208,507,8,7684.57451138,23
2170,UMTS,99,18064536,12.519412,41.821397,34,4,7909.32295707,8
2171,UMTS,99,18064535,12.516941,41.82007,47,2,8008.35157017,10
2175,UMTS,99,18022965,12.47613,41.825462,55,10,7297.31012748,17
2180,UMTS,99,21338079,12.500831,41.90187,609,9,1446.10534049,73
2182,UMTS,99,18719309,12.574824,41.906639,3033,5,6395.28225203,121
2183,UMTS,99,18692856,12.564404,41.917734,602,5,6169.5198009,16
2184,UMTS,99,18718377,12.549294,41.913954,1096,6,4990.11397415,43
2188,UMTS,99,18061561,12.51136,41.884147,5299,3,1564.02461654,656
2189,UMTS,99,18060934,12.489359,41.865995,7987,7,2698.26674942,924
2195,UMTS,99,5610743,12.383545,41.871981,83,3,8327.27797573,8
2197,UMTS,99,18063429,12.493886,41.857503,331,11,3635.59517516,33
2198,UMTS,99,18062017,12.491892,41.845012,3845,3,5023.19449806,220
2199,UMTS,99,18062011,12.503756,41.83708,46,2,5965.91831946,19
2200,UMTS,99,18062014,12.504233,41.837036,13,2,5975.89431161,18
2215,UMTS,99,18028215,12.452466,41.874912,7,2,3412.32386409,17
2216,UMTS,99,18028216,12.44811,41.874662,58,2,3709.26921639,16
2218,UMTS,99,18023306,12.436129,41.832505,485,6,7651.39940074,24
2230,UMTS,99,18064084,12.444706,41.854146,245,3,5344.00228121,20
2240,UMTS,99,5611114,12.418276,41.945461,9,4,8252.0482926,5
2255,UMTS,99,18716765,12.55137,41.859057,86,5,5584.89848049,21
2270,UMTS,99,19373755,12.444602,41.904809,393,2,3901.05787568,20
2273,UMTS,99,18064059,12.442169,41.876717,102,6,4014.29528994,15
2274,UMTS,99,18064056,12.441915,41.876202,28,5,4053.39801406,15
2276,UMTS,99,16717755,12.618821,41.848172,31,7,10487.9939389,4
2278,UMTS,99,18719325,12.582775,41.888615,106,3,6719.07502317,21
2279,UMTS,99,18062188,12.467713,41.872942,165,2,2648.51666389,27
2280,UMTS,99,18060937,12.473822,41.860183,975,4,3607.65008722,68
2281,UMTS,99,18064021,12.468484,41.867572,215,6,3074.81337737,36
2282,UMTS,99,18064022,12.475015,41.861258,462,4,3463.55291781,42
2284,UMTS,99,16717758,12.618682,41.848269,13,4,10473.958824,4
2285,UMTS,99,18064025,12.473749,41.85886,227,5,3746.11451542,35
2286,UMTS,99,18061564,12.477058,41.864682,646,10,3053.63324477,50
2287,UMTS,99,18061612,12.4828,41.872516,355,9,2087.54493676,46
2288,UMTS,99,19374017,12.458316,41.919408,0,2,4118.09511112,11
2289,UMTS,99,19374014,12.458255,41.919447,7,4,4124.30157679,11
2291,UMTS,99,18060931,12.478156,41.856515,67,6,3888.75861223,36
2292,UMTS,99,18060932,12.47442,41.856072,1030,6,4019.26687019,62
2293,UMTS,99,18024001,12.464254,41.840066,2203,6,5950.16192894,119
2302,UMTS,99,18025276,12.420801,41.850625,6,4,6895.48463915,12
2307,UMTS,99,18683682,12.562772,41.879402,16,2,5366.28218593,17
2308,UMTS,99,18717172,12.562282,41.87095,950,2,5616.8885592,31
2312,UMTS,99,18061629,12.422479,41.880476,23,2,5298.10632094,15
2313,UMTS,99,16723894,12.599692,41.947991,82,4,10247.0135805,5
2314,UMTS,99,16723897,12.599261,41.947656,605,9,10198.678643,12
2315,UMTS,99,16723896,12.592225,41.945867,147,2,9668.04504346,7
2319,UMTS,99,18063423,12.486746,41.85565,3694,14,3862.18588914,226
2336,UMTS,99,18718385,12.560267,41.842538,1257,9,7314.61544307,21
2337,UMTS,99,18719915,12.548713,41.855914,783,6,5660.5265369,31
2338,UMTS,99,18718386,12.553449,41.854191,157,2,6050.23278568,15
2340,UMTS,99,18718387,12.564211,41.855042,179,5,6614.0783734,16
2341,UMTS,99,18061625,12.420788,41.870027,26,3,5765.45027894,10
2347,UMTS,99,18061614,12.481509,41.87815,448,5,1560.15976584,36
2349,UMTS,99,21339943,12.480576,41.896461,318,3,1118.64672633,45
2372,UMTS,99,16750036,12.613305,41.95508,1439,14,11529.8992778,8
2373,UMTS,99,16750039,12.612334,41.953296,1140,6,11349.800243,8
2374,UMTS,99,18028219,12.443033,41.875305,668,7,4016.85554492,24
2382,UMTS,99,16723899,12.58727,41.943643,321,4,9226.86491184,10
2385,UMTS,99,21340752,12.567721,41.923876,353,2,6739.51696768,18
2399,UMTS,99,16752325,12.597969,41.830833,41,2,10248.9269352,6
2402,UMTS,99,16716807,12.63126,41.927446,14,3,11122.9546943,5
2404,UMTS,99,16716804,12.631144,41.927453,0,2,11115.2492025,5
2409,UMTS,99,18718578,12.516057,41.876709,121,10,2312.27968649,31
2413,UMTS,99,21993757,12.439718,41.823969,8270,16,8334.91610322,353
2420,UMTS,99,18692854,12.569597,41.92315,31,5,6811.92402158,9
2430,UMTS,99,6266897,12.526315,41.946502,37,5,6755.02827047,8
2476,UMTS,99,18684022,12.567058,41.888085,34,3,5554.44301985,17
2477,UMTS,99,18684025,12.568372,41.886895,151,2,5658.86203018,18
2482,UMTS,99,21971395,12.381403,41.955889,50,6,11017.322629,2
2490,UMTS,99,18063471,12.472398,41.817338,0,2,8235.11894393,13
2499,UMTS,99,16751581,12.596172,41.862765,43,10,8290.64329232,5
2513,UMTS,99,21340413,12.496584,41.887439,112,2,438.441718609,31
2514,UMTS,99,18063342,12.488519,41.865049,4649,15,2808.74530256,415
2520,UMTS,99,18717193,12.537474,41.909013,234,10,3954.13780376,23
2536,UMTS,99,18063482,12.489974,41.816224,17,2,8226.92954939,10
2538,UMTS,99,6267301,12.538581,41.94205,197,6,6715.93212947,12
2539,UMTS,99,6267304,12.537725,41.941571,270,4,6637.66042192,13
2544,UMTS,99,18717272,12.564908,41.854243,32,3,6708.42375239,15
2545,UMTS,99,19345012,12.422312,41.882885,9,2,5262.4911601,14
2548,UMTS,99,21340556,12.5227,41.932869,319,10,5257.68288739,13
2549,UMTS,99,19374401,12.491764,41.939866,718,18,5527.32668913,11
2559,UMTS,99,13855489,12.423218,41.90917,2,2,5551.54580639,10
2561,UMTS,99,18061212,12.473512,41.832851,169,8,6526.93252592,37
2562,UMTS,99,18716779,12.574949,41.881259,2919,4,6214.79792512,99
2563,UMTS,99,18716773,12.56577,41.887423,23,4,5462.46795541,18
2564,UMTS,99,18716282,12.563469,41.88595,248,3,5303.77952354,19
2566,UMTS,99,18063427,12.497497,41.859818,226,15,3397.98864462,27
2567,UMTS,99,18064477,12.489437,41.853663,255,10,4066.55013298,32
2568,UMTS,99,18064478,12.485991,41.851225,144,9,4357.53389807,30
2569,UMTS,99,18026649,12.476108,41.843792,234,7,5297.48498397,34
2570,UMTS,99,18064487,12.473108,41.836577,79,4,6129.67056901,36
2575,UMTS,99,18061219,12.471959,41.834101,257,9,6417.37375321,41
2577,UMTS,99,18718013,12.563805,41.861156,447,7,6211.00385323,23
2578,UMTS,99,19374303,12.461098,41.940936,26,4,6104.50640227,3
2581,UMTS,99,18062713,12.477766,41.83073,531,3,6699.42103648,38
2606,UMTS,99,21338078,12.502804,41.90082,336,3,1416.85405126,60
2607,UMTS,99,21306849,12.50571,41.901508,44,3,1605.2931718,32
2610,UMTS,99,18023611,12.431978,41.851879,4,2,6181.96691084,15
2613,UMTS,99,19376913,12.415658,41.91125,4,3,6158.99842034,10
2627,UMTS,99,19371424,12.47235,41.929106,220,2,4577.74958379,13
2628,UMTS,99,19334932,12.47374,41.929038,335,5,4538.10580015,15
2630,UMTS,99,19371421,12.475025,41.929144,15,3,4521.26858679,11
2643,UMTS,99,19373752,12.44562,41.904652,3101,8,3825.08257778,196
2644,UMTS,99,19375161,12.452091,41.907594,552,7,3562.10520182,43
2645,UMTS,99,19375162,12.449928,41.908824,325,2,3771.47070553,22
2650,UMTS,99,18684021,12.571131,41.890999,3,3,5852.95322464,13
2651,UMTS,99,21993756,12.452754,41.814937,13330,7,8868.68285759,917
2652,UMTS,99,21996395,12.392825,41.812952,3004,19,11326.9635086,30
2653,UMTS,99,21993985,12.429696,41.816025,1232,8,9466.95144314,31
2654,UMTS,99,21993981,12.421712,41.834507,238,5,8112.40279473,14
2681,UMTS,99,6265687,12.510702,41.989489,110,2,11130.6424263,5
2683,UMTS,99,21992966,12.356974,41.873056,1063,3,10229.5178297,5
2687,UMTS,99,18685562,12.562432,41.909651,77,7,5639.83707374,7
2688,UMTS,99,18718762,12.548814,41.914087,1235,5,4967.82445478,48
2691,UMTS,99,18684028,12.571176,41.886088,800,3,5872.89657078,37
2692,UMTS,99,16723895,12.604975,41.945375,185,2,10380.6459768,8
2693,UMTS,99,16750033,12.619411,41.949897,1399,11,11545.6750759,7
2696,UMTS,99,18718388,12.55679,41.857243,2174,4,6026.37321755,78
2697,UMTS,99,18718382,12.559296,41.851772,2,2,6554.220565,14
2720,UMTS,99,19373573,12.465303,41.914785,19,3,3394.84479463,19
2736,UMTS,99,18023302,12.449495,41.825837,2659,62,7830.32767207,114
2737,UMTS,99,18064493,12.453345,41.827387,1169,80,7559.19152893,54
2738,UMTS,99,18023305,12.451435,41.827277,635,7,7625.80385033,40
2755,UMTS,99,18678752,12.59033,41.868137,862,2,7678.16531571,20
2768,UMTS,99,21338542,12.513229,41.902684,378,7,2084.64877283,31
2792,UMTS,99,18064521,12.49741,41.836756,35,4,5953.32176003,20
2800,UMTS,99,21338541,12.521675,41.905423,684,10,2761.83375235,40
2824,UMTS,99,18683686,12.554722,41.875456,14,3,4913.56564221,19
2825,UMTS,99,18718864,12.554626,41.875383,1,3,4909.55640943,19
2831,UMTS,99,6267303,12.526335,41.946369,10,2,6741.86561848,7
2833,UMTS,99,19374256,12.449313,41.963607,21,2,8771.2036425,3
2834,UMTS,99,18716285,12.564349,41.886663,229,2,5362.55835136,20
2865,UMTS,99,18063003,12.491114,41.868245,770,23,2440.64269009,53
2903,UMTS,99,18718862,12.546188,41.862511,360,12,5045.37469426,27
2907,UMTS,99,18064033,12.447782,41.883701,640,6,3385.69346754,25
2909,UMTS,99,6231941,12.534607,41.948467,16,2,7204.77237241,6
2910,UMTS,99,18719301,12.573823,41.914843,39,7,6646.41901149,6
2942,UMTS,99,18688243,12.554085,41.86063,106,5,5640.83626928,20
2945,UMTS,99,18718571,12.522242,41.874815,516,17,2801.9714422,36
2948,UMTS,99,21995231,12.441977,41.818854,774,17,8768.72285116,35
2953,UMTS,99,18064023,12.465732,41.86136,1299,23,3764.37974888,79
2954,UMTS,99,18063062,12.458405,41.818818,360,4,8326.3537639,25
2957,UMTS,99,13785602,12.555086,41.867605,0,2,5292.67047845,17
2958,UMTS,99,18064078,12.466281,41.862679,230,31,3618.3583899,35
2959,UMTS,99,18064026,12.466187,41.862409,27,6,3647.48114415,31
2960,UMTS,99,18064075,12.466263,41.863245,101,4,3566.04255249,33
2961,UMTS,99,18719653,12.521808,41.874701,17,9,2784.31282159,24
2966,UMTS,99,2964099,12.47739,41.922841,28,9,3799.29348974,9
2968,UMTS,99,2965366,12.460086,41.84806,21,10,5260.27496798,28
2983,UMTS,99,2969665,12.537895,41.963103,49,2,8790.1641653,5
2984,UMTS,99,2970290,12.536275,41.890939,2,3,3264.69507044,15
2996,UMTS,99,2981092,12.421339,41.806339,1086,4,10709.7611335,20
2997,UMTS,99,2981134,12.446655,41.801753,1141,3,10402.2578076,34
2998,UMTS,99,2951337,12.559986,41.792995,8569,4,11917.492956,162
2999,UMTS,99,2981849,12.457181,41.919837,50,2,4207.68130933,10
3000,UMTS,99,2045931,12.507853,41.884812,5666,5,1297.79640844,713
3001,UMTS,99,2256917,12.526573,41.871773,405,3,3263.90739517,29
3002,UMTS,99,2981968,12.532639,41.862299,9,2,4309.09821327,16
3003,UMTS,99,2982005,12.575129,41.835776,4583,12,8624.29371579,135
3004,UMTS,99,2982010,12.571329,41.838309,4161,6,8225.74207418,130
3007,UMTS,99,2983375,12.50688,41.827149,41,30,7092.6068413,15
3008,UMTS,99,2983496,12.50653,41.827117,27,8,7092.21799961,14
3009,UMTS,99,2348724,12.506571,41.827096,19,5,7094.98046545,14
3011,UMTS,99,2984205,12.506988,41.827133,6,4,7095.59021239,12
3028,UMTS,99,2989144,12.489105,41.855935,52,3,3815.6884665,28
3029,UMTS,99,2989146,12.48895,41.855885,39,2,3821.97732692,28
3031,UMTS,99,2990672,12.463547,41.882345,16,3,2308.04430151,24
3032,UMTS,99,2990676,12.463256,41.882742,67,19,2311.9280707,25
3033,UMTS,99,2991255,12.463103,41.882881,32,5,2317.08855157,24
3037,UMTS,99,2991785,12.39221,41.818363,305,4,10908.9766186,9
3038,UMTS,99,2991790,12.417296,41.807423,1728,5,10757.1662787,27
3043,UMTS,99,2092272,12.502372,41.918727,95,8,3262.37277937,12
3044,UMTS,99,2995970,12.502459,41.918748,3,2,3266.12947274,12
3045,UMTS,99,2998695,12.579331,41.83331,234,15,9038.90431099,12
3049,UMTS,99,2999150,12.578816,41.833405,11,2,9004.22601267,9
3050,UMTS,99,2160996,12.578768,41.833263,43,10,9012.76557847,9
3057,UMTS,99,2947581,12.469177,41.862126,24,2,3561.8747736,30
3059,UMTS,99,3006185,12.534083,41.799979,570,49,10499.413648,12
3060,UMTS,99,3006199,12.533888,41.800053,118,31,10487.2868157,9
3065,UMTS,99,3009938,12.533851,41.79984,54,10,10509.1260169,9
3066,UMTS,99,3009995,12.53389,41.799812,118,14,10512.9517857,9
3081,UMTS,99,3014021,12.534676,41.794809,37,5,11062.52489,5
3082,UMTS,99,3014064,12.534927,41.795972,636,7,10943.9314139,13
3083,UMTS,99,3014104,12.534612,41.800346,213,6,10472.1138012,10
3084,UMTS,99,3015666,12.48849,41.883877,100,3,756.144377491,30
3085,UMTS,99,3015744,12.442873,41.931252,8,5,5863.31931398,5
3086,UMTS,99,3017489,12.446351,41.920171,20,30,4774.94422188,9
3088,UMTS,99,2185275,12.520319,41.922483,4,8,4151.864136,7
3089,UMTS,99,3021337,12.499225,41.922301,13,7,3609.99142408,9
3090,UMTS,99,3022855,12.551394,41.842347,247,3,6893.45098111,13
3091,UMTS,99,3022886,12.567298,41.828993,1036,7,8790.10739616,23
3092,UMTS,99,3022901,12.568747,41.831828,51,3,8618.82355711,7
3093,UMTS,99,3022930,12.577385,41.833526,512,4,8919.30514111,12
3094,UMTS,99,3024269,12.509522,41.881187,6,5,1621.31660717,25
3101,UMTS,99,3030239,12.472455,41.828356,11,2,7032.15332193,21
3102,UMTS,99,3030246,12.472414,41.828335,9,2,7035.0758618,20
3104,UMTS,99,2697502,12.476493,41.93372,16,3,4984.46139254,5
3114,UMTS,99,3043258,12.463349,41.900267,127,3,2427.79157624,29
3116,UMTS,99,3047686,12.489714,41.817589,23,2,8075.58177708,11
3119,UMTS,99,18064072,12.466312,41.863971,5,2,3496.49152366,30
3120,UMTS,99,19334043,12.479497,41.949916,755,31,6713.07754795,14
3129,UMTS,99,18023319,12.471284,41.821658,20,8,7779.10833627,15
3130,UMTS,99,19334046,12.480165,41.950622,779,20,6784.02368252,14
3137,UMTS,99,18719728,12.532719,41.908344,310,9,3617.29207456,27
3138,UMTS,99,18721859,12.529661,41.901362,758,3,3039.15578452,36
3140,UMTS,99,16714183,12.581708,41.936344,93,2,8394.71501795,5
3141,UMTS,99,21994015,12.443472,41.797966,434,3,10877.7365734,16
3142,UMTS,99,21996665,12.464804,41.798179,1707,2,10434.0129624,23
3143,UMTS,99,21995232,12.444737,41.810333,827,5,9556.88147877,27
3144,UMTS,99,19371276,12.416558,41.891906,6,3,5630.77609615,18
3145,UMTS,99,19371273,12.415295,41.892065,303,10,5725.15354889,21
3146,UMTS,99,19340885,12.458044,41.902618,71,9,2898.55220529,33
3147,UMTS,99,19340882,12.458494,41.902662,24,2,2871.59541452,30
3148,UMTS,99,16723657,12.634031,41.917866,20,4,10967.7707319,3
3149,UMTS,99,16723651,12.623882,41.927964,1416,13,10638.958403,11
3150,UMTS,99,19373001,12.477626,41.948982,91,4,6631.74676921,6
3152,UMTS,99,18716768,12.549902,41.859668,187,2,5457.28288361,22
3156,UMTS,99,16723653,12.601275,41.91745,7,2,8643.00565395,7
3187,UMTS,99,21340553,12.52057,41.93665,588,5,5579.03162477,18
3189,UMTS,99,18718584,12.505308,41.873394,4843,6,2100.34870354,516
3190,UMTS,99,18718587,12.515602,41.877503,332,6,2229.81262233,34
3191,UMTS,99,18678072,12.515541,41.879986,329,4,2062.63296024,40
3192,UMTS,99,18683889,12.513644,41.880119,2,2,1937.88823528,25
3193,UMTS,99,18060963,12.452178,41.855423,8,2,4881.13650083,21
3207,UMTS,99,21995021,12.428581,41.972694,1,2,10329.3816981,2
3208,UMTS,99,21995022,12.428648,41.972671,0,2,10324.8242134,2
3245,UMTS,99,18719912,12.548174,41.857781,875,6,5492.66152598,35
3275,UMTS,99,18061563,12.482011,41.872691,1206,5,2090.00648637,79
3276,UMTS,99,18061562,12.463399,41.857231,1564,7,4247.21593032,91
3277,UMTS,99,13837059,12.469042,41.867722,149,80,3037.41329783,35
3278,UMTS,99,18061568,12.469413,41.86746,610,20,3045.93896718,51
3279,UMTS,99,18064024,12.46938,41.866294,288,4,3155.64711585,39
3280,UMTS,99,13786369,12.472789,41.860043,1071,83,3651.8391097,72
3281,UMTS,99,13818370,12.468264,41.868036,13,3,3042.3365022,29
3282,UMTS,99,18024318,12.483468,41.855741,301,16,3885.85806122,37
3283,UMTS,99,18064479,12.486044,41.85386,149,9,4065.83845624,34
3284,UMTS,99,12999169,12.486654,41.853456,78,19,4105.58410857,29
3285,UMTS,99,18024315,12.48288,41.855549,326,3,3914.49526498,40
3286,UMTS,99,18052272,12.456173,41.843246,2881,12,5869.21575674,151
3287,UMTS,99,18071862,12.480042,41.856604,174,7,3843.60787433,37
3288,UMTS,99,12908545,12.481131,41.856351,9,2,3852.69466063,33
3289,UMTS,99,18032952,12.484141,41.865485,1052,3,2812.47961688,70
3290,UMTS,99,13807874,12.477812,41.856865,3,2,3858.35436719,35
3291,UMTS,99,13837058,12.470454,41.860542,58,5,3674.25396017,31
3295,UMTS,99,13850115,12.469154,41.867673,46,15,3037.17542818,33
3296,UMTS,99,18061565,12.469862,41.866653,408,8,3102.72850746,40
3297,UMTS,99,18063438,12.469191,41.867797,13,4,3024.26061756,31
3311,UMTS,99,21995111,12.419233,41.944357,843,9,8113.13479629,11
3314,UMTS,99,19334083,12.421092,41.940961,714,5,7741.41111115,11
3315,UMTS,99,21318983,12.50797,41.940703,431,4,5739.13273521,9
3317,UMTS,99,21965401,12.521411,41.817346,53,2,8382.83811831,8
3319,UMTS,99,19373577,12.471726,41.917306,3,2,3383.88179495,15
3321,UMTS,99,21339934,12.482386,41.902366,237,3,1544.2980553,59
3324,UMTS,99,19334782,12.414666,41.896376,2318,21,5809.35586859,68
3343,UMTS,99,19383131,12.411602,41.892619,21,2,6001.75684601,15
3355,UMTS,99,13875713,12.503997,41.911754,146,4,2552.00756375,22
3356,UMTS,99,21305455,12.503372,41.911601,3,2,2520.52077486,20
3373,UMTS,99,21341223,12.494868,41.918643,55,5,3172.21491617,13
3378,UMTS,99,18062715,12.484539,41.829654,268,16,6756.10084125,22
3379,UMTS,99,18062712,12.484895,41.829673,9,2,6751.78402438,16
3380,UMTS,99,18061215,12.474893,41.833786,114,13,6403.88421525,36
3381,UMTS,99,18061213,12.471002,41.834619,290,16,6378.65556262,45
3401,UMTS,99,18028211,12.449122,41.876984,93,7,3528.00877793,17
3442,UMTS,99,18721854,12.533757,41.909815,104,2,3773.82515265,22
3443,UMTS,99,12896770,12.532757,41.910384,0,2,3751.10191925,17
3444,UMTS,99,12960258,12.5725,41.883267,3,4,6002.80390049,20
3445,UMTS,99,13785601,12.572476,41.883301,3,2,6000.55535664,20
3450,UMTS,99,6274792,12.512675,41.981447,12,4,10264.0731629,5
3453,UMTS,99,21338545,12.51687,41.903635,223,3,2358.83003649,25
3459,UMTS,99,21339547,12.502584,41.899987,313,10,1330.96035748,59
3461,UMTS,99,21339334,12.497067,41.901626,184,2,1321.54983288,45
3466,UMTS,99,21300958,12.485924,41.892846,249,6,561.081484646,45
3467,UMTS,99,21300952,12.486812,41.892982,323,3,515.385964563,46
3468,UMTS,99,19340888,12.457687,41.901784,15,2,2879.07209012,26
3472,UMTS,99,18718752,12.5548,41.87757,32,2,4845.94845455,16
3544,UMTS,99,21961542,12.392516,41.902321,228,35,7535.88896213,12
3545,UMTS,99,21961548,12.396398,41.903076,1028,5,7268.57488637,19
3546,UMTS,99,21961545,12.39049,41.90337,16,4,7705.42762131,10
3568,UMTS,99,18024007,12.462386,41.838743,789,15,6137.05054214,56
3569,UMTS,99,18066399,12.464347,41.839792,104,2,5976.31184423,34
3570,UMTS,99,21995234,12.44267,41.819167,3071,50,8715.37271371,112
3574,UMTS,99,21993754,12.435124,41.814559,1329,25,9421.04693004,37
3583,UMTS,99,18717252,12.554686,41.877834,0,2,4829.43059314,16
3600,UMTS,99,21993751,12.432048,41.811455,1754,37,9832.17612569,43
3602,UMTS,99,18717438,12.507977,41.879215,9,2,1683.86570626,21
3603,UMTS,99,18064469,12.48959,41.876791,773,4,1502.28179888,52
3604,UMTS,99,18066398,12.48119,41.850718,2521,3,4465.69148899,149
3605,UMTS,99,21995237,12.446447,41.823051,6668,13,8205.72384249,288
3623,UMTS,99,18688242,12.559229,41.860043,76,3,5991.66624504,16
3651,UMTS,99,22004151,12.446008,41.798163,11,5,10795.7070054,9
3652,UMTS,99,21994012,12.446032,41.798253,7,2,10785.6516519,10
3653,UMTS,99,6264266,12.517268,41.979578,123,4,10115.4610227,6
3654,UMTS,99,6264263,12.517411,41.979219,136,5,10078.1691285,7
3656,UMTS,99,22002871,12.430824,41.810951,32,2,9923.5677148,15
3657,UMTS,99,21993988,12.421222,41.809674,839,3,10392.8947355,19
3659,UMTS,99,18060939,12.459195,41.857348,388,2,4402.48990004,35
3660,UMTS,99,18023123,12.456882,41.854319,5,2,4778.0216793,26
3661,UMTS,99,18023126,12.455999,41.855596,156,3,4697.48193135,32
3663,UMTS,99,21993759,12.419636,41.809599,1925,6,10460.2883025,31
3664,UMTS,99,21993989,12.396215,41.814172,639,3,11060.5876887,11
3665,UMTS,99,18060933,12.446335,41.846284,5499,7,5957.25394157,308
3666,UMTS,99,18053053,12.455683,41.85605,221,14,4669.8667002,32
3667,UMTS,99,18717092,12.576327,41.860911,28,4,7034.52049744,13
3668,UMTS,99,18024008,12.451752,41.827884,2831,26,7554.51220551,121
3669,UMTS,99,18023308,12.450703,41.825216,685,7,7857.80908206,39
3674,UMTS,99,18717251,12.543967,41.878836,14,6,4036.41105589,15
3675,UMTS,99,21340171,12.53129,41.952679,5,3,7531.01499898,5
3677,UMTS,99,19371414,12.442636,41.896783,10,3,3763.41367998,16
3678,UMTS,99,18718383,12.556454,41.852923,75,3,6310.92906412,15
3685,UMTS,99,6264876,12.474257,41.995622,3,2,11805.4114045,3
3686,UMTS,99,6264873,12.476049,41.994866,169,2,11707.3508231,3
3687,UMTS,99,6264879,12.474796,41.995487,181,18,11785.9941016,4
3688,UMTS,99,18064462,12.485853,41.869978,118,11,2297.13774657,39
3689,UMTS,99,6255305,12.452549,41.979457,6524,18,10361.6254273,82
3723,UMTS,99,18060964,12.456865,41.850137,345,19,5173.18742719,34
3754,UMTS,99,21340616,12.524593,41.961739,315,20,8313.27795929,9
3755,UMTS,99,21340613,12.524095,41.961562,280,9,8283.80556971,9
3757,UMTS,99,21338462,12.500031,41.905052,16,4,1750.97662316,33
3758,UMTS,99,19385612,12.442006,41.93445,64,7,6183.35567709,9
3767,UMTS,99,18064456,12.457955,41.830293,1562,3,7132.23232466,84
3811,UMTS,99,8867002,12.41244,41.983136,87,5,11923.9533755,2
3813,UMTS,99,21340615,12.522937,41.959689,312,15,8059.61378249,7
3830,UMTS,99,16717775,12.619781,41.874569,79,3,9621.63067559,2
3831,UMTS,99,16751556,12.617599,41.871133,239,2,9539.5043965,2
3833,UMTS,99,18060935,12.464671,41.864042,5003,8,3558.80424465,386
3834,UMTS,99,18066396,12.466656,41.843252,1500,8,5555.97713461,90
3840,UMTS,99,18717254,12.543802,41.877725,3,5,4065.14435961,14
3844,UMTS,99,18719698,12.540471,41.89053,164,4,3575.41317511,14
3846,UMTS,99,18719707,12.536727,41.891732,357,3,3301.7337438,16
3847,UMTS,99,21305478,12.518066,41.895456,596,14,1999.62772451,57
3848,UMTS,99,21300558,12.516196,41.889668,386,6,1773.24669614,40
3849,UMTS,99,21960614,12.405755,41.910534,557,4,6818.05869194,12
3850,UMTS,99,21964855,12.387005,41.887338,206,2,7828.31023137,8
3851,UMTS,99,21992979,12.393171,41.846869,4246,2,8796.90232586,57
3855,UMTS,99,19342686,12.439969,41.887888,559,6,3896.94266288,21
3856,UMTS,99,19371415,12.432819,41.89917,1207,55,4531.9860674,49
3857,UMTS,99,19371412,12.428176,41.900668,1101,24,4905.94090424,48
3858,UMTS,99,19375164,12.446603,41.910282,33,3,4066.97244873,14
3859,UMTS,99,19375167,12.446414,41.910214,34,3,4074.56059146,14
3862,UMTS,99,19375165,12.446837,41.910575,4,5,4070.55208915,13
3863,UMTS,99,18024056,12.465955,41.842649,3867,18,5636.88292922,232
3871,UMTS,99,21340612,12.523475,41.959583,88,4,8059.69368898,7
3872,UMTS,99,18725752,12.485412,41.870241,6,2,2275.71026471,33
3873,UMTS,99,21994014,12.44425,41.824836,1534,7,8096.07470685,60
3890,UMTS,99,21994017,12.446828,41.818346,1643,4,8673.45675578,56
3898,UMTS,99,21993982,12.432066,41.814846,501,6,9497.30066011,22
3899,UMTS,99,21954822,12.384329,41.915974,233,3,8520.72389305,3
3900,UMTS,99,21995702,12.42396,41.975336,41,2,10749.4634727,2
3901,UMTS,99,21995704,12.428833,41.978225,482,3,10871.6566025,2
3902,UMTS,99,21995705,12.424319,41.975616,3,2,10764.3663102,2
3903,UMTS,99,22003552,12.407382,41.973095,518,2,11177.2704361,6
3904,UMTS,99,21996737,12.409862,41.962358,354,3,10100.8376063,4
3905,UMTS,99,19334089,12.422639,41.939979,253,2,7583.08535888,8
3906,UMTS,99,19373626,12.440623,41.93471,504,6,6268.85990527,12
3909,UMTS,99,19363182,12.442014,41.934435,33,2,6181.66714623,9
3910,UMTS,99,19342683,12.440327,41.884622,5,2,3910.97922593,15
3911,UMTS,99,18064036,12.44034,41.882469,22,2,3954.83626011,15
3912,UMTS,99,18064053,12.44064,41.881304,80,3,3963.29705367,14
3913,UMTS,99,18071681,12.453173,41.852251,331,3,5122.67379504,31
3914,UMTS,99,18024009,12.456635,41.840377,331,2,6139.81935481,37
3915,UMTS,99,18023304,12.449382,41.832007,1348,16,7212.34907257,59
3916,UMTS,99,18023301,12.44569,41.832025,98,8,7335.82666219,28
3917,UMTS,99,18023307,12.449386,41.830792,482,7,7333.66938059,37
3919,UMTS,99,22004691,12.441721,41.819512,538,11,8710.75664412,28
3928,UMTS,99,21996666,12.441149,41.803615,72,4,10349.5489288,8
3939,UMTS,99,18718865,12.545482,41.86169,243,10,5060.56853503,21
3940,UMTS,99,18718868,12.544323,41.861162,349,21,5031.20314384,22
3966,UMTS,99,18716687,12.558931,41.831263,102,12,8207.88314669,15
3967,UMTS,99,18716681,12.558993,41.830854,65,2,8246.99277485,10
3968,UMTS,99,18716684,12.559233,41.831322,29,4,8216.17525445,13
3976,UMTS,99,18064032,12.454138,41.874241,559,3,3344.12284711,28
3985,UMTS,99,18061613,12.483278,41.866891,2346,7,2675.38740626,149
3986,UMTS,99,18024005,12.453692,41.831352,898,3,7143.42698375,52
3987,UMTS,99,18061772,12.482596,41.868257,405,4,2542.54661097,47
3988,UMTS,99,18063006,12.492792,41.868987,573,3,2356.68802927,41
3993,UMTS,99,21964856,12.389491,41.863779,1249,10,8180.49650124,13
3994,UMTS,99,21996398,12.389871,41.826147,153,2,10418.4258955,9
4002,UMTS,99,18717257,12.543478,41.879064,24,6,3994.02227017,15
4004,UMTS,99,19371426,12.466073,41.931164,41,3,4959.11835096,7
4005,UMTS,99,21992937,12.446097,41.798296,1,4,10779.582719,9
4006,UMTS,99,21994018,12.446092,41.798288,1,4,10780.5442498,10
4009,UMTS,99,18063488,12.502365,41.815897,1594,11,8294.93253904,31
4036,UMTS,99,18063069,12.450684,41.816446,128,2,8763.4991751,20
4037,UMTS,99,22002641,12.453542,41.80459,134,3,9944.7221292,11
4038,UMTS,99,22002642,12.452524,41.803736,22,3,10057.6000387,10
4046,UMTS,99,18024002,12.453942,41.829702,1224,26,7304.60530281,64
4047,UMTS,99,18062916,12.481554,41.868087,623,13,2583.58616923,56
4048,UMTS,99,18061775,12.481668,41.866695,502,10,2728.74972488,48
4061,UMTS,99,18725301,12.560364,41.862759,3,4,5900.17760967,17
4084,UMTS,99,18678757,12.587174,41.87138,53,6,7346.01645011,9
4106,UMTS,99,21994016,12.426129,41.800086,2,2,11159.3687869,10
4115,UMTS,99,19371271,12.421237,41.901544,432,62,5429.8248211,40
4116,UMTS,99,19372762,12.421141,41.901659,959,676,5439.75485082,46
4134,UMTS,99,21339946,12.475451,41.900691,4311,24,1714.78485183,493
4145,UMTS,99,13844738,12.509338,41.877003,41,13,1934.079687,22
4200,UMTS,99,19334781,12.416139,41.898031,1501,12,5726.02878659,54
4222,UMTS,99,18719713,12.540767,41.885729,8,2,3630.81056523,13
4223,UMTS,99,18719719,12.540976,41.885927,3,2,3643.27441927,13
4299,UMTS,99,18063346,12.484428,41.880919,38,2,1184.84353234,29
4300,UMTS,99,18063495,12.497733,41.838946,10733,10,5711.87964508,1019
4323,UMTS,99,21992976,12.386244,41.890224,3240,51,7878.69529386,56
4390,UMTS,99,18719913,12.536673,41.857682,267,2,4888.52617122,18
4391,UMTS,99,6230392,12.531667,41.977726,24,5,10167.6509799,6
4403,UMTS,99,18023312,12.482963,41.811339,4,3,8795.92549746,7
4413,UMTS,99,21992973,12.395667,41.893649,2241,9,7189.52390624,44
4441,UMTS,99,19372765,12.421001,41.90134,3266,194,5441.63890306,117
4442,UMTS,99,19372061,12.423827,41.90189,227,15,5252.36956414,31
4443,UMTS,99,19372054,12.427306,41.901523,1083,14,4991.96368705,48
4444,UMTS,99,19372051,12.423618,41.9019,213,2,5267.68473693,31
4445,UMTS,99,19372768,12.421562,41.901478,410,29,5404.63660129,40
4446,UMTS,99,19374353,12.420993,41.901842,376,19,5455.25662213,40
4473,UMTS,99,18064453,12.463862,41.834692,934,31,6522.72409066,67
4475,UMTS,99,21997004,12.383246,41.889793,14,6,8101.41995579,7
4485,UMTS,99,21339524,12.482152,41.905816,0,2,1897.08709961,36
4487,UMTS,99,18066392,12.484484,41.849683,1691,72,4541.07058598,86
4488,UMTS,99,18064172,12.492295,41.857862,215,4,3593.83248139,30
4489,UMTS,99,21339936,12.480592,41.90419,290,4,1786.31661488,60
4490,UMTS,99,18029433,12.491271,41.857965,1,2,3583.23949397,28
4543,UMTS,99,18719692,12.54157,41.888536,9,2,3661.27090221,13
4552,UMTS,99,18681548,12.530859,41.912257,96,4,3771.50530187,15
4553,UMTS,99,18721857,12.533027,41.908596,193,5,3651.94777145,25
4554,UMTS,99,21339548,12.503721,41.8996,71,2,1347.24968602,41
4573,UMTS,99,18060966,12.455164,41.84806,9,2,5436.29384239,28
4574,UMTS,99,18063325,12.473581,41.890526,375,7,1393.0515841,35
4575,UMTS,99,18063328,12.47702,41.892135,2843,74,1157.86400954,320
4576,UMTS,99,18060943,12.468682,41.882509,234,2,1952.14361621,25
4601,UMTS,99,18719664,12.529333,41.873629,13,2,3306.83416845,21
4602,UMTS,99,18719661,12.529365,41.873633,9,2,3308.5613877,21
4606,UMTS,99,19398142,12.420946,41.90156,4,4,5451.26052284,26
4608,UMTS,99,18061626,12.424082,41.877902,15,5,5248.56366793,13
4609,UMTS,99,21961715,12.394081,41.854474,3051,14,8304.8483596,26
4610,UMTS,99,19374362,12.40287,41.904508,3709,2,6833.47834416,86
4611,UMTS,99,19371383,12.425059,41.930676,57,4,6728.67824563,3
4628,UMTS,99,21996671,12.483427,41.806112,1,2,9373.10624319,6
4751,UMTS,99,21339942,12.481111,41.900393,71,3,1409.48007685,43
4801,UMTS,99,18064082,12.438852,41.850755,6,4,5914.76405352,16
4821,UMTS,99,21994747,12.395154,41.87928,17,5,7317.2164652,7
4871,UMTS,99,21992975,12.389211,41.891731,2837,31,7660.41766623,49
4882,UMTS,99,18024051,12.44625,41.868394,14,5,4192.24821857,14
4905,UMTS,99,16717751,12.626328,41.847012,7,4,11045.1113543,2
4933,UMTS,99,19371353,12.410837,41.893545,1246,21,6064.06649689,36
4935,UMTS,99,18064035,12.454536,41.869085,16,3,3657.45568476,19
4940,UMTS,99,18063348,12.496415,41.880594,355,21,1107.75920105,34
4942,UMTS,99,21961831,12.4401,41.933307,210,2,6170.62224659,10
4958,UMTS,99,18060968,12.453433,41.82722,8,2,7573.86102575,30
4959,UMTS,99,21984791,12.452924,41.826934,57,9,7617.70151815,30
4960,UMTS,99,21306848,12.515339,41.898212,107,8,1928.64690972,28
4961,UMTS,99,21300557,12.517222,41.894773,420,20,1918.14144641,46
4962,UMTS,99,21299771,12.505345,41.88734,115,18,1016.54550888,39
4963,UMTS,99,21340415,12.496997,41.885481,117,5,626.435774347,31
4964,UMTS,99,21340412,12.496453,41.88435,204,7,716.365416698,33
4965,UMTS,99,18064461,12.49604,41.876032,418,12,1596.78192032,34
4966,UMTS,99,18063001,12.49702,41.863826,244,9,2951.08578025,26
4967,UMTS,99,18063421,12.497066,41.859264,200,8,3455.81935071,27
4968,UMTS,99,18064471,12.488434,41.852961,88,4,4149.05037848,29
4969,UMTS,99,18064472,12.481293,41.84786,540,11,4777.11770264,37
4970,UMTS,99,18061211,12.474347,41.8386,805,11,5889.55526808,53
4971,UMTS,99,18064481,12.47395,41.836025,159,10,6175.28678923,38
4972,UMTS,99,18061217,12.473998,41.836869,944,9,6082.97155892,60
4973,UMTS,99,18064482,12.467337,41.83393,131,3,6524.99112451,39
4974,UMTS,99,18064452,12.465985,41.831993,74,6,6760.15694475,33
4975,UMTS,99,18064459,12.457943,41.829889,522,10,7174.52519105,40
4976,UMTS,99,21348111,12.520149,41.903704,313,10,2556.22092205,26
4977,UMTS,99,18719703,12.518003,41.901797,11,2,2303.77653511,19
4978,UMTS,99,21300551,12.51588,41.894301,601,16,1808.2309648,58
4979,UMTS,99,18064464,12.496456,41.874813,67,5,1735.67637287,25
4980,UMTS,99,18063009,12.496246,41.869117,428,17,2359.95187463,30
4981,UMTS,99,21306845,12.514256,41.899545,114,9,1933.5025355,27
4982,UMTS,99,21306842,12.514845,41.898923,248,5,1934.77191885,32
4983,UMTS,99,18064451,12.466735,41.833071,135,3,6629.30984483,38
4984,UMTS,99,21299777,12.505831,41.887436,68,5,1047.76859281,38
4985,UMTS,99,21338977,12.511621,41.890407,70,6,1432.83685881,29
5028,UMTS,99,18728351,12.546525,41.914343,103,5,4840.83709286,22
5029,UMTS,99,18718378,12.545483,41.914542,142,26,4789.15853189,27
5030,UMTS,99,18717194,12.541855,41.912603,503,22,4444.9274282,39
5031,UMTS,99,18717195,12.538127,41.910025,95,3,4055.55102168,19
5032,UMTS,99,18717196,12.536259,41.91014,245,13,3947.07379308,30
5033,UMTS,99,21338544,12.524113,41.90741,92,5,3041.17047719,17
5034,UMTS,99,21305477,12.517879,41.901717,25,4,2291.15974608,21
5035,UMTS,99,21305471,12.516796,41.901214,290,6,2193.17840231,32
5036,UMTS,99,21305474,12.516011,41.900239,305,13,2084.91826809,37
5037,UMTS,99,18721851,12.533362,41.908774,126,2,3683.65916648,22
5038,UMTS,99,21300554,12.515071,41.894415,306,6,1753.55370362,35
5039,UMTS,99,21340418,12.496033,41.884434,131,5,695.012356199,32
5040,UMTS,99,18064467,12.496183,41.875061,207,6,1705.01460836,28
5041,UMTS,99,21329121,12.519867,41.903332,148,6,2515.01217035,20
5042,UMTS,99,18063007,12.497204,41.864217,219,9,2909.57192319,28
5043,UMTS,99,18064488,12.476884,41.844731,53,5,5182.7860851,29
5044,UMTS,99,21305476,12.515663,41.898049,40,3,1941.7517395,26
5045,UMTS,99,18072723,12.469212,41.842052,205,8,5620.72177162,38
5046,UMTS,99,21300555,12.515758,41.892125,150,5,1753.36415287,33
5047,UMTS,99,18072722,12.473105,41.841985,115,4,5546.5275397,33
5048,UMTS,99,18026643,12.481981,41.843284,26,2,5271.5765684,27
5101,UMTS,99,21995112,12.383352,41.943917,121,18,10065.0935872,5
5112,UMTS,99,19374936,12.482304,41.926518,8,3,4110.58100964,8
5132,UMTS,99,18719721,12.518434,41.916515,1187,11,3513.46500267,48
5133,UMTS,99,18719724,12.516713,41.916179,1,5,3412.82296218,11
5174,UMTS,99,19374937,12.488391,41.9395,24,2,5494.26212781,10
5175,UMTS,99,19373008,12.48515,41.941813,742,28,5768.45408488,14
5176,UMTS,99,21306349,12.501125,41.940814,1638,26,5670.3824272,30
5177,UMTS,99,19334049,12.484726,41.952331,415,10,6936.66068601,8
5178,UMTS,99,19373002,12.483368,41.941012,731,34,5693.71434751,14
5179,UMTS,99,19374404,12.492038,41.939639,647,17,5501.96084561,10
5180,UMTS,99,19374407,12.494238,41.9396,1463,10,5499.40564791,27
5181,UMTS,99,21306343,12.501684,41.93977,188,7,5560.08964466,6
5182,UMTS,99,21340559,12.518765,41.936646,661,15,5529.5757067,18
5183,UMTS,99,21343206,12.52623,41.930252,11,2,5120.09071904,9
5184,UMTS,99,21343203,12.527729,41.927612,188,6,4925.09867272,11
5185,UMTS,99,18681541,12.530029,41.92131,628,7,4453.88972937,19
5186,UMTS,99,18718763,12.539748,41.918141,437,11,4699.41864,20
5187,UMTS,99,18718769,12.542265,41.917362,629,8,4785.91421218,33
5188,UMTS,99,18718374,12.545468,41.914563,100,12,4789.56318898,27
5189,UMTS,99,18718372,12.545442,41.914664,123,25,4794.34869495,27
5190,UMTS,99,18718375,12.545153,41.914712,30,17,4779.74620943,19
5191,UMTS,99,21306346,12.508206,41.93771,141,5,5417.33092539,7
5192,UMTS,99,21347933,12.51547,41.939176,39,2,5715.15157438,6
5193,UMTS,99,18718768,12.546245,41.915767,173,14,4913.63326142,23
5194,UMTS,99,21340583,12.516914,41.938854,32,2,5714.38928406,6
5195,UMTS,99,18718371,12.546165,41.914722,118,9,4842.27762524,25
5196,UMTS,99,18717191,12.540929,41.91222,475,13,4364.07846812,31
5197,UMTS,99,21343201,12.545715,41.915487,104,152,4863.4918125,22
5198,UMTS,99,18719286,12.546514,41.914057,95,15,4822.55236701,21
5199,UMTS,99,18719283,12.546558,41.914053,24,4,4825.03552013,18
5200,UMTS,99,18718766,12.539282,41.91842,277,8,4694.24694569,14
5201,UMTS,99,21343208,12.533936,41.919975,160,6,4532.14889795,10
5202,UMTS,99,21337524,12.527382,41.921544,104,6,4353.77722281,9
5203,UMTS,99,21343209,12.526915,41.928777,459,9,5003.82841618,18
5204,UMTS,99,18717192,12.540594,41.910905,585,3,4262.61280288,38
5205,UMTS,99,18717198,12.545963,41.913885,24,3,4777.85256582,18
5206,UMTS,99,21348871,12.545701,41.915315,12,3,4851.58628524,18
5208,UMTS,99,18721853,12.529566,41.900453,183,5,2992.62840013,17
5209,UMTS,99,21348872,12.545633,41.915242,11,3,4842.77753877,19
5210,UMTS,99,21300552,12.521481,41.889267,620,9,2167.18806814,39
5211,UMTS,99,21300548,12.530216,41.921011,83,3,4436.87328962,10
5212,UMTS,99,21340558,12.526876,41.929776,174,5,5098.048518,11
5213,UMTS,99,18717197,12.539668,41.911457,24,2,4238.92286829,14
5214,UMTS,99,21300545,12.527121,41.924234,194,6,4586.13339933,10
5215,UMTS,99,18719709,12.524411,41.897623,132,2,2522.61595734,22
5216,UMTS,99,21343202,12.537013,41.919164,78,3,4627.69508776,12
5252,UMTS,99,19371274,12.415662,41.899386,2777,15,5785.90047465,74
5253,UMTS,99,21339944,12.482651,41.902125,60,4,1511.34889675,47
5269,UMTS,99,24583233,12.6423,41.871002,1,2,11337.8817585,2
5288,UMTS,99,6255308,12.470344,41.983494,5,2,10507.6291059,2
5301,UMTS,99,19371381,12.425668,41.930485,5,2,6680.85535359,3
5303,UMTS,99,13879298,12.604807,41.825645,2,5,11009.0966536,6
5316,UMTS,99,21996392,12.391403,41.827584,495,4,10226.3307198,11
5317,UMTS,99,21996394,12.364876,41.828735,2054,12,11669.9443307,10
5318,UMTS,99,18060996,12.415303,41.885613,2051,27,5742.77239509,49
5323,UMTS,99,19373013,12.463543,41.902934,0,2,2566.44995013,31
5324,UMTS,99,19363892,12.46356,41.902929,2,4,2565.09030132,31
5334,UMTS,99,13872641,12.527637,41.879161,10,5,2893.75999266,19
5351,UMTS,99,19398145,12.423977,41.902381,189,11,5255.44558152,29
5354,UMTS,99,19398144,12.426095,41.902729,4056,11,5114.08446244,186
5355,UMTS,99,21364216,12.483442,41.902084,494,7,1480.21639158,69
5358,UMTS,99,19372764,12.419027,41.904429,140,22,5670.96167182,24
5359,UMTS,99,19374356,12.417839,41.904881,91,2,5769.81136628,19
5372,UMTS,99,19334845,12.421195,41.901759,4,5,5438.4860811,27
5374,UMTS,99,24586843,12.49744,41.805165,7,2,9462.71803628,7
5376,UMTS,99,19334784,12.389815,41.889519,1480,8,7613.78349523,19
5381,UMTS,99,19374341,12.414468,41.907115,113,2,6082.79558875,14
5382,UMTS,99,19339356,12.403132,41.921227,344,4,7472.65047176,8
5383,UMTS,99,21956361,12.402166,41.920127,339,2,7481.0122988,8
5384,UMTS,99,21956365,12.391533,41.916426,705,9,8037.025468,12
5385,UMTS,99,21956364,12.397434,41.920869,326,6,7832.99398145,9
5386,UMTS,99,21992804,12.38212,41.906385,337,2,8382.49897787,6
5626,UMTS,99,18717162,12.590187,41.863712,31,7,7839.01351589,9
5627,UMTS,99,18717091,12.590087,41.863796,0,2,7828.63184756,9
5628,UMTS,99,24616437,12.588086,41.856664,810,8,8026.81320989,25
5685,UMTS,99,18061569,12.506944,41.876805,2854,62,1840.72244974,256
5690,UMTS,99,18064522,12.507744,41.819063,757,9,7991.5862436,17
5698,UMTS,99,21994737,12.559218,41.831401,2,2,8208.50541796,10
5701,UMTS,99,18064528,12.506503,41.822437,605,16,7607.08717702,20
5724,UMTS,99,21339541,12.503516,41.899563,44,8,1334.51800932,39
5725,UMTS,99,21305473,12.507916,41.897318,127,2,1404.07310369,36
5726,UMTS,99,18717261,12.530736,41.88395,275,5,2934.81407463,16
5727,UMTS,99,18719671,12.536696,41.877889,308,8,3566.51945606,17
5728,UMTS,99,24616381,12.584814,41.814848,178,5,10830.4283026,6
5729,UMTS,99,21339542,12.504375,41.899572,29,3,1375.90150873,36
5730,UMTS,99,18719729,12.520506,41.915355,16,3,3496.50459566,10
5731,UMTS,99,24605033,12.566062,41.834564,99,2,8258.78990651,9
5859,UMTS,99,18023311,12.504725,41.820157,23,2,7841.75135046,12
5863,UMTS,99,21337522,12.52416,41.920241,1,5,4095.80381173,8
5864,UMTS,99,21341054,12.468747,41.89885,499,3,1999.92412188,45
5875,UMTS,99,19386213,12.41177,41.914431,40,2,6564.5020073,6
5909,UMTS,99,21341229,12.486774,41.898477,1428,16,1011.64529446,169
5910,UMTS,99,21300875,12.48471,41.896709,237,7,921.341694269,44
5911,UMTS,99,21341214,12.487449,41.89258,867,11,450.70685624,70
5912,UMTS,99,21341215,12.484949,41.894829,151,3,754.172681802,42
5913,UMTS,99,21340419,12.487227,41.892471,638,50,457.186640942,56
5914,UMTS,99,18063347,12.491194,41.889341,7,4,125.275017316,36
5915,UMTS,99,18063341,12.488217,41.896673,1916,66,784.887220482,221
5916,UMTS,99,21339946,12.482838,41.901619,563,5,1455.30844277,82
5917,UMTS,99,21339944,12.494187,41.907408,1299,8,1921.93531283,127
5918,UMTS,99,21338469,12.501428,41.909355,253,16,2237.99198861,35
5919,UMTS,99,21338466,12.501995,41.910017,57,3,2320.97440887,24
5920,UMTS,99,21338081,12.49851,41.909395,39,3,2186.70208881,25
5922,UMTS,99,21341213,12.473751,41.88998,19,16,1380.03248868,27
5925,UMTS,99,21339998,12.493129,41.903178,2006,41,1447.71130978,231
5927,UMTS,99,18061611,12.484424,41.877883,28,3,1487.73589055,29
5968,UMTS,99,18695714,12.561115,41.891563,5,2,5110.74192484,15
5996,UMTS,99,18679694,12.565398,41.829905,17,3,8622.45896435,8
5997,UMTS,99,18679697,12.565381,41.829862,2,2,8625.38308802,8
5998,UMTS,99,21343145,12.507508,41.913369,972,5,2815.57085453,53
6022,LTE,99,13803265,12.429165,41.833347,3829,15,7869.65001743,133
6023,LTE,99,12823042,12.44586,41.826006,471,11,7926.76844378,32
6024,LTE,99,13809921,12.450293,41.831626,1621,9,7220.90616141,71
6025,LTE,99,12840962,12.456818,41.834489,148,4,6731.13387852,35
6026,LTE,99,12840961,12.460134,41.838306,819,10,6244.42752071,54
6027,LTE,99,13926145,12.472815,41.8463,495,18,5090.34843051,42
6028,LTE,99,13786370,12.476914,41.8522,467,17,4375.92546723,41
6029,LTE,99,13786369,12.478401,41.857833,165,4,3742.77938813,38
6030,LTE,99,13807874,12.482077,41.864739,702,6,2929.58576235,51
6031,LTE,99,13926147,12.461755,41.839947,1419,25,6029.90553993,80
6032,LTE,99,13837058,12.480476,41.861896,359,2,3265.98547258,38
6033,LTE,99,13837059,12.483292,41.869456,677,5,2400.02771249,57
6034,LTE,99,13807873,12.480698,41.873415,484,18,2054.35693897,48
6035,LTE,99,12823041,12.444772,41.833244,685,12,7249.52654735,36
6036,UMTS,99,18061616,12.47802,41.87297,69,3,2188.70178423,30
6037,LTE,99,13818370,12.469656,41.872445,138,4,2592.85745332,28
6038,LTE,99,12828930,12.461262,41.86979,319,12,3234.46216706,26
6039,LTE,99,13786371,12.459305,41.858449,550,11,4296.82715274,39
6040,LTE,99,13787137,12.457413,41.85352,939,7,4831.1646021,55
6041,LTE,99,13787139,12.451433,41.841204,910,16,6235.58589759,44
6042,LTE,99,12823043,12.435539,41.834193,3113,18,7519.20897646,118
6043,LTE,99,13809153,12.41715,41.828716,1289,29,8824.00636505,25
6044,LTE,99,12828929,12.47124,41.872598,672,23,2504.76832506,50
6045,LTE,99,13866753,12.46221,41.866048,117,4,3493.1344743,25
6046,LTE,99,13866755,12.462702,41.862874,255,4,3749.51519015,32
6047,LTE,99,12818435,12.457188,41.856339,274,7,4579.21383921,32
6048,LTE,99,12818434,12.456003,41.852886,133,4,4947.08751779,30
6049,LTE,99,13876738,12.484617,41.871938,41,2,2107.54021338,35
6050,LTE,99,12840963,12.452514,41.842508,295,8,6069.84812274,32
6053,UMTS,99,6264705,12.495337,41.974124,4,3,9340.22719054,5
6054,UMTS,99,18716689,12.5583,41.833606,348,7,7972.60239819,19
6055,UMTS,99,18716686,12.558857,41.832628,132,2,8083.88338484,12
6087,UMTS,99,18716687,12.5591,41.831536,15,3,8191.25454448,11
6088,UMTS,99,18064466,12.487719,41.875346,3,8,1684.33511996,26
6089,LTE,99,18061615,12.485229,41.871919,22,2,2097.6914036,36
6090,UMTS,99,18062915,12.480529,41.861832,85,3,3271.7849102,33
6091,LTE,99,18024004,12.458886,41.836201,109,3,6496.16900833,36
6092,UMTS,99,13809154,12.42583,41.811593,458,9,10037.1627847,20
6093,UMTS,99,18064081,12.450044,41.829221,55,2,7470.75260858,30
6116,UMTS,99,21339332,12.49892,41.896054,152,7,816.919115582,50
6117,UMTS,99,21338062,12.499986,41.895514,374,21,822.278700667,67
6118,UMTS,99,21340413,12.498718,41.89473,49,3,694.206357205,44
6119,UMTS,99,21299773,12.501047,41.89382,184,15,763.92362438,50
6120,UMTS,99,21340411,12.498663,41.890613,190,8,472.796024334,39
6121,UMTS,99,21338063,12.498013,41.897272,25,2,895.295082379,39
6122,UMTS,99,21338972,12.503028,41.895643,70,3,1000.67021481,44
6123,UMTS,99,21299772,12.501888,41.88789,427,13,753.804736037,57
6124,UMTS,99,21299771,12.504907,41.886975,115,2,999.387407987,40
6125,UMTS,99,21338052,12.503142,41.895706,59,4,1011.65321543,44
6126,UMTS,99,21339543,12.498509,41.895948,121,2,789.383857676,49
6131,UMTS,99,18719912,12.550021,41.858102,1,6,5573.9836715,18
6133,UMTS,99,18717683,12.54906,41.838466,132,4,7127.97145167,11
6134,LTE,99,12845825,12.430783,41.792434,208,5,11791.3303881,6
6135,LTE,99,13782275,12.433766,41.794472,239,6,11497.246052,7
6136,LTE,99,13809922,12.43849,41.797681,657,11,11035.9964126,12
6137,LTE,99,13877763,12.444028,41.801424,241,6,10501.7771532,10
6138,LTE,99,13877761,12.45453,41.808694,988,19,9486.80335699,28
6139,LTE,99,13841154,12.450965,41.806078,55,2,9844.37090321,11
6140,LTE,99,13840898,12.457765,41.811657,704,5,9101.9701535,26
6141,LTE,99,13851394,12.460718,41.813904,42,2,8801.54100598,15
6142,LTE,99,13851395,12.463399,41.818843,459,13,8219.18870793,24
6143,LTE,99,13876482,12.469389,41.830615,310,10,6839.77169692,41
6144,LTE,99,13876483,12.466034,41.837728,830,24,6151.19279648,65
6145,LTE,99,13787649,12.435533,41.849908,332,8,6151.11913865,18
6146,LTE,99,13787650,12.436422,41.844021,391,10,6601.19813672,19
6147,LTE,99,12830977,12.434963,41.851796,53,3,6029.82018784,17
6160,UMTS,99,18060974,12.435275,41.855265,58,2,5746.13698615,15
6175,UMTS,99,21339945,12.481716,41.90078,104,4,1418.97035632,46
6220,UMTS,99,24588212,12.608295,41.935179,32,4,9964.62453215,2
6254,UMTS,99,21339544,12.502893,41.900328,0,2,1375.20266603,40
6256,UMTS,99,18703953,12.559051,41.831461,4,2,8195.69774596,11
6351,UMTS,99,18719321,12.566019,41.896922,1,5,5524.13614486,11
6416,UMTS,99,19334785,12.41849,41.899728,1044,20,5586.43065364,47
6427,UMTS,99,24586847,12.505586,41.821519,9,5,7699.23254185,12
6569,UMTS,99,18719722,12.523363,41.912,1,5,3347.75815445,15
6593,UMTS,99,21339952,12.480703,41.907642,53,4,2126.33436777,36
6594,UMTS,99,21339526,12.480181,41.90824,32,5,2202.88121611,34
6608,UMTS,99,18717274,12.571875,41.85188,255,26,7280.96833957,20
6609,UMTS,99,18717271,12.571968,41.850912,283,15,7349.97756073,23
6610,UMTS,99,24616801,12.577667,41.853083,890,24,7560.08068009,39
6611,UMTS,99,24616434,12.588614,41.853859,163,10,8210.28501157,15
6612,UMTS,99,18683795,12.587326,41.85388,31,3,8126.01193097,15
6613,UMTS,99,24616433,12.588697,41.853453,388,28,8237.92057129,20
6614,UMTS,99,24616431,12.588391,41.853816,434,34,8198.23092014,20
6615,UMTS,99,24616436,12.589936,41.853189,326,14,8332.36897762,17
6616,UMTS,99,24616306,12.588717,41.845448,554,16,8714.48588456,17
6617,UMTS,99,24616334,12.591094,41.847865,143,11,8711.9816565,9
6618,UMTS,99,24616805,12.587872,41.845682,253,11,8648.15073409,11
6619,UMTS,99,24616802,12.584527,41.847993,572,3,8297.83585777,22
6620,UMTS,99,24616336,12.589902,41.843236,1665,32,8928.3216452,44
6621,UMTS,99,24577116,12.587565,41.844435,8,2,8709.67893808,11
6622,UMTS,99,24616303,12.588676,41.845224,612,11,8726.22468519,18
6623,UMTS,99,18742794,12.573088,41.849848,71,11,7487.26051792,18
6624,UMTS,99,18717275,12.572082,41.850478,287,160,7385.52233534,23
6625,UMTS,99,18717272,12.57213,41.850351,223,52,7396.82322259,22
6626,UMTS,99,24616333,12.572103,41.849801,30,3,7431.99365046,18
6627,UMTS,99,18685356,12.572189,41.850052,0,2,7420.27044217,16
6628,UMTS,99,18717276,12.571828,41.852599,293,21,7231.66354833,20
6629,UMTS,99,18717273,12.568742,41.85364,221,8,6977.92862226,21
6630,UMTS,99,24618166,12.572196,41.850056,0,2,7420.41827794,16
6645,UMTS,99,21997005,12.380497,41.869931,1442,14,8603.66821907,17
6647,UMTS,99,18688245,12.562011,41.857772,100,14,6304.77074711,18
6648,UMTS,99,18688242,12.561888,41.85795,1,2,6285.97800577,16
6649,UMTS,99,18683792,12.587913,41.854455,186,4,8132.46326996,15
6651,UMTS,99,21339941,12.421293,41.901418,8,5,5422.5239833,26
6652,UMTS,99,18685355,12.578027,41.856463,96,3,7384.87239798,12
6653,UMTS,99,18717092,12.583662,41.852276,186,6,7983.73802864,16
6654,UMTS,99,24616804,12.580258,41.854469,171,4,7640.81469344,14
7044,UMTS,99,24616115,12.582598,41.825736,316,28,9810.79157282,6
7045,UMTS,99,24583256,12.504817,41.794782,605,30,10650.3519436,8
7046,UMTS,99,24616445,12.521073,41.79496,527,40,10802.7732814,9
7047,UMTS,99,24577844,12.555277,41.802788,518,53,10783.5545116,6
7048,UMTS,99,24577845,12.542227,41.798922,633,39,10803.679143,9
7049,UMTS,99,24616384,12.578436,41.819384,457,46,10140.4798029,6
7050,UMTS,99,24616446,12.513391,41.794389,789,48,10767.6779956,11
7051,UMTS,99,24577842,12.544834,41.799429,316,36,10818.8669965,5
7052,UMTS,99,24616305,12.588953,41.835509,285,26,9402.33986859,12
7053,UMTS,99,24616442,12.522342,41.794934,143,12,10824.5843425,6
7054,UMTS,99,24616443,12.520013,41.794736,27,3,10811.9817033,6
7055,UMTS,99,24615916,12.587007,41.832538,63,7,9511.9740485,8
7056,UMTS,99,24616444,12.528595,41.795981,384,35,10816.635408,7
7057,UMTS,99,24616304,12.591556,41.83929,545,20,9288.68625585,15
7058,UMTS,99,24616385,12.573483,41.813182,411,35,10469.0375005,6
7059,UMTS,99,24616114,12.58545,41.830257,215,19,9601.13449048,8
7068,UMTS,99,18719705,12.530214,41.889099,21,13,2815.93625791,16
7069,UMTS,99,18719702,12.530186,41.889198,1,2,2813.41544427,16
7078,UMTS,99,24579694,12.507483,41.794445,156,12,10706.6534558,7
7079,UMTS,99,24577841,12.551947,41.801724,370,28,10786.6555744,6
7080,UMTS,99,24583254,12.534372,41.797233,94,8,10797.7699111,6
7142,UMTS,99,19372785,12.436706,41.897288,182,5,4206.46203198,18
7219,UMTS,99,21993024,12.380174,41.817257,815,2,11621.3915815,8
7257,UMTS,99,13833217,12.482561,41.995517,27,5,11739.5074207,3
7261,UMTS,99,13863425,12.579168,41.91035,57,25,6829.5850698,9
7272,UMTS,99,21364216,12.47373,41.910381,1407,6,2638.3837775,132
7279,UMTS,99,18063437,12.475861,41.882183,61,14,1511.84875023,24
7281,UMTS,99,18060961,12.469816,41.864058,72,3,3351.36486689,31
7287,UMTS,99,18064055,12.443088,41.871416,689,9,4209.74999674,22
7288,UMTS,99,27239561,12.494816,41.830321,127,2,6659.66817691,19
7289,UMTS,99,27237056,12.493985,41.830581,168,4,6629.33151799,20
7290,UMTS,99,27237053,12.494855,41.829701,35,2,6728.68220366,19
7291,UMTS,99,18023122,12.449027,41.852211,20,2,5306.94010274,23
7292,UMTS,99,18053052,12.454974,41.853551,619,10,4927.84165982,44
7294,UMTS,99,18683561,12.579242,41.910215,33,4,6829.85318292,8
7295,UMTS,99,18024003,12.486488,41.835309,2078,6,6117.70989569,97
7296,UMTS,99,18027519,12.417849,41.881845,398,4,5608.0822471,20
7297,UMTS,99,27239564,12.492062,41.830038,77,5,6688.62035559,17
7298,UMTS,99,21346672,12.482168,41.90171,227,9,1488.7746955,56
7301,UMTS,99,27239567,12.472294,41.842231,2393,18,5535.96274994,135
7302,UMTS,99,18070052,12.45572,41.856155,61,8,4658.77835596,29
7304,UMTS,99,21995118,12.383473,41.943706,5,2,10043.9176027,4
7307,UMTS,99,19375102,12.46033,41.895601,4,2,2452.2038577,22
7308,UMTS,99,21341055,12.460359,41.895645,9,2,2451.3278748,22
7351,UMTS,99,18683685,12.561251,41.882679,11,2,5185.49112423,17
7372,UMTS,99,27239563,12.489652,41.822906,54,3,7484.49754584,13
7380,UMTS,99,21339239,12.473837,41.899599,391,6,1727.99836301,47
7381,UMTS,99,21984682,12.383855,41.94427,34,2,10058.5083016,3
7382,UMTS,99,21338375,12.485945,41.902971,116,2,1500.41998197,45
7441,UMTS,99,21996742,12.383711,41.943592,46,2,10022.1515712,4
7443,UMTS,99,21340135,12.481388,41.899387,34,2,1308.00918824,36
7444,UMTS,99,27236031,12.41766,41.880023,12,4,5658.75027673,16
7449,UMTS,99,27262465,12.420954,41.901309,14,4,5444.25065916,26
7451,UMTS,99,27237082,12.421135,41.901581,408,145,5438.15333001,40
7452,UMTS,99,27237085,12.421592,41.901633,346,18,5406.51581937,38
7453,UMTS,99,27235591,12.421146,41.901517,85,14,5435.69889298,34
7454,UMTS,99,27237088,12.421071,41.901596,63,3,5443.1657506,34
7455,UMTS,99,27238664,12.419238,41.904214,373,12,5649.2476216,32
7457,UMTS,99,27236656,12.47856,41.871345,338,6,2330.47529876,42
7458,UMTS,99,27238665,12.41742,41.902665,475,3,5734.89972062,42
7459,UMTS,99,19372411,12.468309,41.908439,0,2,2703.98132896,30
7462,UMTS,99,27262466,12.423102,41.902272,196,8,5315.16838057,32
