,net,cell,lon,lat,range,samples,distanze
0,10,28691,12.62004,41.890106,9674,2,10598.96954427886
1,10,30032,12.586933,41.946829,4479,7,10059.269423406748
2,10,28988,12.590219,41.942038000000004,5038,6,9956.52603799691
3,10,28993,12.609722999999999,41.91265,5075,4,10055.850095514761
4,10,30033,12.548766,41.967403000000004,7522,10,9772.115749495943
5,10,30031,12.557207,41.959724,7603,6,9414.713080002908
6,10,56461,12.58509,41.937711,2992,6,9332.759185673262
7,10,28323,12.606999,41.875426000000004,1331,2,9657.6582517314
8,10,28757,12.602356,41.852514,1164,3,10046.181522509325
9,10,51921,12.611962,41.898831,4354,3,9974.339308095965
10,10,23642,12.611962,41.898831,4354,3,9974.339308095965
11,10,23643,12.608982000000001,41.908833,4793,6,9899.21492077211
12,10,23967,12.59448,41.837358,4778,13,10312.232278599146
13,10,28753,12.600597,41.853299,1565,5,9877.077957070574
14,10,28758,12.602325,41.86057,4392,7,9704.818292522003
15,10,30071,12.597916,41.845044,1611,4,10097.839230702708
16,10,46293,12.595279,41.836621,4841,19,10413.439892318964
17,10,23213,12.594273,41.833432,1692,17,10552.794634253334
18,10,24183,12.586299,41.828538,5837,19,10379.95596171173
19,10,24193,12.589953999999999,41.830825,6233,12,10447.760954165267
20,10,46292,12.598624000000001,41.845512,3815,4,10123.307391686703
21,10,46292,12.594899,41.834423,211,13,10529.371851603832
22,10,30227,12.592978,41.843354,4176,4,9842.046269903638
23,10,23802,12.604648,41.901882,5747,5,9410.976737028648
24,10,28751,12.599882000000001,41.872677,6386,5,9136.26818226763
25,10,28982,12.599867,41.937846,7164,22,10374.490490742439
26,10,28321,12.607769000000001,41.876865,1503,2,9694.892218066001
27,10,23703,12.597551,41.896031,6268,3,8756.339161513859
28,10,29951,12.593765,41.908108,4895,2,8649.658213733774
29,10,64141,12.537276,41.978243,913,4,10468.257095524537
30,10,28382,12.546836,41.972419,5116,6,10192.567777172042
31,10,64142,12.538681,41.972062,5900,5,9874.604741710868
32,10,28752,12.597388,41.854553,1128,2,9576.840520352494
33,10,28759,12.595675,41.848746999999996,541,3,9735.54420587138
34,10,51259,12.577858,41.818874,213,2,10637.369898147923
35,10,30491,12.565142999999999,41.813043,4197,9,10485.777752274424
36,10,28732,12.494437,41.797071,3994,5,10342.341380898639
37,10,30222,12.573649000000001,41.818222,2396,4,10462.502183161634
38,10,30028,12.572935000000001,41.821599,2645,2,10139.52793956699
39,10,1561,12.539252000000001,41.82116,8399,5,8598.686095759038
40,10,30382,12.524147,41.810109999999995,7928,5,9276.842344535798
41,10,28358,12.476711,41.798737,3169,7,10238.340522279375
42,10,30492,12.579438,41.822448,2278,3,10435.605453546548
43,10,28981,12.597507,41.937767,3026,6,10202.066819276257
44,10,24062,12.529034,41.817426,7829,3,8635.756441432006
45,10,26461,12.471735,41.799040999999995,1572,4,10265.571226201662
46,10,24061,12.523507,41.826879,6951,2,7491.561210378718
47,10,24321,12.595581,41.938525,2867,3,10110.17328883753
48,10,54562,12.555112,41.967969000000004,4275,10,10088.667102357509
49,10,54561,12.548522,41.974996000000004,5206,12,10511.088400058577
50,10,54563,12.548572,41.966923,5284,7,9717.62276268024
51,10,28388,12.538110000000001,41.976426000000004,5956,7,10305.219697079063
52,10,23703,12.612519,41.871978000000006,2600,2,10178.824321012868
53,10,28377,12.467633,41.975773,5085,2,9725.9162932796
54,10,23831,12.459261999999999,41.982027,282,2,10564.59514993399
55,10,28983,12.5688,41.958757,8101,9,9912.807945930386
56,10,28999,12.608383,41.926059,963,3,10421.207819450101
57,10,28511,12.610713,41.927122999999995,756,2,10645.012991688609
58,10,24027,12.595906,41.850972999999996,350,2,9638.13218211431
59,10,24029,12.589855,41.838875,1153,3,9900.81130153859
60,10,46291,12.586941,41.834396000000005,591,2,10004.370826171353
61,10,30079,12.586941,41.834396000000005,591,2,10004.370826171353
62,10,10086029,12.548777000000001,41.952596,791,160,8366.411309715748
63,10,28391,12.58772,41.938596000000004,3327,4,9568.334839209829
64,10,30071,12.53103,41.919133,18071,3,4545.038065517793
65,10,54043,12.536039,41.976445,5252,3,10245.154923025277
66,10,10084454,12.477344,41.854752000000005,994,5,4126.278319142968
67,10,10084451,12.477716000000001,41.854385,1318,15,4156.043063955861
68,10,10084457,12.477263,41.856395,833,7,3954.7823164712536
69,10,10084169,12.408101,41.890088,2203,122,6990.517230236175
70,10,10363646,12.433976,41.899066,95,5,4942.433214038535
71,10,10411813,12.439343,41.901308,447,16,4567.873920671364
72,10,10412500,12.45936,41.907861,1362,101,3368.2925314834797
73,10,28812,12.471287,41.903484000000006,28,3,2288.1266691289493
74,10,10413499,12.470775999999999,41.907394000000004,555,73,2618.7797415216896
75,10,30061,12.468889,41.905133,103,10,2558.355294206081
76,10,10412280,12.471631,41.910971999999994,1019,152,2878.770049552975
77,10,10412462,12.477586,41.908439,338,68,2369.2281640679726
78,10,10412039,12.478744,41.905928,2,6,2081.701059172715
79,10,10412042,12.47978,41.906079,245,28,2050.850278515874
80,10,10412917,12.482222,41.906290000000006,31,5,1976.9403798860108
81,10,29811,12.481417,41.90549,306,3,1927.330683146191
82,10,10412911,12.482443,41.907109000000005,329,36,2052.2709971542477
83,10,10412914,12.483148,41.906108,22,5,1926.9955913224946
84,10,10414605,12.482616,41.905762,98,20,1909.9699318926118
85,10,28771,12.483789,41.903551,1485,3,1646.3309686998184
86,10,29637,12.48039,41.909816,35,5,2396.238653429651
87,10,10363625,12.476549,41.908586,1306,8,2428.526156989146
88,10,10414277,12.482643,41.91194,204,42,2547.838780304109
89,10,29711,12.482781,41.913288,29,5,2686.9279225979103
90,10,46712,12.481784,41.912137,259,4,2591.8034954555933
91,10,30441,12.482824,41.912909,72,10,2645.6679159964156
92,10,10411871,12.482391,41.912325,1,2,2595.021723656635
93,10,10411874,12.481394,41.911465,162,19,2533.088493679454
94,10,10412459,12.472832,41.910226,825,263,2752.988111126533
95,10,10362330,12.470328,41.91299,419,54,3123.4911513247853
96,10,10362413,12.475582000000001,41.909566999999996,240,44,2563.567755753808
97,10,10362333,12.469125,41.916104,1,2,3464.5696717963815
98,10,10412179,12.510906,41.925112,10,3,4175.5555867487965
99,10,10398700,12.515514,41.928028999999995,142,11,4623.786120940406
100,10,10398702,12.516078,41.928346999999995,88,10,4675.452792263447
101,10,10398699,12.515997,41.928309000000006,141,8,4668.795350333327
102,10,10398704,12.513284,41.928585,76,9,4607.059233650208
103,10,10398703,12.515227000000001,41.928964,112,4,4708.7614789372965
104,10,10086541,12.601221,41.855915,4102,52,9807.731066198894
105,10,10034030,12.613812,41.903387,4048,134,10187.322092204382
106,10,582112,12.464753,41.832628,38,4,6789.346913232544
107,10,25242048,12.513608,41.886008000000004,8,2,1825.4904192876043
108,10,582380,12.484494,41.947808,452,293,6434.54545165295
109,10,582381,12.481517,41.951017,188,58,6817.3268665141495
110,10,582379,12.484544,41.950367,130,20,6716.984930466712
111,10,647027,12.477165,41.937796999999996,99,13,5437.254553932885
112,10,583360,12.468857,41.937028000000005,514,51,5556.703317472491
113,10,583359,12.467568,41.939064,701,55,5806.007727962636
114,10,581481,12.473548,41.937340999999996,30,8,5465.8615698110225
115,10,584340,12.464507000000001,41.944992,37,9,6511.66615593261
116,10,581430,12.465677000000001,41.944866999999995,55,19,6464.848975245891
117,10,568461,12.467888,41.942665999999996,36,15,6173.037997021189
118,10,582331,12.468055999999999,41.942718,3,12,6173.933167978109
119,10,583802,12.467746,41.942465000000006,4,3,6155.849765404906
120,10,64042,12.46786,41.942768,3,2,6184.501358786856
121,10,1631,12.467839,41.942777,8,2,6186.017575442895
122,10,647028,12.48347,41.944784999999996,992,57,6110.2250805019385
123,10,647247,12.541802,41.862864,587,166,5105.37727150187
124,10,647246,12.550923,41.863437,310,34,5698.637939531356
125,10,647245,12.546582,41.864897,447,76,5306.765812791176
126,10,648525,12.545321000000001,41.864767,900,24,5226.018350180456
127,10,649986,12.534272,41.860842,692,124,4768.121758082683
128,10,29833,12.541195,41.860890000000005,1001,28,5199.2540675954315
129,10,29612,12.529860000000001,41.855084000000005,537,42,4989.566848377064
130,10,29392,12.528875,41.855833000000004,678,41,4873.531357107548
131,10,649987,12.519399,41.856446999999996,665,168,4368.242945992314
132,10,582020,12.511828,41.856369,951,101,4088.641172790444
133,10,581590,12.507886,41.858121000000004,840,25,3786.991771017167
134,10,582019,12.501803,41.859539,289,54,3492.2162179246784
135,10,581594,12.489192,41.853558,1043,71,4075.19747076255
136,10,28611,12.481181,41.84786,23,7,4790.031374180225
137,10,28612,12.480678999999999,41.847375,74,11,4851.035479445587
138,10,566781,12.477356,41.84451,462,29,5221.980493944322
139,10,581731,12.479781,41.846568,466,100,4954.044430765014
140,10,581629,12.474808,41.840989,511,85,5653.304439930183
141,10,582109,12.472519,41.836523,1077,96,6181.812544171551
142,10,551572,12.469991,41.832076,120,18,6714.177239806597
143,10,582110,12.469021000000001,41.830343,1197,115,6921.470422865395
144,10,582111,12.466052000000001,41.826935999999996,446,113,7354.906684394093
145,10,568739,12.465297,41.823249,209,53,7764.846040319408
146,10,568742,12.467342,41.824645000000004,644,118,7568.231382117388
147,10,568743,12.456832,41.806405,1618,301,9760.03489467017
148,10,549040,12.453206,41.800825,379,49,10442.33275834441
149,10,549039,12.456638,41.800425,57,14,10399.761663601535
150,10,647077,12.461444,41.799844,340,67,10355.613203414992
151,10,581593,12.498501,41.859613,265,54,3432.751409148904
152,10,28899,12.491419,41.854987,548,67,3908.8708016416945
153,10,28617,12.486172,41.851247,42,9,4353.670125620138
154,10,21437,12.483589,41.849415,276,40,4584.828098002274
155,10,21439,12.479577,41.84655,43,12,4959.587255062917
156,10,647078,12.456928999999999,41.807935,75,6,9595.691602031955
157,10,581969,12.464328,41.818259999999995,217,45,8319.014224564973
158,10,30087,12.464744999999999,41.817977,7,3,8339.622147243383
159,10,646917,12.466844,41.819148999999996,287,53,8167.637585418809
160,10,646920,12.469323,41.819818,121,27,8044.530643913523
161,10,28342,12.469789,41.831195,187,25,6812.867460582232
162,10,28348,12.471264999999999,41.833828999999994,65,10,6497.995349200803
163,10,581730,12.486931,41.848976,349,63,4597.690441647219
164,10,566780,12.488794,41.848102000000004,33,7,4682.074413655873
165,10,566779,12.491054,41.849721,36,13,4494.284911201789
166,10,581729,12.492019,41.850411,83,25,4416.471736207225
167,10,569080,12.496083,41.8513,280,72,4328.875182436047
168,10,569079,12.50958,41.853131,943,172,4356.357080215363
169,10,646957,12.513442,41.852286,325,28,4558.506704292004
170,10,647906,12.518094,41.857343,70,14,4227.370962781572
171,10,648526,12.527731,41.853322999999996,265,42,5038.734862804791
172,10,28293,12.531522,41.856457,203,23,4960.731176540996
173,10,648027,12.554821,41.862996,179,46,6001.686324614163
174,10,29319,12.555841000000001,41.862426,26,6,6106.742886519631
175,10,649005,12.554177000000001,41.861779,226,33,6025.22273115697
176,10,649007,12.553230000000001,41.862065,230,45,5941.619673079098
177,10,24752,12.463658,41.84898,5745,4,5157.531729301964
178,10,59881,12.442523,41.811792,43,4,9638.444285437125
179,10,58753,12.437128999999999,41.819567,43,3,9083.662610834608
180,10,57112,12.478145,41.855408000000004,1,2,4036.9680959916154
181,10,57832,12.471559,41.860061,6061,4,3762.905412150412
182,10,29821,12.436949,41.817646999999994,613,4,9275.832462497305
183,10,57411,12.479875,41.870971000000004,7406,5,2370.1801055656456
184,10,5991,12.506402,41.904807,40,2,2001.353672643828
185,10,57931,12.503679,41.903301,399,2,1735.799225480666
186,10,29472,12.468442999999999,41.881382,2986,2,2210.0690124584517
187,10,29478,12.47805,41.855438,15,3,4036.090449193315
188,10,7571,12.50559,41.903705,39,4,1862.7116803612817
189,10,57682,12.455053,41.860709,5183,2,4503.992861394729
190,10,58583,12.503357000000001,41.904389,322,7,1824.9373612393013
191,10,56821,12.500233999999999,41.907139,42,3,1995.2900212501652
192,10,50594049,12.541637,41.866062,2256,6,4891.121616116056
193,10,6219088,12.538275,41.869358,51,4,4459.710765587988
194,10,6219089,12.535086999999999,41.866726,18,3,4402.089037444062
195,10,597647,12.595379,41.836585,18,11,10422.540941758485
196,10,30378,12.382352000000001,41.935714000000004,109,2,10432.568252927656
197,10,54242,12.385099,41.909676,507,2,9158.043404611293
198,10,45217,12.436152,41.936927000000004,698,2,6977.852996704187
199,10,46293,12.592537,41.841596,572,3,9915.954668034266
200,10,28353,12.480986999999999,41.800308,50,2,10025.695761488374
201,10,23962,12.590777000000001,41.838267,58,2,10002.315644243994
202,10,28879,12.452122,41.826894,425,7,7781.123012034818
203,10,10086632,12.440854,41.941427000000004,13,4,7116.608584850901
204,10,10086629,12.440804,41.941466999999996,13,4,7122.65098262777
205,10,10084612,12.421049,41.941096,21,3,8183.0124788594
206,10,10035836,12.454034,41.814302000000005,1382,2,9007.153159160262
207,10,10035830,12.458716,41.824376,923,3,7823.008134567538
208,10,10084609,12.421607,41.941039,84,4,8145.231124136961
209,10,10068510,12.419592,41.943591999999995,1638,6,8462.710737574673
210,10,10084429,12.547966,41.864667,1,2,5417.920574722129
211,10,10084432,12.548025,41.864740000000005,8,2,5417.8616254141425
212,10,10086880,12.568406,41.833028999999996,488,4,8954.492358621412
213,10,10413761,12.457754,41.936914,359,5,5931.406506986328
214,10,10086879,12.587996,41.834798,409,7,10045.878367004372
215,10,10086881,12.585467999999999,41.842565,211,7,9367.731807843142
216,10,10065561,12.584069,41.843404,32,2,9219.219084957871
217,10,10085031,12.570921,41.815017,28,2,10595.963556885237
218,10,10084700,12.5828,41.840883000000005,387,12,9294.618966364935
219,10,10084706,12.583047,41.841041,336,4,9300.88413617919
220,10,10032739,12.458704,41.816054,4719,21,8693.129575117495
221,10,10086774,12.459894,41.8184,477,2,8414.616437770548
222,10,10034219,12.611162,41.882503,753,69,9899.46353000498
223,10,10085346,12.602518,41.865237,762,29,9556.68040252136
224,10,10085340,12.604817,41.864472,287,2,9764.041448803628
225,10,10087221,12.574380999999999,41.880016999999995,18,2,6902.9132498193485
226,10,10085149,12.574148,41.879824,13,2,6887.390342902912
227,10,10084832,12.469825,41.833991999999995,207,5,6513.847585404754
228,10,10084835,12.469956,41.834402000000004,218,7,6467.101481252567
229,10,10084615,12.421396000000001,41.940991,39,5,8154.159438349002
230,10,10412399,12.502807,41.902015999999996,22,2,1576.7372109513763
231,10,10413054,12.52496,41.871596999999994,69,6,3404.7472228066026
232,10,10412776,12.523966,41.871361,5,2,3355.7518806380745
233,10,10413051,12.52338,41.871428,6,2,3313.1459628831744
234,10,10398780,12.520131,41.933668,20,4,5353.383623642902
235,10,10381980,12.455014,41.911125,16,4,3873.539153514446
236,10,10401939,12.486964,41.897419,150,2,919.8470122478344
237,10,10035833,12.454377000000001,41.826765,20,2,7715.716059506978
238,10,10412525,12.505433,41.908265,163,3,2284.7650473810113
239,10,10362490,12.469666,41.943744,0,2,6240.230015515406
240,10,10414631,12.535884,41.887715,52,2,3624.9620893734364
241,10,10084436,12.550042,41.859906,6,3,5852.588882957493
242,10,10084433,12.549933,41.859962,8,5,5841.607662555762
243,10,10084430,12.550009,41.859932,9,7,5848.68694309239
244,10,9510114,12.442984,41.830228000000005,16120,2,7817.870091518375
245,10,10084762,12.565581,41.897384,415,28,6131.437640402678
246,10,10084759,12.566259,41.898596999999995,1056,27,6206.047428109886
247,10,10084765,12.566007,41.897459000000005,164,8,6167.573477175487
248,10,10084287,12.565498,41.901198,481,2,6194.085119668876
249,10,10414720,12.531321,41.911194,232,11,3989.868443693499
250,10,28357,12.48217,41.801379,52,5,9898.412675847561
251,10,10084266,12.482525,41.801327,3,2,9901.698806240112
252,10,10085341,12.612757,41.89204,4291,329,9996.528577484332
253,10,10085344,12.604707000000001,41.871248,1822,249,9561.71672630947
254,10,10085345,12.609125,41.879031,2038,231,9772.609771179314
255,10,10059920,12.482308999999999,41.801572,65,8,9876.074783120792
256,10,10084259,12.481826,41.801624,6,3,9873.78322563603
257,10,10059926,12.482281,41.801499,61,8,9884.350160490063
258,10,10412234,12.504487,41.880263,38,10,1493.162785163068
259,10,10412237,12.504522,41.880278999999994,35,9,1493.8193076252664
260,10,10412231,12.504625,41.880349,23,7,1493.9345926665562
261,10,10085241,12.591472999999999,41.868409,12,3,8577.188237292507
262,10,10411909,12.488142999999999,41.979273,11081,12,9902.609863730851
263,10,10413629,12.560518,41.945124,36,5,8321.663755834514
264,10,10085949,12.560310000000001,41.944767999999996,88,11,8280.955763979942
265,10,10085952,12.558461,41.944937,233,5,8191.193357164096
266,10,10085355,12.598192,41.855568,281,2,9591.871078067066
267,10,10396149,12.525973,41.911537,47,4,3663.8438051262515
268,10,10084262,12.481614,41.801495,44,2,9889.624325777577
269,10,10065567,12.576253999999999,41.837913,965,2,9068.845285780606
270,10,10085441,12.497716,41.98283,34,4,10301.288223292264
271,10,10085444,12.497035,41.98296,66,4,10313.423428752685
272,10,10086159,12.580441,41.887688,4095,6,7317.86809381569
273,10,10067353,12.375478999999999,41.917667,10,2,10165.368708892174
274,10,10085543,12.5153,41.970153,69,2,9085.509154813653
275,10,10085955,12.554496,41.94559,47,2,8030.08197185207
276,10,10071114,12.564528,41.951602,1181,76,9078.63167397176
277,10,10071113,12.556172,41.948766,410,43,8390.551528964634
278,10,10085951,12.551748,41.947145,31,7,8021.122515660876
279,10,10414840,12.543602,41.940608000000005,949,11,7033.719774913947
280,10,10414843,12.543148,41.940699,48,4,7019.084508053277
281,10,10065670,12.551259,41.944969,792,9,7806.441315814954
282,10,10071110,12.553557000000001,41.945223999999996,276,24,7948.974725947483
283,10,10085957,12.557172,41.941629999999996,548,6,7848.673484500405
284,10,10084761,12.563433999999999,41.893840000000004,23,4,5914.927319269281
285,10,10414721,12.526083,41.911969,24,3,3701.9948586406063
286,10,29317,12.569280000000001,41.865092,39,2,6968.532375824465
287,10,29673,12.569842999999999,41.864895000000004,87,2,7020.126210288295
288,10,10413394,12.534981,41.870015,4,4,4188.803137852159
289,10,10413391,12.535003,41.870259000000004,0,2,4175.923116422131
290,10,10085630,12.565982,41.888546999999996,10,4,6115.267532304838
291,10,10412049,12.518172999999999,41.888616999999996,263,4,2151.6850814380136
292,10,10413922,12.512741,41.892219,59,4,1709.0378435960943
293,10,10413923,12.510987,41.890274,299,18,1548.3581788205183
294,10,10412402,12.501663,41.899708000000004,2,2,1312.0079508324225
295,10,28632,12.439926,41.853246,81,6,5979.069957048517
296,10,46613,12.455599000000001,41.907986,3,5,3633.909055136905
297,10,801,12.466804,41.949754999999996,25,4,6948.411454254195
298,10,10403281,12.466756,41.949742,9,3,6948.251044621432
299,10,17684000,12.444780999999999,41.87526,131,5,4280.2727771054515
300,10,10085170,12.441452,41.872042,502,4,4678.774691753889
301,10,10084953,12.443032,41.876283,69,7,4373.094601882681
302,10,10414849,12.529117999999999,41.869037,198,3,3851.6866196509645
303,10,10414852,12.528889,41.869109,218,4,3831.744910890056
304,10,10067290,12.410973,41.820166,350,792,10300.629212021999
305,10,10413864,12.530916,41.933634000000005,836,5,5792.265666107327
306,10,10411863,12.481169,41.900269,428,9,1454.4780601671205
307,10,10411860,12.481135,41.901529,179,4,1566.5833280873753
308,10,10414033,12.48235,41.872906,328,11,2089.15105492466
309,10,10414030,12.482857000000001,41.870365,794,7,2336.414596458833
310,10,10035829,12.466277999999999,41.829223,956,8,7106.979309957756
311,10,10364682,12.482353999999999,41.869774,374,3,2412.3431935912677
312,10,10392769,12.522131,41.908671999999996,40,3,3215.081428450214
313,10,10085071,12.441139,41.857356,587,5,5598.730998620013
314,10,10085069,12.441925999999999,41.859101,87,2,5423.921775025344
315,10,10085012,12.558226,41.808002,307,3,10641.62478365208
316,10,10085226,12.571736,41.84916,0,2,8012.982644112123
317,10,10085379,12.432853999999999,41.867466,1087,2,5543.953075027368
318,10,10085382,12.432056,41.870086,762,2,5478.106066292756
319,10,10396221,12.439957000000001,41.864582,386,3,5194.274226015683
320,10,10084951,12.441732,41.874321,548,5,4554.019460246104
321,10,10085220,12.571562,41.849466,1314,3,7981.788356246542
322,10,10085169,12.443574,41.868977,64,3,4682.099776644433
323,10,10084950,12.442949,41.875551,145,4,4408.860756553721
324,10,10085173,12.442022999999999,41.874419,155,7,4527.532498193516
325,10,10061342,12.413703,41.888929,277,3,6527.105037220728
326,10,10084882,12.410619,41.89152,6861,25,6783.108636366763
327,10,10084171,12.376703,41.886531,509,2,9605.116876807073
328,10,10084954,12.439478999999999,41.876393,760,5,4646.160664998027
329,10,10087219,12.584553999999999,41.889428,14,3,7654.361567218644
330,10,28633,12.439335,41.854313,3,5,5934.656509769315
331,10,10032861,12.573367,41.892369,15,5,6729.732833157825
332,10,29471,12.472692,41.863942,1434,6,3338.5850358446014
333,10,10395653,12.46588,41.861286,26,2,3887.9032616282916
334,10,10398779,12.510750999999999,41.938548,171,2,5586.175030801343
335,10,10085733,12.489746,41.816192,20,9,8219.905127353917
336,10,10412192,12.473975999999999,41.884468,85,2,1649.9364881565787
337,10,10412189,12.473930000000001,41.884334,79,4,1659.2244739995506
338,10,10412864,12.483283,41.922529,12,11,3671.403045611993
339,10,10084704,12.580539,41.844577,1000,21,8903.819372033971
340,10,10084707,12.581864999999999,41.849373,373,3,8705.551991703898
341,10,10084701,12.580883,41.842639,818,18,9051.261786733012
342,10,10035832,12.470792,41.828802,53,4,7047.22291465134
343,10,10087222,12.579697,41.882697,6,2,7298.584863256641
344,10,10084480,12.499016000000001,41.832978999999995,18,27,6376.774595985892
345,10,10067852,12.445249,41.962253999999994,36,3,8907.860859621314
346,10,28623,12.441371,41.876293,235,4,4501.9785799747415
347,10,10086190,12.559612,41.854789000000004,378,3,6829.537084294348
348,10,28932,12.441445,41.87428,109,10,4577.753589719007
349,10,10084067,12.49386,41.974478999999995,11,2,9364.892122504785
350,10,10084064,12.493951,41.97445,4,2,9361.776586154308
351,10,10084063,12.517871000000001,41.983123,2200,6,10539.183492186428
352,10,10411864,12.480819,41.900743,74,3,1513.6049975786018
353,10,10411861,12.480947,41.90124,120,3,1550.3146833353023
354,10,10412255,12.481586,41.888490000000004,24,4,911.1540041212106
355,10,10412249,12.480397,41.890172,56,2,990.4393411185478
356,10,10413913,12.516186,41.928841999999996,34,2,4729.109971919801
357,10,10398703,12.516116,41.928602000000005,7,2,4702.474181608305
358,10,2461,12.519125,41.912991,30,2,3371.4199688638537
359,10,45291,12.525857,41.916358,17,2,4024.6178611618666
360,10,10412412,12.525577,41.916313,6,2,4004.9696366599933
361,10,10412916,12.48466,41.902705,9,3,1530.6020082841762
362,10,10086101,12.558133,41.835181,2,3,8194.93138458353
363,10,10066059,12.423394,41.853226,404,6,7042.206721049615
364,10,10066062,12.424009,41.853896999999996,33,12,6957.329780060541
365,10,10085256,12.426455,41.809624,46,3,10486.665379123771
366,10,10085250,12.426426,41.809107,1,2,10536.960032994291
367,10,28758,12.606157000000001,41.862328999999995,12,2,9942.068192447812
368,10,10411814,12.431787,41.899765,29,5,5136.07111475613
369,10,10414199,12.462195,41.928146999999996,11,3,4903.2418489517395
370,10,10086789,12.560725,41.89799,14,5,5741.905947218614
371,10,10414032,12.483847,41.874909,212,4,1835.8194964113052
372,10,10396221,12.443216,41.867502,622,7,4791.8776592200875
373,10,51821,12.430896,41.863632,145,22,5890.466567348886
374,10,10084703,12.582397,41.840163000000004,38,11,9315.099271391404
375,10,10416094,12.516978,41.947297,29,6,6666.161925926101
376,10,30201,12.566639,41.899238000000004,29,3,6248.270574652483
377,10,10084281,12.571287,41.900421,709,7,6650.411011190593
378,10,10067339,12.435364,41.97317,13,4,10358.912989909102
379,10,10032740,12.457988,41.814953,239,2,8828.05985789604
380,10,10084692,12.456755000000001,41.822683000000005,290,3,8057.234240401933
381,10,10084695,12.456124,41.822642,266,2,8080.819073031026
382,10,10084890,12.458608,41.8283,455,2,7420.833486912172
383,10,10034942,12.468817999999999,41.833397999999995,584,5,6601.321989996056
384,10,10085470,12.560678,41.902533,849,7,5835.5622819009095
385,10,10413289,12.519964,41.881772,103,4,2476.0498331325907
386,10,10412054,12.516892,41.889089,824,3,2041.9628005961438
387,10,10412051,12.516564,41.884471999999995,176,2,2108.5852631298258
388,10,10084649,12.412167,41.908781,47,6,6965.776199089866
389,10,10084655,12.412249000000001,41.908712,20,7,6957.009645921756
390,10,10085694,12.413047,41.911259,245,2,6983.384345281038
391,10,10085691,12.413518,41.911881,323,3,6970.143254251483
392,10,10413393,12.535160000000001,41.865874,4,2,4463.57005038896
393,10,10413396,12.535147,41.86589,3,2,4461.635712177983
394,10,10413419,12.52571,41.893127,82,11,2789.5249699862766
395,10,10413422,12.525816,41.893132,28,5,2798.3262246228965
396,10,10084282,12.574191,41.901292,253,2,6904.5719683378065
397,10,10084897,12.452942,41.826934,37,3,7748.123686598012
398,10,10084891,12.464312,41.829622,1115,10,7116.457598681545
399,10,50594049,12.45282,41.826879999999996,43,2,7757.840469307139
400,10,2964220,12.421154,41.934723,1,2,7704.271702016653
401,10,2984182,12.475265,41.899495,99,9,1754.379992513092
402,10,2987207,12.474639,41.89741,227,9,1673.8672279634347
403,10,2987747,12.500794,41.834932,306,3,6175.756860694261
404,10,2991542,12.475824000000001,41.900643,55,3,1796.9072847106936
405,10,2991550,12.476317,41.900822999999995,23,3,1779.1449317800295
406,10,2991637,12.476546,41.899868,67,6,1695.7403283580793
407,10,2999944,12.479096,41.904193,13,2,1905.5656341815431
408,10,3002543,12.433567,41.899429,18,11,4983.842016848981
409,10,2787775,12.433565,41.899433,13,6,4984.095936475193
410,10,3004507,12.577661,41.888895,1,4,7083.291634959605
411,10,3009810,12.569673,41.927937,661,6,7666.239820284405
412,10,3010012,12.509839,41.894773,5,2,1540.2040634356854
413,10,3010018,12.509811000000001,41.89467,11,3,1534.2506830617842
414,10,3013559,12.456439999999999,41.902025,11,5,3256.37715212143
415,10,3013563,12.456399000000001,41.902021999999995,8,7,3259.3549338733305
416,10,3013588,12.456411,41.902048,11,7,3259.61084597439
417,10,10412783,12.477464,41.949015,141,11,6651.026310868035
418,10,10412780,12.477122,41.949011999999996,242,14,6656.018246732663
419,10,10412781,12.477702,41.94897,44,21,6642.479534739362
420,10,10069505,12.49028,41.857597,288,4,3622.247286200507
421,10,10412490,12.489496,41.858232,76,6,3555.5111593788542
422,10,10412493,12.489444,41.858146000000005,15,3,3565.329910646867
423,10,10365814,12.46563,41.896476,425,8,2323.850055191506
424,10,10412466,12.459987,41.898371000000004,28,3,2834.399075323054
425,10,10395504,12.471772999999999,41.891884000000005,374,22,1716.7003342826795
426,10,10395502,12.473873,41.890221000000004,141,8,1531.894834433681
427,10,10413363,12.515412,41.865255,1174,2,3366.1219424459955
428,10,24393,12.376347,41.870884999999994,693,2,9862.799225527902
429,10,24391,12.386507,41.882193,502,3,8827.813980715931
430,10,10412784,12.477839999999999,41.948904,13,9,6633.18821162896
431,10,17674271,12.437894,41.822485,1796,2,8772.41850697345
432,10,10036052,12.475511000000001,41.832473,36,3,6559.1755709179515
433,10,10413427,12.518452,41.900145,187,30,2434.271581219385
434,10,10413421,12.519103,41.900742,231,11,2512.7780007532365
435,10,10413424,12.518112,41.899485999999996,257,6,2376.427970057773
436,10,10362789,12.517434,41.899926,14,4,2348.0379971179823
437,10,10362792,12.517398,41.899283000000004,77,27,2313.27800973314
438,10,10362790,12.517102000000001,41.898942,229,37,2274.7456438745266
439,10,10412586,12.517711,41.899256,21,3,2335.3672338677525
440,10,10413427,12.5177,41.899390000000004,3,2,2341.012324818164
441,10,10362793,12.516434,41.89873,117,24,2214.570795819515
442,10,10362794,12.513738,41.897618,96,2,1959.5567385933098
443,10,10362791,12.515163000000001,41.897438,78,25,2059.4588739914752
444,10,10413420,12.51506,41.894182,427,5,1938.1357788559385
445,10,10413423,12.515101,41.896603999999996,7,2,2020.1555428195177
446,10,10413426,12.515072,41.896592999999996,1,2,2017.4724978162915
447,10,41626,12.58746,41.86246,7,2,8475.462137069451
448,10,41624,12.588355,41.862338,99,6,8549.624498934518
449,10,41621,12.588712,41.862278,70,10,8579.668545727567
450,10,10084319,12.427655999999999,41.900093,111,4,5479.09167819436
451,10,10085045,12.417736999999999,41.879919,19,5,6295.164262272406
452,10,10413766,12.475553,41.935653,20,4,5239.807179903439
453,10,10412783,12.475659,41.93565,7,2,5237.156485666023
454,10,10413763,12.475705,41.935685,5,3,5239.900071052821
455,10,10413766,12.475308,41.935681,30,5,5248.238591215619
456,10,10087079,12.607336,41.856435,4,2,10256.215889021296
457,10,10065250,12.442382,41.810716,7,2,9751.515697828268
458,10,10086892,12.442342,41.810771,4,2,9747.40091872779
459,10,23999,12.438612,41.973754,76,6,10297.282923163166
460,10,28443,12.543251,41.876665,13,3,4484.8568625473235
461,10,10412214,12.54407,41.876999999999995,73,3,4536.82861177306
462,10,10412211,12.543629,41.876655,27,4,4514.805601325785
463,10,10412217,12.543689,41.876575,2,2,4522.464798199611
464,10,10084071,12.569422,41.92504,945,7,7477.326624880463
465,10,10413012,12.460355,41.90383,493,31,3056.4799447116766
466,10,10086320,12.562632,41.930862,143,8,7378.659809681496
467,10,10086323,12.562793,41.930997999999995,1,2,7398.466950862969
468,10,10084074,12.525407000000001,41.916981,4758,14,4049.496609915469
469,10,53691,12.573167,41.91021,25,2,7067.34149863025
470,10,10413203,12.464843,41.904329,464,14,2770.4600491247365
471,10,10413206,12.463905,41.904872,365,13,2868.7747077467616
472,10,10363619,12.463289999999999,41.904126,1,2,2865.243325318609
473,10,10413200,12.463646,41.905086,273,7,2899.980621927762
474,10,10413009,12.460097,41.903897,193,32,3078.7620082083504
475,10,29639,12.465847,41.903989,26,8,2680.4830812508562
476,10,30127,12.463393,41.904027,386,4,2852.111856071511
477,10,10413583,12.465152,41.902815000000004,503,16,2656.8236501322303
478,10,10413580,12.464825,41.902287,274,7,2649.6494339279498
479,10,10412281,12.466018,41.904146000000004,26,3,2678.923267724379
480,10,10412284,12.465689999999999,41.904088,78,6,2697.4595059445037
481,10,10413586,12.465363,41.903071999999995,129,10,2657.252909893882
482,10,10413010,12.464872999999999,41.903352000000005,129,2,2708.2661096988277
483,10,10413013,12.46316,41.902464,20,2,2779.169217441794
484,10,10413582,12.462639,41.903023,55,2,2847.508000762181
485,10,10413585,12.463357,41.902798,81,4,2783.439547261114
486,10,10413011,12.463061,41.903157,29,3,2824.827027200002
487,10,10413014,12.462427,41.902981,22,4,2860.4225742621593
488,10,10360469,12.452817999999999,41.907215,65,3,3786.0228577094917
489,10,17687584,12.457769,41.879202,10,16,3116.7376242397204
490,10,10412579,12.532845,41.909764,13,9,4004.637733222328
491,10,30481,12.560053,41.906256,2,2,5896.837334225722
492,10,10085475,12.553125999999999,41.905521,591,3,5325.194566419903
493,10,10084242,12.545936,41.907967,148,2,4867.533791673648
494,10,10411800,12.469333,41.86224,248,3,3642.8557860690908
495,10,10411803,12.470761999999999,41.862483000000005,77,7,3558.7618631660303
496,10,10086874,12.589404,41.948221999999994,157,11,10315.917053422923
497,10,10379849,12.541839,41.891663,116,3,4112.104869070077
498,10,10413501,12.465989,41.904133,8,2,2680.0497005224756
499,10,10084099,12.482189,41.820886,30,4,7741.6838711807295
500,10,10084449,12.48403,41.854884000000006,7,7,3979.694643185635
501,10,10084452,12.484065,41.854859000000005,0,2,3981.9277655833034
502,10,10054292,12.474131,41.836296000000004,14,4,6171.995312999046
503,10,10413525,12.529727000000001,41.881293,19,5,3256.767074263757
504,10,10413522,12.529636,41.881244,16,23,3251.226849269582
505,10,10413015,12.461721,41.90371,392,12,2951.7942418763196
506,10,10403380,12.529622999999999,41.881274,27,5,3249.183412290762
507,10,10413519,12.529586,41.881262,6,4,3246.6644849383706
508,10,10411811,12.432292,41.897377,43,2,5046.381528659166
509,10,10085410,12.521537,41.951698,27,7,7250.444130906262
510,10,10085413,12.521514999999999,41.951903,14,2,7271.300034698486
511,10,10085730,12.489498,41.816268,29,2,8212.03087585468
512,10,30379,12.380083,41.934236,172,2,10520.325824032609
513,10,10054284,12.467613,41.819339,11,2,8130.901876003788
514,10,10032742,12.464141999999999,41.822134999999996,1405,5,7911.225476230937
515,10,10084689,12.456693,41.823689,265,6,7955.289558857296
516,10,10061340,12.417055,41.889146999999994,858,5,6248.47558611064
517,10,10084949,12.437178,41.889165000000006,307,2,4578.721865952843
518,10,10084955,12.440722000000001,41.884365,398,2,4331.688877668637
519,10,10032979,12.449475999999999,41.876902,60,2,3850.357296641757
520,10,10059135,12.515702000000001,41.831022,751,5,6850.525060196411
521,10,10088422,12.474758,41.822575,1793,9,7648.627154109654
522,10,1543,12.383697999999999,41.838902000000004,1008,2,10666.7248764589
523,10,64127,12.377098,41.856339,1007,2,10277.73764032029
524,10,64129,12.383697999999999,41.838902000000004,1008,2,10666.7248764589
525,10,64122,12.383697999999999,41.838902000000004,1008,2,10666.7248764589
526,10,10084253,12.594211999999999,41.83963,1926,5,10152.125934557118
527,10,10412287,12.466485,41.904884,299,4,2696.29257083853
528,10,10084879,12.40719,41.891684999999995,316,17,7068.025028507198
529,10,10412603,12.480124,41.892134999999996,405,4,1036.2542260633013
530,10,10412653,12.48061,41.888649,528,7,987.3910905816653
531,10,10387830,12.485122,41.885678000000006,553,4,779.2622385233799
532,10,10408646,12.492436,41.882283,2820,109,876.3941111571916
533,10,10084640,12.441575,41.913716,8,3,4957.393288255525
534,10,28232,12.465817,41.904032,108,11,2685.2590868809775
535,10,10071391,12.367092,41.868263,1347,4,10676.784589140463
536,10,30121,12.465447,41.903858,8,3,2699.547970693469
537,10,46611,12.464144000000001,41.904069,455,5,2802.407199345193
538,10,56991,12.465463,41.903803,1,3,2695.01522345598
539,10,10412106,12.502647,41.899319,20,2,1328.4826070922084
540,10,10061343,12.420167,41.888439,105,2,5992.288817601511
541,10,10362263,12.499788,41.898309000000005,7,7,1095.2591020521259
542,10,29633,12.466115,41.903991,12,2,2662.4069861324806
543,10,10084174,12.368352,41.86849,692,6,10569.184011507
544,10,10086564,12.600589999999999,41.912119,3,2,9308.04992126279
545,10,10084296,12.569671000000001,41.922446,6,2,7350.386871050271
546,10,10086693,12.515919,41.963347,1,3,8359.749642913132
547,10,29691,12.409982000000001,41.890964000000004,3839,16,6834.9188031169715
548,10,10414031,12.480367,41.872811999999996,97,3,2168.992602279725
549,10,10411989,12.499007,41.87233,2728,21,2057.8526454684375
550,10,10414031,12.479749,41.872951,94,3,2179.3889947454413
551,10,10395630,12.470064,41.871559000000005,196,2,2773.188295597777
552,10,10084952,12.4455,41.881645,2186,7,4000.6574945068437
553,10,10084932,12.42982,41.891515000000005,62,3,5190.0664406923615
554,10,10061343,12.41501,41.888821,280,2,6418.9316025418975
555,10,10061342,12.412711999999999,41.890545,27,2,6607.935219058603
556,10,10085883,12.411627000000001,41.893081,13,2,6705.504420254924
557,10,10084882,12.407492999999999,41.891936,44,3,7043.591696325915
558,10,29697,12.407441,41.891609,112,8,7047.007976788342
559,10,10396993,12.504063,41.872448999999996,392,3,2196.3099149236323
560,10,10413361,12.507961,41.876281,12,2,2015.909107068194
561,10,10413331,12.512630999999999,41.87507,113,2,2377.626332589649
562,10,10413334,12.512556,41.875124,216,3,2368.9825066767157
563,10,10375503,12.517708,41.876366,7,2,2605.470212404821
564,10,10375499,12.522932,41.877182,105,3,2921.175154339865
565,10,10413521,12.527688000000001,41.880437,109,4,3127.511544807811
566,10,10413519,12.529192,41.880415,166,8,3245.74582092558
567,10,10412283,12.46997,41.90648,163,9,2593.0170542496758
568,10,10412286,12.470031,41.907121000000004,133,8,2639.682036612674
569,10,10362504,12.484625,41.916522,438,15,2995.656321271653
570,10,10362501,12.485016,41.91648,486,15,2984.3317849257337
571,10,10382337,12.489567999999998,41.917483000000004,242,11,3042.0118062500073
572,10,10382330,12.489142999999999,41.913983,410,4,2657.806919032766
573,10,10382336,12.490864,41.913244,79,3,2565.417343569859
574,10,10411875,12.490478,41.912744,50,4,2511.7026614726233
575,10,10362332,12.477634,41.919169000000004,168,3,3443.770479577988
576,10,10412467,12.474423,41.915779,29,2,3208.878162892019
577,10,10362409,12.470604,41.914477000000005,57,3,3246.143879766273
578,10,10413703,12.466745,41.913486,142,3,3348.5033314441334
579,10,10363619,12.458656,41.90651,683,11,3331.897622398551
580,10,10363625,12.458003,41.90619,79,19,3358.5173857537757
581,10,10413207,12.458215,41.906531,186,8,3363.9077106864875
582,10,10363622,12.458307000000001,41.906139,60,12,3334.131880295905
583,10,10413201,12.457991,41.907158,9,3,3417.499525815215
584,10,10413204,12.457963000000001,41.906988,15,3,3409.0591831105476
585,10,10413204,12.459222,41.904767,151,3,3190.0377905279192
586,10,10084885,12.407138,41.891085,258,4,7071.10385589292
587,10,10084930,12.421205,41.889193,352,2,5904.013713818816
588,10,10084952,12.439409,41.885251000000004,1546,6,4426.219199737255
589,10,10411992,12.497469,41.871787,987,5,2086.2083141366306
590,10,10396990,12.505374,41.873408000000005,294,2,2153.950292967357
591,10,10412233,12.509674,41.875294,166,2,2191.660769030763
592,10,10084284,12.564897,41.905543,27,3,6259.0675508192635
593,10,10085223,12.58248,41.840543,16,5,9295.522898679306
594,10,10085210,12.5824,41.840623,6,3,9284.90228587064
595,10,10412650,12.476287,41.891537,214,18,1340.117868828609
596,10,10412251,12.476830999999999,41.890696999999996,4,5,1287.7033223001415
597,10,10061339,12.412956,41.89012,205,4,6587.580252732318
598,10,10085072,12.440631,41.858166,69,2,5572.969960108362
599,10,10085074,12.441345,41.858422999999995,156,6,5509.131040524938
600,10,10085081,12.421683999999999,41.925582,10,2,7058.767734683833
601,10,10085939,12.457078,41.873946000000004,67,2,3436.6654029953943
602,10,10414700,12.456125,41.874553999999996,430,4,3469.9998604299726
603,10,10084069,12.564862,41.929477,803,8,7434.4525461288895
604,10,10391699,12.479805,41.905751,10,7,2018.483513335048
605,10,10084320,12.429294,41.895684,341,3,5267.098502520824
606,10,10085942,12.445542,41.878278,2281,3,4102.108440779501
607,10,10411802,12.455114,41.873713,1746,3,3589.6050615057966
608,10,10067004,12.471085,41.860803000000004,404,2,3708.393085256413
609,10,10412142,12.479327,41.866539,162,3,2838.3235871298966
610,10,10364679,12.480155,41.871269,43,2,2330.265781060673
611,10,10413522,12.529213,41.880247,153,9,3253.6679697819013
612,10,10395631,12.466967,41.872728,84,2,2861.25951034484
613,10,10084492,12.465881,41.861383000000004,234,2,3878.9689547150047
614,10,10412402,12.501278999999998,41.899838,8,2,1305.3023656848343
615,10,10413264,12.539421,41.892161,16,2,3914.316126205135
616,10,10395634,12.465805,41.872768,143,2,2930.0221104294415
617,10,10412484,12.458719,41.87257,19,2,3406.8368224930227
618,10,10414701,12.452195,41.878173,99,2,3588.0634289661402
619,10,10084949,12.432075,41.887532,1171,3,5009.529240564519
620,10,10412481,12.45964,41.871238,100,2,3433.1297247907805
621,10,10413170,12.514908,41.938390999999996,124,2,5673.732594447836
622,10,10398784,12.511005,41.936134,102,2,5334.869334441186
623,10,10403382,12.525087,41.887733000000004,250,3,2732.0480192516543
624,10,10414035,12.483412,41.876946000000004,571,4,1645.1119752061106
625,10,10084412,12.372067,41.867432,142,2,10297.43841180554
626,10,10088320,12.432601,41.806678000000005,248,23,10517.094679694132
627,10,10088323,12.432037,41.806483,141,21,10558.333696867587
628,10,10363774,12.467283,41.883019,69,3,2225.6074003537315
629,10,10363771,12.466325,41.88273,3,2,2311.344387956024
630,10,12115720,12.479786,41.820375,289,11,7822.172194043608
631,10,10411810,12.449562,41.910536,2099,2,4208.403572882048
632,10,10077394,12.424555999999999,41.904331,87,2,5839.941418808125
633,10,12117458,12.529521,41.880974,96,8,3251.4432632943804
634,10,12117455,12.529781,41.881289,97,7,3261.173308514382
635,10,12492782,12.471568,41.871871,347,8,2665.0657874110348
636,10,12509633,12.458944,41.872139000000004,215,3,3419.3879901735204
637,10,12117229,12.525292,41.879603,20,7,2977.0301676060294
638,10,10088326,12.435624,41.803603,904,3,10706.732605906287
639,10,12118390,12.470329,41.806073,2118,214,9518.049256740633
640,10,12118393,12.46265,41.808076,1995,571,9445.82038019655
641,10,12118398,12.470659,41.799541,1505,133,10226.16584655715
642,10,17734451,12.506346,41.898942,458,5,1517.0274280032434
643,10,10387831,12.47402,41.890928,623,10,1521.9891860040025
644,10,10387833,12.484024,41.886472,544,21,802.6918024589986
645,10,10387834,12.482814999999999,41.894612,676,98,931.0071756479294
646,10,10394111,12.501699,41.893373,118,5,854.8523246763671
647,10,10413401,12.50191,41.893190000000004,20,10,862.7129102187812
648,10,10394114,12.50102,41.894096999999995,136,6,842.586179283664
649,10,17674273,12.434182,41.804971,973,6,10624.361687567229
650,10,17765664,12.432233,41.8065,103,19,10548.96017964921
651,10,12492785,12.469348,41.870546999999995,707,6,2896.769396923886
652,10,10414034,12.479432000000001,41.872664,118,3,2219.99168395077
653,10,12117300,12.494538,41.87425,1260,2,1778.0454289168035
654,10,12117267,12.511475,41.87462,32,3,2347.1624468126415
655,10,12079440,12.520596000000001,41.876492,30,2,2795.177699094426
656,10,12079438,12.522733,41.877099,133,5,2911.4135984379936
657,10,10412600,12.479063,41.896232,210,3,1290.474343932331
658,10,10365809,12.467825,41.898475,71,2,2232.983365465995
659,10,17835532,12.42228,41.813786,1186,19,10287.07224902056
660,10,28721,12.43215,41.806452,7,2,10556.91975095383
661,10,28889,12.43211,41.806511,0,2,10552.72082419604
662,10,10067289,12.417442999999999,41.822194,475,564,9781.560304920762
663,10,10071394,12.366858,41.871256,795,10,10624.754278547516
664,10,17548811,12.435400999999999,41.838555,1,2,7430.461277667962
665,10,10412604,12.475661,41.895956,274,16,1525.2755744634217
666,10,10414590,12.471121,41.898001,89,4,1963.2087309514532
667,10,10365811,12.466169,41.897447,303,2,2316.5944849260404
668,10,10084953,12.446968,41.877773,67,2,4009.1736117707246
669,10,10414703,12.453788000000001,41.876445000000004,49,2,3543.936744520347
670,10,12509636,12.460061,41.872046999999995,384,22,3350.817246249861
671,10,12492803,12.46369,41.866513,4,2,3543.76827518998
672,10,10414031,12.477537,41.872561,374,13,2309.6653701057235
673,10,12100926,12.505657000000001,41.873458,331,9,2161.079062349436
674,10,12117297,12.506452000000001,41.875442,523,4,2012.6795569671954
675,10,17718795,12.552484,41.934193,112,6,6986.538018207256
676,10,12492806,12.463616,41.866991,217,2,3508.7421262188427
677,10,12100929,12.506172,41.874154,164,3,2117.9176120635043
678,10,12079439,12.517805000000001,41.876274,55,3,2617.997172975395
679,10,12116448,12.47305,41.837738,88,6,6039.995785020563
680,10,12116451,12.474333,41.839713,316,7,5800.409543878583
681,10,12116445,12.46745,41.828539,526,2,7150.6667256138235
682,10,12116968,12.598303,41.856875,11227,170,9543.038697690446
683,10,17723403,12.584311,41.947666999999996,508,6,9949.954057548568
684,10,12492789,12.467594,41.870731,15,2,2979.81100296264
685,10,10084959,12.547339,41.941056,12,2,7264.055779174481
686,10,10085295,12.606665,41.918053,232,20,9979.478628827996
687,10,10085296,12.610127,41.917878,1333,190,10247.104521934742
688,10,10065100,12.595142999999998,41.91401,1176,42,8932.493727707735
689,10,10085290,12.611039,41.919446,304,34,10372.46269514157
690,10,10085291,12.608899000000001,41.924268,729,56,10386.73325232226
691,10,10085297,12.602886999999999,41.931394,1350,398,10251.632611953657
692,10,10086873,12.595017,41.941239,760,38,10234.348368397343
693,10,10062139,12.586967,41.951512,236,16,10394.504744525648
694,10,10062144,12.578331,41.958899,913,54,10447.89746990034
695,10,10062143,12.604472,41.919431,6472,444,9855.96582721075
696,10,10062146,12.571442999999999,41.960696,2331,112,10218.5791695797
697,10,10084343,12.551692,41.970603999999994,1236,129,10200.496703730874
698,10,10086861,12.587878,41.907773,3,2,8166.0855536819045
699,10,10086873,12.596314,41.939661,82,6,10228.92845953141
700,10,10413703,12.465722999999999,41.912772,50,2,3342.9615074656062
701,10,10387832,12.483792,41.890338,6,3,708.9138642008735
702,10,10387829,12.484213,41.89029,34,4,673.8624660910955
703,10,12067669,12.469471,41.835933000000004,204,5,6316.386707325243
704,10,12510081,12.420876,41.829238000000004,637,1353,9000.470993406621
705,10,12512043,12.430347,41.832931,523,1122,8179.839767146244
706,10,12512041,12.440861,41.831934999999994,379,792,7752.7707862377
707,10,12511922,12.447869,41.835295,309,658,7126.087256476113
708,10,12511921,12.45323,41.839946000000005,346,728,6454.564956591502
709,10,12066616,12.457725,41.839349,171,692,6334.185215632133
710,10,12066619,12.4614,41.839665000000004,284,924,6169.81335537364
711,10,12115969,12.467549,41.842788,419,1452,5650.959394188848
712,10,12509323,12.450705000000001,41.837781,44,123,6768.140976883629
713,10,12115968,12.478947999999999,41.839667,567,3914,5718.718600215118
714,10,12116095,12.487822,41.835634999999996,253,1063,6069.127275267045
715,10,12116098,12.485544,41.83805,103,446,5816.694782121981
716,10,17675295,12.506254,41.851025,3163,8,4499.206043115314
717,10,17782047,12.518982000000001,41.89506,902,33,2277.397092926336
718,10,17685792,12.507191,41.897308,575,7,1465.895100438628
719,10,17183244,12.422854,41.91649,2,2,6463.643434067619
720,10,17670432,12.608329,41.917839,772,8,10103.585044231762
721,10,17707041,12.453347,41.934559,1,5,5896.245095271468
722,10,12116213,12.565938000000001,41.820839,1043,88,9831.756365566795
723,10,12116622,12.553179,41.833795,108,2,8045.893954897466
724,10,12064437,12.552342999999999,41.836889,59,2,7736.466598207177
725,10,12064439,12.553207,41.834863,45,2,7955.371429241876
726,10,12116619,12.549662,41.836657,696,107,7615.1149206417185
727,10,12508965,12.447362,41.889055,100,2,3734.2132459197824
728,10,12510769,12.441219,41.890205,53,2,4241.942292632609
729,10,10086812,12.433987,41.890978999999994,50,2,4842.944802047692
730,10,10412654,12.474264,41.891141999999995,121,11,1503.2822869159509
731,10,17689121,12.482375,41.905832000000004,18,5,1925.5167869597904
732,10,10363719,12.482464,41.905854,8,4,1924.5705438417808
733,10,17762592,12.606860000000001,41.897399,3,4,9538.40436026864
734,10,57671,12.547325,41.895665,8,2,4604.51077291151
735,10,57672,12.547825,41.89348,0,2,4620.123028005635
736,10,12509711,12.407,41.890877,292,14,7082.274380500102
737,10,10034230,12.61607,41.876562,7,4,10381.237213591565
738,10,10034233,12.616061,41.876568,3,3,10380.400650293115
739,10,17694773,12.490089,41.924328,35,2,3798.2045139329853
740,10,17694753,12.490056,41.924251,43,5,3789.7976638198475
741,10,17789216,12.529378999999999,41.881223999999996,5,8,3231.6023549547804
742,10,17694477,12.511371,41.905947,1,5,2359.241375857706
743,10,10395559,12.507305,41.916552,3,4,3182.5124466695383
744,10,12117299,12.506134,41.873870000000004,53,2,2142.79911851564
745,10,12116169,12.509432,41.875357,196,4,2173.216256630787
746,10,10412391,12.499571000000001,41.911158,9,2,2407.011841045011
747,10,12509714,12.406978,41.891707000000004,65,8,7085.671517663459
748,10,12509717,12.407093,41.891011999999996,249,7,7074.73071385485
749,10,17761313,12.483725999999999,41.950334000000005,51,5,6720.205194985008
750,10,10084243,12.540403999999999,41.908409999999996,130,2,4473.9771920967805
751,10,10084240,12.542162,41.908695,127,2,4618.5286970767265
752,10,10363622,12.460496000000001,41.905808,6,2,3161.4374593694292
753,10,12510715,12.412857,41.893377,224,2,6605.220107615094
754,10,10414036,12.484645,41.873294,1,2,1980.3424248330293
755,10,12100929,12.504381,41.872169,21,3,2235.9117574727807
756,10,17781537,12.522473,41.925509000000005,272,4,4653.887523700311
757,10,17668385,12.585027,41.833671,2936,80,9930.803931638262
758,10,17680416,12.556856,41.829588,314,14,8601.555067556657
759,10,17692704,12.552659,41.83448,137,14,7959.565385640194
760,10,17692705,12.547413,41.838602,1344,54,7329.733182556168
761,10,12116615,12.532584,41.848628999999995,780,37,5697.334325376861
762,10,17732129,12.518865,41.856963,846,31,4296.2952490980215
763,10,17677344,12.509117,41.857671999999994,1407,54,3869.527786175386
764,10,17287200,12.496477,41.861175,1067,17,3239.169145682081
765,10,17736993,12.496196000000001,41.865522999999996,1022,97,2756.631492759685
766,10,17737013,12.496292,41.865868,1035,228,2719.5280213870947
767,10,17664287,12.607687,41.849483,130,4,10589.636761535294
768,10,17740084,12.564252,41.822794,420,30,9574.615979102502
769,10,17740045,12.564424,41.822514,503,10,9607.844475537111
770,10,17740065,12.562297000000001,41.824188,838,23,9352.348917776651
771,10,17690400,12.550536,41.835537,9196,49,7757.630166912385
772,10,12116987,12.516934,41.856957,712,17,4216.938866002701
773,10,17740063,12.560035000000001,41.826176000000004,215,12,9062.58664731333
774,10,12116617,12.531388,41.848423,1546,6,5658.406407745963
775,10,12116837,12.530934,41.850375,694,6,5459.896654471557
776,10,12116356,12.513102,41.855588,866,24,4210.640162751301
777,10,12118787,12.518336,41.85667,645,18,4302.067445544366
778,10,12116618,12.528913000000001,41.85112,239,10,5295.130630886727
779,10,17287179,12.497964,41.863175,1436,80,3034.93017841404
780,10,17736991,12.499221,41.880153,1620,118,1251.259109017456
781,10,17689909,12.49643,41.871167,9,2,2138.2577174583307
782,10,17722400,12.498631,41.901097,754,67,1321.185834531075
783,10,10412619,12.493795,41.907514,137,14,1929.9152182226087
784,10,10414269,12.493547999999999,41.909275,65,6,2124.086707945079
785,10,28143,12.493669,41.909563,8,3,2156.5332777884296
786,10,17764128,12.492464,41.917297999999995,871,57,3012.8323345678873
787,10,17718323,12.495647,41.869488,434,12,2313.9318279121712
788,10,17722675,12.493133,41.910076000000004,37,4,2211.6544659729807
789,10,17287219,12.497622999999999,41.864212,821,92,2916.7813462801846
790,10,12116645,12.576866,41.817252,495,27,10718.088911497953
791,10,17680927,12.582336,41.826435,227,11,10294.23731650993
792,10,17736736,12.583795,41.828737,1496,14,10209.795238033385
793,10,17668127,12.590797,41.838531,195,13,9986.788719232612
794,10,17777675,12.525499,41.817403000000006,3561,122,8538.992585779828
795,10,17777676,12.51965,41.818601,590,15,8266.887675117054
796,10,17181963,12.522959,41.815033,618,38,8724.780106882601
797,10,12115708,12.526675,41.81154,67,8,9187.680529375259
798,10,17679135,12.528277000000001,41.810355,163,15,9354.493907985023
799,10,12115709,12.536078999999999,41.805314,1486,47,10101.317092126314
800,10,12065867,12.581777,41.820862,1311,65,10697.28173088483
801,10,17680929,12.580438000000001,41.822891,354,16,10458.096683800164
802,10,17718049,12.591317,41.83944,366,4,9964.674552375389
803,10,12115705,12.530981,41.808005,611,10,9674.404767808275
804,10,17781004,12.561,41.915978,331,2,6378.181431479267
805,10,30491,12.569427000000001,41.818661999999996,897,23,10201.618562303653
806,10,17690401,12.541985,41.842299,571,50,6728.263350923638
807,10,24372,12.529821,41.850663,259,7,5380.050682539099
808,10,12116990,12.522578999999999,41.855837,811,12,4566.166030037742
809,10,12118790,12.523473,41.855724,418,16,4617.791609331929
810,10,12092880,12.521776,41.85657,31,2,4461.514338281313
811,10,17805068,12.51778,41.857778,353,8,4172.504074722898
812,10,17677324,12.516428999999999,41.855321999999994,1444,82,4357.307939531164
813,10,17677325,12.496789,41.857543,1581,75,3643.086937826707
814,10,17287220,12.497914999999999,41.860753,341,38,3300.4187794425993
815,10,12064549,12.5311,41.850054,149,4,5496.864656276725
816,10,12116620,12.542010000000001,41.841611,1713,49,6790.091226092422
817,10,17690381,12.542188000000001,41.842040999999995,608,16,6761.243463366388
818,10,17690380,12.552214999999999,41.834445,688,23,7939.449097980743
819,10,17680396,12.557177000000001,41.829209000000006,328,11,8651.100581775536
820,10,12116210,12.560547,41.826763,1194,56,9038.106342367259
821,10,12064546,12.532942,41.8487,332,8,5708.451510917211
822,10,12117329,12.52647,41.853113,448,12,4997.601490614969
823,10,12116359,12.51196,41.854386,696,19,4295.941187610851
824,10,17677343,12.502075999999999,41.85972,551,74,3477.832810490834
825,10,17677323,12.500705,41.860869,442,13,3328.224926724707
826,10,17740064,12.557128,41.830193,2366,60,8563.24327278777
827,10,12117326,12.512563,41.857727000000004,1537,71,3975.9605536684635
828,10,28892,12.511397,41.855472,98,3,4166.600270931474
829,10,12116647,12.569218,41.817546,330,42,10287.674668545176
830,10,17728267,12.596778,41.854061,127,6,9553.590969666819
831,10,17728268,12.595856,41.849021,275,6,9734.446155814823
832,10,17736717,12.584855000000001,41.832273,171,3,10018.760920013472
833,10,17664307,12.606779,41.849824,95,2,10505.278089279838
834,10,17664309,12.59857,41.85132,756,9,9818.926533051206
835,10,17718029,12.590866,41.838848999999996,82,2,9971.227563570099
836,10,17736715,12.588784,41.835654999999996,168,3,10039.951133555807
837,10,17736716,12.582383,41.829203,157,3,10088.050753643394
838,10,691,12.510642,41.857623,428,13,3921.91470700936
839,10,10411994,12.495932,41.865762,53,5,2727.7793746697516
840,10,17680909,12.577808000000001,41.822927,933,5,10303.60286887542
841,10,17680907,12.581169000000001,41.82667,127,3,10206.039810214046
842,10,51253,12.578425,41.819736999999996,215,5,10597.875779610678
843,10,17287181,12.488809,41.865043,2920,23,2806.4813587049853
844,10,17677345,12.495884,41.858397,124,8,3541.689900749415
845,10,17736479,12.486917,41.855436,939,31,3884.356465690483
846,10,17736499,12.49075,41.854434000000005,718,35,3971.728679950062
847,10,17676831,12.490585000000001,41.854625,472,21,3951.0046596193465
848,10,17736481,12.48057,41.851482,446,29,4406.959864481436
849,10,12116067,12.477453,41.852776,927,72,4333.461734588932
850,10,12101117,12.479022,41.847372,580,30,4880.654410744624
851,10,17682700,12.478181,41.849762,78,2,4639.658209683012
852,10,17676833,12.479061999999999,41.846313,448,32,4994.563511648315
853,10,17680159,12.479801,41.840964,329,9,5563.79826521757
854,10,17681183,12.473864,41.841781,2398,29,5589.332257482573
855,10,17681184,12.467186,41.842994,358,19,5640.738613406138
856,10,17676084,12.463421,41.839093,2501,18,6160.344653833223
857,10,17756939,12.450864,41.838189,78,2,6722.441619499186
858,10,17756940,12.446013,41.834263,373,8,7304.338000160727
859,10,17673740,12.438058,41.831818,497,12,7894.122890378667
860,10,17663756,12.428367,41.83312,592,12,8268.156231360263
861,10,17791502,12.417598,41.819696,1822,25,9989.358275946473
862,10,17737247,12.420186,41.828032,553,15,9139.113382529622
863,10,28593,12.495882,41.865261,216,18,2782.6547557745535
864,10,12092629,12.497228,41.858153,565,77,3579.6461379939424
865,10,17917216,12.468731,41.857428000000006,1730,21,4131.112418820824
866,10,17675807,12.478634,41.844603,226,9,5187.661908131371
867,10,17491744,12.462624,41.839489,3163,34,6146.112704330309
868,10,17737248,12.415516,41.820912,362,25,9993.29388408463
869,10,12092626,12.493193,41.856565,1474,93,3733.55412098919
870,10,12092628,12.497632000000001,41.862747,149,23,3077.8488141257503
871,10,17683212,12.472362,41.854368,816,21,4308.572185385944
872,10,17736501,12.478859,41.852004,710,24,4384.50446292689
873,10,17916961,12.480876,41.856086,225,11,3903.6672082738937
874,10,17916959,12.48235,41.859728000000004,324,11,3481.5788388470323
875,10,10396361,12.485445,41.863316,59,3,3037.303306204927
876,10,17718304,12.488672,41.867057,288,9,2585.4179193054
877,10,17736480,12.482697,41.848633,380,10,4682.68950957228
878,10,12116427,12.485849,41.86115,184,9,3268.209540741845
879,10,10396363,12.485928999999999,41.865015,60,3,2844.4064837644255
880,10,10396362,12.485905,41.866414,64,4,2692.304097222615
881,10,17287201,12.49028,41.865384000000006,558,3,2758.595516444408
882,10,17736500,12.485514,41.850892,348,12,4399.522700849662
883,10,17737268,12.415491000000001,41.818884999999995,259,27,10168.986958486492
884,10,17683233,12.451689,41.838749,742,15,6633.985660738105
885,10,17783073,12.425594,41.832454,913,13,8473.743232738305
886,10,17673759,12.460288,41.84083,1191,5,6092.134873103537
887,10,17804576,12.599964,41.914922,572,21,9344.542064454516
888,10,17670433,12.613424,41.921669,251,6,10639.013150796003
889,10,17835531,12.415236,41.819590000000005,195,7,10121.493268001088
890,10,17765643,12.417722999999999,41.821462,146,4,9829.806623717675
891,10,17548813,12.420376,41.830254,85,2,8943.572716461827
892,10,17783071,12.440439999999999,41.832035,414,5,7762.850905468736
893,10,10411991,12.4958,41.865866,49,13,2715.1139193190575
894,10,17524235,12.495277,41.875281,343,33,1672.0462465626897
895,10,17507596,12.490124,41.879905,62,3,1155.0948507576068
896,10,17719564,12.492529,41.885288,567,9,542.8311440337404
897,10,10408643,12.494824000000001,41.880852000000004,580,47,1055.7683876920962
898,10,10408639,12.488472999999999,41.886552,274,11,514.0829497389545
899,10,17765919,12.485764,41.886674,461,26,669.4008392739505
900,10,17505312,12.487362,41.884371,325,13,765.100544815812
901,10,17280032,12.493427,41.889545,139,12,114.62684258091447
902,10,17717555,12.498686,41.889654,79,10,530.564030315177
903,10,17693748,12.50094,41.887403000000006,749,36,777.928811296766
904,10,17693729,12.505019,41.889655,267,12,1054.5909786610691
905,10,17693749,12.505059,41.890037,148,4,1056.4449473852776
906,10,17709876,12.506981,41.889488,188,3,1218.233200518519
907,10,17709875,12.50779,41.890531,307,8,1283.6023701101037
908,10,17722399,12.509807,41.893217,12,2,1489.239554877208
909,10,17721120,12.510377,41.891743,263,14,1507.792538666673
910,10,17695009,12.510549000000001,41.896017,150,9,1645.347753682699
911,10,17695008,12.513574,41.897935,174,14,1962.4337481615732
912,10,17782049,12.516539999999999,41.896983,168,9,2146.7431190816505
913,10,17782067,12.522345,41.897147,286,12,2608.485949752339
914,10,17690163,12.527952,41.899245,184,9,3123.1051189479895
915,10,17526795,12.531564999999999,41.900797,257,12,3463.12094386235
916,10,10412799,12.542099,41.899651,105,7,4262.150000448747
917,10,10059710,12.549594,41.90109,309,5,4904.291990808302
918,10,17903135,12.577061,41.908809999999995,1002,30,7329.375039268763
919,10,17706529,12.572928,41.90724,1161,5,6951.561936303081
920,10,17706527,12.589231,41.911871999999995,380,15,8394.110574776147
921,10,17683232,12.462622,41.845023,461,5,5588.587786839447
922,10,17675317,12.483221,41.835142,918,2,6158.950457279059
923,10,17692941,12.491235000000001,41.878983000000005,1543,22,1246.2095676514707
924,10,17782068,12.516746000000001,41.893437,379,34,2058.4016721078674
925,10,10059713,12.548752,41.900822999999995,131,3,4829.277893825706
926,10,10085473,12.555603,41.902552,81,2,5427.671012730467
927,10,10408640,12.491603,41.88295,643,28,804.5385453412034
928,10,17280033,12.490736,41.889029,439,12,183.49056494273586
929,10,17719605,12.494495,41.89018,156,8,179.59868215336877
930,10,17695775,12.517429,41.890562,611,10,2083.4018786730953
931,10,17721121,12.510544,41.89411,37,3,1573.490328832657
932,10,10399469,12.540006,41.899143,102,4,4079.935557838775
933,10,10412362,12.546432000000001,41.898902,428,4,4593.194724207296
934,10,17736971,12.496449,41.871725,356,19,2077.3519425008494
935,10,10412359,12.544766000000001,41.899968,186,6,4485.35196055857
936,10,17804577,12.591874,41.912436,25,3,8622.141955221256
937,10,17728288,12.596249,41.849649,495,19,9730.767068352494
938,10,17736737,12.584538,41.831919,273,7,10023.94343645024
939,10,17664289,12.599468,41.851921000000004,586,10,9856.951163097016
940,10,17728287,12.596886999999999,41.853677000000005,207,18,9579.797426353824
941,10,17736972,12.496188,41.865972,1587,55,2707.027138243162
942,10,17768481,12.523956,41.854329,646,3,4768.9408132187
943,10,17690379,12.536142,41.845775,46,2,6127.610660290427
944,10,17704971,12.548767,41.895445,5,3,4720.067714147102
945,10,17704991,12.571365,41.900709,4485,20,6662.318363400874
946,10,10413353,12.51447,41.90851,31,2,2742.849037909172
947,10,17701901,12.56748,41.911017,24,4,6651.738243457054
948,10,12116828,12.563759,41.860690999999996,4,10,6773.52427969499
949,10,29662,12.393734,41.911528999999994,6,2,8518.426479620504
950,10,29663,12.379750999999999,41.901742999999996,3177,3,9430.486760944543
951,10,29669,12.393734,41.911528999999994,6,2,8518.426479620504
952,10,17686560,12.492322,41.882042,854,35,903.1191995720793
953,10,17280012,12.496394,41.888829,622,38,368.76984846928826
954,10,17507595,12.505722,41.886919,215,7,1168.679848089901
955,10,17691149,12.513311999999999,41.885878999999996,843,38,1805.4700355494176
956,10,17690143,12.527867,41.897188,707,4,3050.2742551020506
957,10,17703457,12.531908999999999,41.900889,262,5,3493.439517590938
958,10,17703456,12.533894,41.900721999999995,59,2,3642.738630155121
959,10,17280053,12.491708000000001,41.889127,16,2,127.16645204618688
960,10,17721119,12.514639,41.891335,178,10,1855.8859214011748
961,10,17695797,12.514122,41.888054,24,3,1823.7823106962608
962,10,12115758,12.516981,41.841009,428,11,5831.589138590795
963,10,12116088,12.517983000000001,41.833574,390,10,6637.489846462058
964,10,17832480,12.549989,41.90126,94,3,4940.726642832713
965,10,17183757,12.517954,41.830068,49,4,7006.708763832739
966,10,12065865,12.582904,41.827137,316,6,10275.211975880551
967,10,10411990,12.496310000000001,41.866621,321,23,2636.7112171422077
968,10,12117876,12.582265,41.825865,887,70,10333.640877642714
969,10,12116085,12.517539,41.830996999999996,8,2,6897.929046208358
970,10,12117875,12.587136,41.833318,446,76,10091.629445807612
971,10,12116049,12.547607000000001,41.862806,2044,13,5503.998776629789
972,10,17690144,12.528758,41.887834999999995,384,14,3034.3761635674177
973,10,17690165,12.523477999999999,41.889001,458,10,2588.2844398068814
974,10,17695795,12.518867,41.889679,269,9,2202.996056614227
975,10,17709855,12.509592,41.889545,107,4,1434.2476059771236
976,10,17709857,12.507657,41.888803,53,5,1281.0351118702447
977,10,17693727,12.506723,41.887603000000006,50,3,1228.0954988161793
978,10,17693747,12.506175,41.886967,156,3,1202.900270187162
979,10,17526797,12.529154,41.888343,35,5,3062.8494279935144
980,10,17735201,12.530117,41.886584,85,6,3161.2982362944126
981,10,17690145,12.526667999999999,41.890104,309,11,2849.7449523547334
982,10,12118793,12.523609,41.855882,29,2,4609.6093266780035
983,10,10413190,12.529681,41.888205,8,2,3107.5362161916164
984,10,17691167,12.528869,41.885847,90,5,3070.3337773293792
985,10,17524237,12.4839,41.876984,464,22,1623.477534777733
986,10,17680651,12.480919,41.876302,35,2,1808.5564683500113
987,10,10413070,12.478196,41.873826,38,2,2161.7622200270785
988,10,12492786,12.466573,41.872836,273,16,2877.36496423775
989,10,12510794,12.451754,41.87073,257,9,4000.987725528467
990,10,12510796,12.449047,41.872858,126,4,4075.117034481884
991,10,12457816,12.446760000000001,41.874701,88,3,4154.608220063498
992,10,12509785,12.446736999999999,41.877428,293,11,4040.4604739116053
993,10,12511856,12.449587,41.879878999999995,26,2,3727.431793919173
994,10,12457814,12.456560000000001,41.889288,1332,43,2970.3925775728612
995,10,10363632,12.461733,41.89966,32,2,2749.193150771299
996,10,10413251,12.478142,41.874702,63,4,2083.2373117963757
997,10,12511855,12.455702,41.870796,61,5,3725.0728707624444
998,10,10401673,12.463849,41.898232,243,7,2527.4758942925228
999,10,10387412,12.465164999999999,41.895941,26,2,2343.74944687919
1000,10,10395501,12.470511,41.891042,481,69,1813.467023930771
1001,10,10412191,12.470604,41.89125,88,10,1807.138931084054
1002,10,10412651,12.47503,41.892831,348,28,1465.8705938331454
1003,10,10412194,12.469282000000002,41.894327000000004,34,2,1967.7036963637306
1004,10,10393593,12.466121000000001,41.900535999999995,523,18,2460.8563835689138
1005,10,10413502,12.472104,41.901464000000004,129,8,2095.309336723633
1006,10,10413503,12.473819,41.899313,236,9,1841.3860061338137
1007,10,10413512,12.473939999999999,41.89658,145,4,1684.000867654779
1008,10,10360553,12.480783,41.893966999999996,201,12,1046.9313643859075
1009,10,12092158,12.499508,41.881774,132,8,1106.8473884934915
1010,10,12100927,12.501311999999999,41.876104,493,86,1731.353503958155
1011,10,12118697,12.600104,41.850660999999995,367,5,9965.53306194852
1012,10,12116965,12.596079,41.849792,964,138,9710.901994626045
1013,10,12116966,12.584605,41.830512,2810,195,10129.790880107583
1014,10,12097177,12.590328999999999,41.838876,840,108,9932.958087381778
1015,10,12117877,12.583922,41.831317,194,3,10028.418140501002
1016,10,12116207,12.553443,41.832436,3091,99,8177.536978081349
1017,10,12116167,12.497634,41.878703,608,7,1347.8764038808972
1018,10,17687841,12.473497,41.889480999999996,837,24,1564.9885415455465
1019,10,10413510,12.470423,41.891834,9,2,1827.5246470495856
1020,10,10365813,12.468275,41.895132000000004,37,2,2070.9930971262124
1021,10,12118495,12.590595,41.838334,148,4,9985.674987945597
1022,10,12100925,12.503843,41.878334,283,7,1625.4645031487041
1023,10,17692960,12.507,41.877205,347,8,1886.0242103441262
1024,10,17756705,12.505638000000001,41.874537,430,27,2058.183741737399
1025,10,17692982,12.509863000000001,41.879275,611,15,1892.7968752315248
1026,10,12116068,12.484509,41.85203,102,5,4286.049913152853
1027,10,28613,12.482914,41.852073,25,2,4303.403380630389
1028,10,28619,12.48118,41.852573,92,5,4277.6314954053005
1029,10,12097819,12.480103,41.852627000000005,35,4,4292.039334152784
1030,10,12116405,12.469726,41.863023999999996,61,3,3551.6341982984814
1031,10,12508952,12.468278999999999,41.868328999999996,543,21,3142.0660588389433
1032,10,28597,12.496715,41.871707,107,5,2083.0674201971733
1033,10,17692980,12.508282000000001,41.879883,12,2,1749.0157028962358
1034,10,17691957,12.513481,41.880358,120,5,2066.401707642886
1035,10,17698081,12.520379,41.890485999999996,75,3,2328.0436009713194
1036,10,12097816,12.480027,41.852189,14,2,4340.804296337674
1037,10,12098617,12.470349,41.860824,118,4,3735.800942382906
1038,10,28592,12.496607000000001,41.870327,26,2,2232.706641625271
1039,10,17686817,12.468397,41.880677,930,41,2249.1447833227357
1040,10,17604875,12.46693,41.891205,18,8,2111.204088783305
1041,10,17916960,12.484022,41.85604,151,8,3853.4185857794037
1042,10,12116430,12.486464999999999,41.860393,66,4,3343.341993880084
1043,10,17524236,12.488016,41.867077,219,11,2590.1788794712747
1044,10,17687840,12.473075999999999,41.887510999999996,27,4,1625.186937907943
1045,10,56513,12.467412,41.8917,54,8,2075.022867061273
1046,10,12493382,12.426614,41.863303,2,3,6218.221330746524
1047,10,12511494,12.439564,41.919167,49,5,5435.123112837948
1048,10,10087122,12.589029,41.945498,733,4,10104.988685352902
1049,10,64642,12.473978,41.851594,241,10,4547.820234621132
1050,10,12115709,12.534794,41.80308,646,102,10296.21034138608
1051,10,12115708,12.529657,41.809053999999996,181,30,9528.226368482536
1052,10,12120041,12.522452000000001,41.820555999999996,819,94,8126.860410803236
1053,10,12115711,12.527732,41.810755,457,73,9297.98755521807
1054,10,12116102,12.495649,41.82963,167,33,6730.186346832636
1055,10,12083379,12.46156,41.803228000000004,7259,122,9989.415985007343
1056,10,12093785,12.456377999999999,41.826844,897,68,7641.276723580392
1057,10,12093022,12.456237,41.826894,443,70,7640.7491495752165
1058,10,12115715,12.481849,41.819235,1144,26,7927.048501334732
1059,10,12115719,12.48583,41.812405,214,34,8654.577177741368
1060,10,12067461,12.461534,41.830931,210,34,7059.448849064728
1061,10,12092051,12.485508,41.800329999999995,1192,199,9994.96322156373
1062,10,12093023,12.451364,41.824356,191,42,8063.039152775488
1063,10,12115716,12.484053999999999,41.81595,206,30,8272.583647041014
1064,10,12091537,12.458225,41.809075,1216,200,9442.392979273425
1065,10,12066586,12.522964,41.797001,4606,704,10656.786637957626
1066,10,12115883,12.479766999999999,41.800208000000005,537,184,10046.771084472408
1067,10,12118401,12.487475,41.797609,2658,314,10289.014258568775
1068,10,12118387,12.467869,41.808595000000004,1576,106,9285.83475659341
1069,10,12091536,12.480205,41.801373,254,56,9914.322096342028
1070,10,12067543,12.502405,41.79551,2929,914,10547.479389565748
1071,10,12115883,12.473818,41.803129,702,83,9789.493399261655
1072,10,12067539,12.514801,41.795858,2857,604,10640.524700444339
1073,10,12092048,12.491605999999999,41.796462,2444,203,10408.677626981567
1074,10,12116311,12.457296000000001,41.816517,1982,404,8682.916286686044
1075,10,12092045,12.482496000000001,41.797119,725,78,10367.75809762479
1076,10,12091539,12.480277000000001,41.797579,307,48,10333.050232351008
1077,10,10412392,12.493719,41.909275,35,16,2124.8086163063404
1078,10,12118396,12.488859,41.796861,801,239,10368.197537373266
1079,10,12067537,12.500865,41.795488,1489,271,10540.542660242389
1080,10,10071756,12.546495,41.967772,675,144,9719.620898455789
1081,10,12116839,12.565725,41.851901,105,16,7429.329462396976
1082,10,10071756,12.562977,41.965111,2901,214,10179.233968609386
1083,10,12116842,12.56418,41.850925,53,16,7387.983854530177
1084,10,10071753,12.547247,41.970620000000004,1238,219,10029.33270302732
1085,10,10062147,12.546942,41.973641,1694,319,10318.231339165312
1086,10,10086035,12.548281,41.957809000000005,612,104,8830.398318317211
1087,10,10414596,12.472329,41.897563,78,7,1851.7864120628985
1088,10,12066480,12.585131,41.825551000000004,1158,211,10530.657602290668
1089,10,10085339,12.603072000000001,41.867798,432,8,9522.36142138398
1090,10,12065873,12.580162,41.822369,1405,101,10483.668924400934
1091,10,12065871,12.589486,41.837603,2974,315,9958.01563672114
1092,10,12067455,12.466161999999999,41.829856,677,59,7043.002934567626
1093,10,12116648,12.584473,41.829434,1655,139,10200.343246040587
1094,10,12118402,12.500277,41.795593,2435,282,10525.732014302132
1095,10,12116507,12.454052,41.825493,558,97,7855.77941791091
1096,10,12085908,12.470252,41.83746,73,11,6135.138748860811
1097,10,12066615,12.455294,41.821892999999996,250,37,8183.753714558627
1098,10,12066173,12.571371000000001,41.855068,107,16,7632.657784396507
1099,10,12118399,12.494952,41.79578,1064,330,10486.512392186736
1100,10,12092051,12.481114,41.799924,1836,383,10067.177222558232
1101,10,12067542,12.514743,41.795713,2722,865,10655.538296588249
1102,10,12064357,12.466553,41.806976,1949,158,9485.454330404875
1103,10,12116306,12.453265,41.811132,340,44,9359.364688725665
1104,10,12091542,12.497494999999999,41.796434000000005,2650,262,10420.443345621214
1105,10,12092048,12.483802,41.798782,1394,236,10175.507895072462
1106,10,12091540,12.467913000000001,41.804552,62,9,9723.757990174716
1107,10,12083383,12.448534,41.805307,431,70,10103.506870472647
1108,10,12116510,12.446455,41.822979,27,5,8379.249418041996
1109,10,12064361,12.457189999999999,41.807922,1183,113,9590.448331870723
1110,10,12116310,12.455747,41.824349,401,64,7917.091981397154
1111,10,12118399,12.485234,41.797128,1186,249,10351.326631078377
1112,10,12116313,12.449337,41.823739,42,7,8197.122238459997
1113,10,12116309,12.45079,41.818785,596,18,8646.957365980283
1114,10,12118398,12.456043,41.807764,1907,289,9636.530022468649
1115,10,12067540,12.506124,41.794773,1034,202,10657.845259871694
1116,10,12116507,12.444774,41.821702,155,25,8569.265833716207
1117,10,12097708,12.452667,41.800266,296,11,10515.297688556275
1118,10,12116513,12.447832,41.823934,122,20,8232.953255576596
1119,10,10086566,12.615611,41.907258,1012,155,10404.539124122906
1120,10,10086117,12.615282,41.894475,194,39,10214.920042195288
1121,10,10062146,12.582709,41.952521999999995,4476,393,10206.128432835543
1122,10,10086203,12.607754,41.876296999999994,2734,182,9703.523933807934
1123,10,10034222,12.610253,41.880675,526,78,9844.123840621387
1124,10,12117881,12.594831,41.847124,1998,326,9760.974824484822
1125,10,12116971,12.599329,41.859408,556,78,9516.848448567112
1126,10,10084346,12.54233,41.974536,797,145,10246.95080532664
1127,10,10086115,12.615495,41.901029,872,127,10291.772090652868
1128,10,10086876,12.591207,41.946214000000005,978,199,10296.853274914387
1129,10,12097183,12.58882,41.836851,1490,224,9962.739075603758
1130,10,23649,12.591714999999999,41.945285,158,20,10268.658809279685
1131,10,10086876,12.608487,41.897402,4636,525,9672.981708350808
1132,10,12118147,12.589344,41.835633,3240,278,10078.547037254168
1133,10,10086032,12.549083999999999,41.95893,606,59,8971.317088767515
1134,10,64412,12.588706,41.949076,567,42,10330.550437880062
1135,10,10086200,12.611419,41.882787,329,37,9918.034270146209
1136,10,10086871,12.596827000000001,41.93878,675,70,10212.83091752637
1137,10,12065870,12.585697,41.831832,3469,377,10103.832982235152
1138,10,10086205,12.615186,41.897887,1394,120,10231.438161553393
1139,10,10085343,12.604700999999999,41.87075,951,252,9573.578730487148
1140,10,12116972,12.592774,41.842878000000006,1425,115,9855.774384364722
1141,10,10088395,12.573503,41.953494,282,41,9736.735831338441
1142,10,10085294,12.609633,41.922612,840,35,10378.301177894027
1143,10,10059343,12.602705,41.931364,273,42,10236.636750891557
1144,10,10086566,12.615435,41.903895,789,76,10328.754129766088
1145,10,10084252,12.600453,41.934179,130,16,10215.52489096506
1146,10,10062140,12.581598,41.956216,343,57,10423.037541315818
1147,10,10086201,12.613578,41.887131,263,47,10068.569807596301
1148,10,10086199,12.612708,41.885486,97,14,10004.375440221265
1149,10,10085347,12.598545,41.857391,335,36,9539.506415883756
1150,10,10085296,12.612592,41.91762,1528,123,10433.988813526646
1151,10,10071116,12.554216,41.946332,56,8,8078.628994885646
1152,10,10085339,12.601612,41.865466,620,61,9477.315081595556
1153,10,10086111,12.614894,41.891871,331,33,10173.492759931867
1154,10,10087189,12.577112,41.955719,98,14,10122.29763018415
1155,10,10086200,12.6102,41.881014,525,95,9835.758841758294
1156,10,10085290,12.615584,41.912591,388,56,10526.105368964074
1157,10,12116653,12.57115,41.814683,682,103,10636.915178910085
1158,10,10086565,12.61551,41.907503000000005,541,42,10401.280989738469
1159,10,10086109,12.615147,41.896246999999995,142,15,10214.696991138939
1160,10,10034225,12.606578,41.874571,452,54,9639.902680080662
1161,10,12097180,12.592404,41.841978000000005,1155,75,9883.627239825386
1162,10,12117878,12.586817,41.834058,1372,145,10019.614674618999
1163,10,12091542,12.479617,41.801412,316,42,9915.094337718983
1164,10,12118396,12.488292999999999,41.796139000000004,1051,95,10449.761894412362
1165,10,12115878,12.482006,41.803588,101,28,9655.174986270345
1166,10,12116308,12.455795,41.817619,488,105,8610.805187383925
1167,10,12100282,12.483785000000001,41.806385,290,46,9333.384683404733
1168,10,12091536,12.495448,41.797008,2884,424,10351.097317073838
1169,10,12116312,12.448931,41.816637,392,50,8927.45638195089
1170,10,12096865,12.446947,41.816097,60,9,9049.730279888394
1171,10,12115881,12.482623,41.804315,25,7,9570.295935309685
1172,10,12118392,12.478452,41.807652000000004,532,74,9237.823383093812
1173,10,12118387,12.452724,41.811077000000004,893,48,9380.753524072383
1174,10,12091541,12.484278999999999,41.80897,13,3,9044.000688684975
1175,10,12118401,12.461742,41.801052,1322,236,10219.490546494177
1176,10,12116306,12.452395,41.819395,26,3,8532.185755478618
1177,10,12118402,12.480580999999999,41.799419,1731,388,10127.197911308864
1178,10,12115877,12.480545,41.800657,313,54,9990.634217270566
1179,10,10085342,12.611682,41.885758,2000,167,9917.777156072349
1180,10,12092051,12.490702,41.798483000000004,1039,152,10184.930918497925
1181,10,12116308,12.472419,41.809903000000006,1905,166,9067.669152357073
1182,10,12099523,12.49424,41.801076,231,29,9897.29927810556
1183,10,12099522,12.498113,41.801018,77,10,9914.107658904253
1184,10,12091538,12.484183,41.807425,191,27,9215.724739078418
1185,10,12100279,12.484466000000001,41.807959000000004,43,9,9154.86774659558
1186,10,12115878,12.483709,41.805832,6,2,9395.108608927463
1187,10,12117882,12.584313,41.823473,1396,130,10640.53447181646
1188,10,12118501,12.594930999999999,41.847003,1447,132,9774.806037993761
1189,10,10088406,12.487074,41.986202,889,78,10675.04724889322
1190,10,12479095,12.380391,41.848087,396,45,10402.712944458588
1191,10,10065375,12.471146000000001,41.985347999999995,579,37,10716.285088465876
1192,10,10065377,12.462039,41.982641,234,16,10573.393082024208
1193,10,12485824,12.378855,41.876808000000004,491,29,9534.966914553683
1194,10,12479094,12.377111,41.855946,485,31,10292.80265899427
1195,10,12511556,12.383362,41.840656,776,85,10587.723499545327
1196,10,12510884,12.381661,41.892590999999996,1302,78,9188.595377499818
1197,10,12485826,12.374625,41.866485,715,45,10118.634471893472
1198,10,12118505,12.446576,41.808129,241,31,9873.1351030249
1199,10,12511446,12.380998,41.934740999999995,304,18,10479.534512892536
1200,10,12488405,12.384471000000001,41.906998,288,17,9143.468182264214
1201,10,12511445,12.382785,41.921254,1281,73,9722.86624275426
1202,10,12118506,12.448056,41.807118,135,9,9930.721118160925
1203,10,12118511,12.445226,41.809584,138,17,9768.511395288439
1204,10,12115880,12.482251,41.800587,1378,63,9985.496416662918
1205,10,12116312,12.460344000000001,41.809034999999994,2037,224,9395.369955184338
1206,10,24229,12.457322999999999,41.806738,33,6,9712.496858488394
1207,10,23969,12.585426,41.841941,81,13,9404.193084320954
1208,10,12066171,12.572302,41.850788,136,23,7950.709388423114
1209,10,12079472,12.541317999999999,41.867011,264,38,4811.789903745225
1210,10,29391,12.537735000000001,41.869437,56,10,4416.857859363701
1211,10,12118503,12.586385,41.841218,14,3,9515.435654731029
1212,10,12096916,12.552266,41.862419,169,27,5852.868677289854
1213,10,12066169,12.564059,41.856012,489,67,7060.655356477253
1214,10,12116046,12.545478999999998,41.864505,249,36,5252.807186019878
1215,10,12117809,12.561792,41.857327000000005,251,3,6823.439679710475
1216,10,12118497,12.582676,41.843796999999995,282,40,9099.106650635193
1217,10,12066172,12.569856,41.852508,166,27,7676.110211755675
1218,10,12117328,12.543546000000001,41.852684,2295,305,5951.097654362291
1219,10,29398,12.537002000000001,41.869877,16,4,4339.457742782644
1220,10,12117331,12.539021,41.868634,16,4,4554.517090895324
1221,10,12117810,12.557459,41.859694,207,30,6378.889164822349
1222,10,12096919,12.554725999999999,41.861182,68,11,6098.870099037145
1223,10,12083376,12.45645,41.804775,563,8,9942.245462384453
1224,10,12064355,12.458267999999999,41.806803,32,7,9682.38923759105
1225,10,12118390,12.454675,41.80839,264,38,9606.885707140531
1226,10,12115877,12.47385,41.803069,453,61,9795.658276310858
1227,10,12083379,12.448835,41.803038,1013,55,10330.279314153662
1228,10,12097506,12.457769,41.806706,6,2,9704.869467748536
1229,10,12116930,12.59,41.836046,2524,380,10094.722927920126
1230,10,12091543,12.454461,41.811209000000005,1454,234,9317.351277393678
1231,10,12512013,12.488282,41.869693,231,45,2299.4279649546684
1232,10,12116713,12.522178,41.854678,2588,362,4656.433101402137
1233,10,12064442,12.55539,41.831041,413,50,8399.445456309557
1234,10,12512018,12.492842,41.867159,196,31,2556.53824686679
1235,10,12509149,12.496553,41.870015,338,15,2266.2293901642893
1236,10,12116623,12.548919,41.836999999999996,669,70,7546.848362434908
1237,10,12460918,12.491739,41.870388,415,37,2198.088270937964
1238,10,12117719,12.559801,41.82634,208,30,9036.242902751468
1239,10,12119936,12.4347,41.804182,631,118,10683.164873400656
1240,10,12115697,12.439039,41.802620000000005,340,23,10684.338469807084
1241,10,12117383,12.437301,41.815588,425,84,9460.998992864806
1242,10,12496229,12.393957,41.875789000000005,27,5,8320.108134585982
1243,10,12116305,12.455017,41.823562,1360,269,8021.110300506704
1244,10,12510088,12.429332,41.814422,424,46,9907.55035999702
1245,10,12083382,12.449883999999999,41.801429,280,43,10468.250665481135
1246,10,10387185,12.482071000000001,41.885371,145,22,1004.7876957508497
1247,10,12118395,12.453884,41.802264,739,61,10272.906740551136
1248,10,12064359,12.462462,41.81705,11,3,8492.099173357627
1249,10,12097705,12.45326,41.799803999999995,385,17,10548.791159512768
1250,10,12116070,12.472893,41.853307,148,20,4401.23102727536
1251,10,12064358,12.463356,41.818764,5,2,8288.348675813371
1252,10,12066555,12.471644,41.834861,35,5,6379.127533888652
1253,10,12101120,12.475541999999999,41.843202000000005,354,6,5400.097525778556
1254,10,12115965,12.476204,41.843472,7,2,5357.129385705533
1255,10,12116409,12.471969,41.855474,213,23,4208.443410089826
1256,10,12066556,12.470315,41.832398,15,3,6672.3903676121245
1257,10,12097578,12.463942,41.819871,9,2,8156.564523406037
1258,10,12091540,12.478767,41.805068,655,19,9519.523428190436
1259,10,12091535,12.483882000000001,41.80681,359,65,9285.705137065177
1260,10,12099517,12.4949,41.801039,210,29,9902.437675272367
1261,10,12116651,12.579346000000001,41.820674,272,26,10573.363137226323
1262,10,12099516,12.510807000000002,41.802545,1704,256,9853.080332451815
1263,10,12115712,12.534841,41.802690999999996,694,99,10338.149609352515
1264,10,12115705,12.52828,41.809705,21,5,9423.026454225068
1265,10,12118699,12.607564,41.849517999999996,142,18,10578.740626848145
1266,10,12118703,12.601358,41.85176,182,28,10006.381598290307
1267,10,12511557,12.384163000000001,41.840226,190,21,10556.000915085155
1268,10,12511559,12.383119,41.849215,894,89,10144.022267704166
1269,10,12083380,12.440552,41.802552,255,42,10639.81137703442
1270,10,12099516,12.493658,41.796089,69,7,10450.513491761873
1271,10,12118500,12.588956,41.845262,631,128,9446.469700648566
1272,10,12116973,12.594303,41.856962,776,91,9233.958259412711
1273,10,10084340,12.548373,41.963446999999995,225,37,9372.624099456749
1274,10,10086037,12.547263000000001,41.961431,11,3,9132.608142759587
1275,10,10071750,12.54913,41.965756,60,12,9626.699737273691
1276,10,10085291,12.609835,41.922342,72,14,10383.682388280204
1277,10,10086563,12.615321,41.90245,270,41,10297.030530250291
1278,10,10085293,12.613774000000001,41.91731,269,44,10517.929267459067
1279,10,12116650,12.569208,41.817213,852,101,10316.197980617642
1280,10,10059346,12.605319999999999,41.928059000000005,502,75,10275.679258979591
1281,10,10086870,12.599306,41.935655,470,77,10212.07483071055
1282,10,10085345,12.60264,41.867327,859,157,9501.61926637623
1283,10,10062141,12.563212,41.966196999999994,220,23,10289.199435310335
1284,10,10086560,12.615069,41.895108,645,62,10200.748582298927
1285,10,10086559,12.615463,41.906906,226,31,10385.423673140655
1286,10,10085297,12.608877,41.923548,89,17,10356.189732458244
1287,10,10062141,12.552926,41.971103,2130,195,10298.621493352603
1288,10,10071755,12.545252,41.966006,1339,225,9498.052210299067
1289,10,10086035,12.548375,41.959514,570,32,8996.05763963428
1290,10,10087162,12.535683,41.942471999999995,336,54,6832.143149759494
1291,10,10065394,12.526032,41.929842,477,57,5218.407249187588
1292,10,10396352,12.515362,41.892893,406,64,1935.10180848167
1293,10,10413400,12.503578,41.886143,70,13,1035.2265570563618
1294,10,10408643,12.496642999999999,41.880477,8,3,1134.8559397963595
1295,10,10086036,12.538952,41.94641,141,22,7346.732543121442
1296,10,10069524,12.526892,41.94506,162,30,6736.929889302705
1297,10,10086033,12.542216,41.951012,454,67,7923.885174350109
1298,10,10085492,12.523753,41.93589,601,107,5707.931069481046
1299,10,10414697,12.522908000000001,41.897708,539,82,2671.9836475124353
1300,10,12509144,12.497225,41.864185,9,3,2914.9583895364517
1301,10,10393029,12.533439,41.905852,252,24,3830.0763993298588
1302,10,10413406,12.5008,41.884142,554,73,970.9767529605375
1303,10,10087164,12.529404,41.943258,355,59,6650.15115181168
1304,10,10408646,12.496586,41.880369,10,4,1144.7774776272745
1305,10,10413246,12.506843,41.887815,162,29,1232.564965619289
1306,10,10085495,12.52845,41.940792,51,8,6370.975291040342
1307,10,10069527,12.529017999999999,41.942624,165,27,6572.913620169105
1308,10,10413242,12.508496000000001,41.889247999999995,86,13,1345.5209502687455
1309,10,10087165,12.537931,41.944905,35,7,7160.060209674441
1310,10,10397249,12.489248,41.898164,5,2,923.7104169540911
1311,10,12067445,12.467293,41.830276,248,41,6970.057571321614
1312,10,10413401,12.502659,41.890043,5,2,857.2749320355881
1313,10,12067451,12.469347,41.831129,0,2,6830.079820616643
1314,10,12092631,12.497533,41.863213,96,16,3025.4465491149076
1315,10,10413571,12.500571,41.893553000000004,61,4,780.11823793678
1316,10,10397250,12.487782000000001,41.897138,2,2,860.8086907817109
1317,10,12101123,12.473999000000001,41.839279,1040,140,5854.149849934983
1318,10,12509143,12.497847,41.862196999999995,7,2,3140.874701582838
1319,10,10086114,12.615389,41.898306,441,70,10252.188190987414
1320,10,10085294,12.608367,41.9245,164,25,10355.087696495733
1321,10,12090748,12.496233,41.829964000000004,179,46,6695.291472695521
1322,10,10084340,12.548044,41.966141,284,40,9620.417372149599
1323,10,10085293,12.615186999999999,41.911324,889,65,10461.700934718798
1324,10,10086563,12.615095,41.895969,832,54,10208.41928869193
1325,10,10086204,12.612217,41.884586999999996,437,29,9969.465307529046
1326,10,12066590,12.536256,41.801813,214,32,10470.229977086696
1327,10,10071750,12.544591,41.96948,248,36,9817.474182282975
1328,10,12120041,12.506517,41.827001,1035,149,7114.734044155156
1329,10,12115712,12.526228999999999,41.812658,1676,87,9058.134829589524
1330,10,12067540,12.504977,41.794592,328,43,10668.032752612793
1331,10,12091537,12.473732,41.803276000000004,16,3,9774.494992917433
1332,10,12117878,12.590413,41.837739,38,7,10011.662105772819
1333,10,12118501,12.591579,41.839801,194,30,9960.025237195765
1334,10,12099519,12.498895,41.795294,244,41,10552.324487722439
1335,10,12097183,12.594782,41.846038,661,65,9817.163157471421
1336,10,12116972,12.59896,41.858119,706,54,9540.844192043196
1337,10,10086206,12.613071000000001,41.885797,35,4,10032.705256135054
1338,10,10065103,12.584852,41.911004999999996,723,3,8018.454584164495
1339,10,12115707,12.498947,41.79545,7,2,10535.245192239898
1340,10,12117017,12.497014,41.79567,1091,106,10503.673952777124
1341,10,12100276,12.483896000000001,41.806344,138,24,9337.229270748028
1342,10,12118509,12.446117999999998,41.808785,11,3,9820.719205088497
1343,10,12118512,12.446484,41.808287,47,7,9859.886107075168
1344,10,12115875,12.483102,41.804885999999996,37,7,9503.811079958661
1345,10,10412050,12.520147999999999,41.884454999999996,112,3,2394.4835455548637
1346,10,12116165,12.510896,41.880621000000005,5,2,1870.8103074778428
1347,10,12118700,12.591286,41.841054,2514,253,9862.178112178335
1348,10,12118698,12.605226,41.850387,26,3,10361.956235515494
1349,10,12116309,12.453525,41.810292,174,29,9439.548475664064
1350,10,12118393,12.453332000000001,41.810171000000004,87,14,9457.659078246937
1351,10,10387836,12.478825,41.889466,752,110,1123.6579316475052
1352,10,10395503,12.473019,41.890060999999996,20,4,1602.811889934009
1353,10,12117296,12.50199,41.870642,178,23,2312.7442494298552
1354,10,10412656,12.475953,41.891794,10,3,1371.1160412521615
1355,10,12116170,12.49841,41.878515,49,5,1389.6977845474744
1356,10,12100929,12.502533,41.874269,251,38,1958.9533232772346
1357,10,10412655,12.478825,41.894868,225,39,1236.23435534932
1358,10,10372027,12.480927000000001,41.891382,345,50,955.9230403962274
1359,10,10387182,12.48178,41.889235,189,27,881.8423613466108
1360,10,10408645,12.485372,41.886781,468,105,689.5819401450049
1361,10,12460913,12.489261,41.877859,174,35,1391.2625656062949
1362,10,10401942,12.487654,41.895994,14,3,754.1051022689212
1363,10,10412885,12.500755,41.894335,94,13,838.1272867419345
1364,10,10412879,12.500088,41.895263,12,3,856.7611177985444
1365,10,17737503,12.464405000000001,41.870404,2,5,3192.897545856377
1366,10,12064363,12.454344,41.812607,890,166,9174.66247151892
1367,10,12091543,12.4737,41.803219,114,13,9781.16661452614
1368,10,12116505,12.459825,41.837521,276,31,6440.817114788444
1369,10,29472,12.474177000000001,41.850813,5,2,4624.236666120213
1370,10,12066622,12.466564,41.842157,584,83,5746.236470013732
1371,10,12098622,12.474492,41.850436,36,6,4655.460335242613
1372,10,29473,12.473436999999999,41.852087,13,3,4511.679604698192
1373,10,12509296,12.471585000000001,41.873862,1022,139,2499.4882313495696
1374,10,12494521,12.473949000000001,41.84778,274,32,4949.75238270985
1375,10,12496611,12.47218,41.845869,23,4,5197.486371658478
1376,10,12098623,12.473428,41.86268,373,53,3433.2429068649326
1377,10,12508958,12.470908,41.858874,233,32,3904.8800920759677
1378,10,12511545,12.475764999999999,41.877569,201,25,1962.2564499592963
1379,10,12118458,12.502914,41.8537,1748,15,4145.258548962555
1380,10,12510228,12.476871000000001,41.875944,113,34,2035.7796090093286
1381,10,12509144,12.496241,41.868175,477,71,2464.8004493139806
1382,10,12120038,12.504625,41.827473,1191,135,7038.542025217765
1383,10,12095231,12.520642,41.820355,552,51,8103.23175198698
1384,10,12116208,12.561047,41.82562,96,9,9163.207218173673
1385,10,12492745,12.381432,41.925025,391,23,9982.479557910703
1386,10,12488403,12.383268,41.919748999999996,246,15,9627.196310123009
1387,10,12511442,12.380946,41.933412,429,27,10414.531443302834
1388,10,12090748,12.496994,41.826563,447,69,7075.7981218565155
1389,10,12064440,12.555253,41.831261,820,92,8373.244469453919
1390,10,12090751,12.510629,41.827056,1374,139,7173.192806905529
1391,10,12119726,12.541607,41.837558,93,17,7133.7505692845225
1392,10,12116099,12.49558,41.828644,238,23,6839.382711775672
1393,10,23381,12.524969,41.946279,6,3,6794.554645463691
1394,10,12117880,12.58256,41.829477000000004,238,11,10078.554853127074
1395,10,12065868,12.580888,41.825251,151,10,10298.976533680334
1396,10,26468,12.50434,41.794767,305,20,10643.602043723648
1397,10,12083377,12.447818,41.801547,48,4,10515.000061942012
1398,10,30077,12.5986,41.858346999999995,596,3,9503.661436706598
1399,10,12479097,12.376269,41.860479,91,16,10183.451054255765
1400,10,12485821,12.374195,41.886029,8,2,9815.583513876278
1401,10,12511556,12.381153,41.847136,661,53,10394.448691858057
1402,10,12509815,12.383099000000001,41.852996000000005,403,57,9964.027848981634
1403,10,12510883,12.375096000000001,41.884686,173,27,9749.176194673944
1404,10,12509003,12.379109,41.882866,924,125,9432.158478007954
1405,10,12479095,12.37723,41.856183,396,60,10273.904447750214
1406,10,10065372,12.488468,41.986061,752,114,10655.296906635404
1407,10,12479098,12.378261,41.85198,227,43,10376.582315234054
1408,10,12479094,12.375079,41.863707,835,122,10167.335371928666
1409,10,12479091,12.377832000000001,41.854110999999996,15,3,10314.753232737772
1410,10,12485829,12.375981,41.870746999999994,874,76,9895.796973447574
1411,10,12511554,12.383628999999999,41.840871,218,15,10556.367403013082
1412,10,12510886,12.377614999999999,41.874472,1010,65,9680.181680805013
1413,10,12485826,12.379961999999999,41.878428,23,3,9417.492612693672
1414,10,12479092,12.379914999999999,41.852374,39,7,10233.365858426256
1415,10,10086117,12.615277,41.895911,138,11,10223.094292456475
1416,10,10034236,12.605912,41.873021,52,5,9618.254555437808
1417,10,10085135,12.611733000000001,41.884048,1239,93,9933.335202232933
1418,10,10084627,12.605153,41.872347,530,54,9571.763651184314
1419,10,10086115,12.615452000000001,41.901407,447,34,10293.203497787368
1420,10,10085246,12.606146,41.875574,10,3,9585.084931322579
1421,10,10062147,12.564248,41.965944,1552,100,10315.60676869022
1422,10,10086877,12.586545,41.952021,509,37,10405.306351595036
1423,10,10395507,12.472069,41.892283,59,5,1697.8307142949186
1424,10,10413517,12.472258,41.895653,21,4,1773.564619677228
1425,10,10413506,12.4728,41.897182,8,2,1798.1132328820036
1426,10,17658125,12.462313,41.900302,11,3,2733.3573027038233
1427,10,12511553,12.380907,41.850915,474,51,10226.453133489324
1428,10,12083377,12.438563,41.802803000000004,269,41,10682.30388633401
1429,10,12496223,12.394039999999999,41.875562,50,8,8318.243615566988
1430,10,12496229,12.394294,41.875091999999995,26,3,8307.964107067228
1431,10,17689119,12.487294,41.903147,37,6,1500.4371055609683
1432,10,12092045,12.508463,41.794389,112,16,10722.788098663299
1433,10,12116928,12.609994,41.854084,217,2,10558.43708984606
1434,10,12118395,12.465114,41.799558000000005,27,4,10315.34376418238
1435,10,12116206,12.562385,41.82436,259,37,9341.92893083652
1436,10,54281,12.496425,41.829694,244,49,6726.032294894306
1437,10,12094162,12.51783,41.826463000000004,91,28,7386.270707663725
1438,10,12090752,12.497515,41.82626,276,32,7111.88941748178
1439,10,12095231,12.510552,41.827177,527,71,7158.704551973325
1440,10,12107313,12.521983,41.827028000000006,97,13,7433.16315338933
1441,10,12093792,12.457804,41.823734,646,123,7916.776316945309
1442,10,12067452,12.46523,41.82632,137,21,7440.633499130118
1443,10,12119942,12.434989999999999,41.805115,440,104,10579.742473021171
1444,10,12096872,12.443223,41.814125,341,50,9379.597588437717
1445,10,12069763,12.444619,41.801079,323,31,10659.564679507565
1446,10,12085909,12.475521,41.833778,21,3,6417.443283100797
1447,10,17768205,12.476544,41.905019,83,4,2106.024875907416
1448,10,12510111,12.456209,41.857138,397,10,4738.681226696214
1449,10,12510152,12.391089,41.906599,22,4,8597.128391861512
1450,10,12100249,12.582556,41.86142,3,2,8142.18898117672
1451,10,12100246,12.582567999999998,41.861426,1,3,8142.84364470842
1452,10,17791285,12.454935,41.855978,787,7,4905.3883361030585
1453,10,17685024,12.453418,41.861058,2,3,4570.788976422571
1454,10,17213491,12.60705,41.909214,11,2,9751.569406863591
1455,10,17685535,12.455522,41.856555,778,48,4824.92033576602
1456,10,17791264,12.452012,41.85273,610,11,5338.481899479581
1457,10,17791284,12.463245,41.842712,2914,12,5798.30909472578
1458,10,17675316,12.479443,41.836488,3473,37,6058.0802761857885
1459,10,17675296,12.483798,41.835727,3275,62,6088.710892406039
1460,10,17599520,12.460955,41.855920000000005,1816,16,4610.713149025726
1461,10,12494522,12.44891,41.851805999999996,395,7,5581.575382074792
1462,10,17791265,12.457039,41.859485,584,4,4494.580894454048
1463,10,17685536,12.461698,41.865378,256,11,3748.394099030734
1464,10,17682701,12.441213000000001,41.885639000000005,3501,13,4272.37377252464
1465,10,17730336,12.438797000000001,41.89419,841,12,4465.15932901297
1466,10,17733919,12.458619,41.847359999999995,114,2,5517.777271537664
1467,10,12116096,12.494797,41.830042999999996,1,2,6681.811261227759
1468,10,17679373,12.476666999999999,41.838784000000004,3272,25,5854.097328202764
1469,10,17682208,12.449131,41.855762,372,4,5241.126297220025
1470,10,12496613,12.456318,41.855964,2,2,4834.769032603663
1471,10,12510114,12.455508,41.857056,100,2,4782.720926941924
1472,10,17213491,12.606967,41.909068,48,12,9741.350064929906
1473,10,17680142,12.451831,41.854476,370,2,5198.506803010811
1474,10,29301,12.455605,41.856105,11,3,4859.384695950542
1475,10,17684256,12.470597999999999,41.853967,390,14,4407.6096629542535
1476,10,17684257,12.480464999999999,41.871016,2214,27,2344.6935453163974
1477,10,17686579,12.486775999999999,41.888851,491,4,483.8498287376491
1478,10,12461831,12.48044,41.871441,44,2,2302.828065684685
1479,10,17687072,12.480364,41.871615999999996,15,2,2288.012857689081
1480,10,17772063,12.480447,41.87169,6,2,2277.6188970715007
1481,10,17594894,12.575452,41.848159,1,3,8330.455412334044
1482,10,17675315,12.495626,41.833490999999995,5,3,6301.645367004677
1483,10,12090747,12.494807000000002,41.829114000000004,41,2,6784.972699680313
1484,10,17678604,12.475182,41.847451,2016,13,4954.1463764612745
1485,10,17684255,12.454711,41.855142,312,5,4989.26091179203
1486,10,17226035,12.455554,41.858925,374,10,4622.416496214304
1487,10,17731083,12.529664,41.880688,20,4,3272.80645106653
1488,10,17760269,12.452063,41.850747,290,6,5509.2561927362685
1489,10,17185803,12.441808,41.878019,1190,11,4405.389950561544
1490,10,17695500,12.518458,41.923315,1,2,4272.010991851651
1491,10,17695499,12.519598,41.925059999999995,261,5,4487.037051138232
1492,10,47742,12.59336,41.933111,526,3,9643.723117972824
1493,10,28313,12.594999000000001,41.933172,390,2,9765.450891427081
1494,10,46381,12.590182,41.933027,9,2,9410.743405484058
1495,10,46388,12.590182,41.933027,9,2,9410.743405484058
1496,10,46382,12.590182,41.933027,9,2,9410.743405484058
1497,10,46389,12.590182,41.933027,9,2,9410.743405484058
1498,10,46383,12.590182,41.933027,9,2,9410.743405484058
1499,10,17739808,12.493944,41.986475,335,3,10697.300435256944
1500,10,17669665,12.481904,41.986287,438,5,10710.546088863433
1501,10,12492742,12.381477,41.924863,319,3,9972.082588746804
1502,10,12488402,12.384882000000001,41.912584,508,6,9256.922814039555
1503,10,12510881,12.383367999999999,41.902278,610,7,9141.732679751072
1504,10,12509001,12.380924,41.88704,106,2,9252.78050986105
1505,10,12485821,12.38032,41.880447,261,3,9359.394180141353
1506,10,12485823,12.375997,41.871189,693,9,9883.878840634585
1507,10,12479091,12.375430999999999,41.859999,494,6,10266.605005118397
1508,10,12479092,12.379026,41.85148,318,4,10341.644448513018
1509,10,12511553,12.381755,41.845209999999994,409,5,10450.73638142227
1510,10,12083380,12.443653,41.802114,97,2,10583.305340732604
1511,10,12083376,12.451394,41.800717999999996,75,8,10501.380003587296
1512,10,30072,12.597462,41.853839,658,3,9615.493397102466
1513,10,30071,12.597575,41.854216,615,2,9606.50185125232
1514,10,28753,12.598205,41.856351000000004,372,2,9558.296834268116
1515,10,30073,12.598205,41.856351000000004,372,2,9558.296834268116
1516,10,24029,12.596607,41.85095,243,2,9691.236671408982
1517,10,55443,12.593207000000001,41.843340000000005,651,3,9859.014289223898
1518,10,24023,12.594255,41.845375,408,2,9816.438381253132
1519,10,30223,12.588791,41.83665,664,3,9974.103319168808
1520,10,28272,12.591822,41.840603,159,2,9926.999847414516
1521,10,46751,12.58883,41.837284000000004,601,2,9934.87227422806
1522,10,51251,12.588791,41.83665,664,3,9974.103319168808
1523,10,30222,12.58692,41.834008000000004,213,2,10029.767711344892
1524,10,24183,12.584041000000001,41.829174,1176,3,10192.651018991943
1525,10,17767969,12.497776,41.898346000000004,54,2,1014.0310807132231
1526,10,17687839,12.480367999999999,41.892013,18,2,1013.6481775523011
1527,10,17686325,12.474419000000001,41.896583,118,2,1648.2024702407875
1528,10,17709323,12.408114999999999,41.892294,717,8,6993.1978994737065
1529,10,12119938,12.429960000000001,41.810855,1,4,10219.678858445219
1530,10,10362259,12.523437,41.904258,3747,3,3018.3726939255153
