,net,cell,lon,lat,range,samples,distanze,grado
0,10,28691,12.62004,41.890106,9674,2,10598.9695443,476
1,10,30032,12.586933,41.946829,4479,7,10059.2694234,122
2,10,28988,12.590219,41.942038,5038,6,9956.526038,142
3,10,28993,12.609723,41.91265,5075,4,10055.8500955,147
4,10,30033,12.548766,41.967403,7522,10,9772.1157495,166
5,10,30031,12.557207,41.959724,7603,6,9414.71308,200
6,10,56461,12.58509,41.937711,2992,6,9332.75918567,94
7,10,28323,12.606999,41.875426,1331,2,9657.65825173,51
8,10,28757,12.602356,41.852514,1164,3,10046.1815225,72
9,10,51921,12.611962,41.898831,4354,3,9974.3393081,126
10,10,23642,12.611962,41.898831,4354,3,9974.3393081,126
11,10,23643,12.608982,41.908833,4793,6,9899.21492077,142
12,10,23967,12.59448,41.837358,4778,13,10312.2322786,215
13,10,28753,12.600597,41.853299,1565,5,9877.07795707,88
14,10,28758,12.602325,41.86057,4392,7,9704.81829252,201
15,10,30071,12.597916,41.845044,1611,4,10097.8392307,112
16,10,46293,12.595279,41.836621,4841,19,10413.4398923,215
17,10,23213,12.594273,41.833432,1692,17,10552.7946343,101
18,10,24183,12.586299,41.828538,5837,19,10379.9559617,258
19,10,24193,12.589954,41.830825,6233,12,10447.7609542,274
20,10,46292,12.598624,41.845512,3815,4,10123.3073917,184
21,10,46292,12.594899,41.834423,211,13,10529.3718516,46
22,10,30227,12.592978,41.843354,4176,4,9842.0462699,216
23,10,23802,12.604648,41.901882,5747,5,9410.97673703,187
24,10,28751,12.599882,41.872677,6386,5,9136.26818227,321
25,10,28982,12.599867,41.937846,7164,22,10374.4904907,203
26,10,28321,12.607769,41.876865,1503,2,9694.89221807,55
27,10,23703,12.597551,41.896031,6268,3,8756.33916151,257
28,10,29951,12.593765,41.908108,4895,2,8649.65821373,168
29,10,64141,12.537276,41.978243,913,4,10468.2570955,20
30,10,28382,12.546836,41.972419,5116,6,10192.5677772,95
31,10,64142,12.538681,41.972062,5900,5,9874.60474171,114
32,10,28752,12.597388,41.854553,1128,2,9576.84052035,76
33,10,28759,12.595675,41.848747,541,3,9735.54420587,56
34,10,51259,12.577858,41.818874,213,2,10637.3698981,40
35,10,30491,12.565143,41.813043,4197,9,10485.7777523,151
36,10,28732,12.494437,41.797071,3994,5,10342.3413809,158
37,10,30222,12.573649,41.818222,2396,4,10462.5021832,90
38,10,30028,12.572935,41.821599,2645,2,10139.5279396,113
39,10,1561,12.539252,41.82116,8399,5,8598.68609576,686
40,10,30382,12.524147,41.81011,7928,5,9276.84234454,576
41,10,28358,12.476711,41.798737,3169,7,10238.3405223,155
42,10,30492,12.579438,41.822448,2278,3,10435.6054535,102
43,10,28981,12.597507,41.937767,3026,6,10202.0668193,83
44,10,24062,12.529034,41.817426,7829,3,8635.75644143,617
45,10,26461,12.471735,41.799041,1572,4,10265.5712262,87
46,10,24061,12.523507,41.826879,6951,2,7491.56121038,621
47,10,24321,12.595581,41.938525,2867,3,10110.1732888,83
48,10,54562,12.555112,41.967969,4275,10,10088.6671024,84
49,10,54561,12.548522,41.974996,5206,12,10511.0884001,92
50,10,54563,12.548572,41.966923,5284,7,9717.62276268,111
51,10,28388,12.53811,41.976426,5956,7,10305.2196971,100
52,10,23703,12.612519,41.871978,2600,2,10178.824321,88
53,10,28377,12.467633,41.975773,5085,2,9725.91629328,53
54,10,23831,12.459262,41.982027,282,2,10564.5951499,4
55,10,28983,12.5688,41.958757,8101,9,9912.80794593,210
56,10,28999,12.608383,41.926059,963,3,10421.2078195,42
57,10,28511,12.610713,41.927123,756,2,10645.0129917,39
58,10,24027,12.595906,41.850973,350,2,9638.13218211,49
59,10,24029,12.589855,41.838875,1153,3,9900.81130154,94
60,10,46291,12.586941,41.834396,591,2,10004.3708262,71
61,10,30079,12.586941,41.834396,591,2,10004.3708262,71
62,10,10086029,12.548777,41.952596,791,160,8366.41130972,32
63,10,28391,12.58772,41.938596,3327,4,9568.33483921,102
64,10,30071,12.53103,41.919133,18071,3,4545.03806552,1526
65,10,54043,12.536039,41.976445,5252,3,10245.154923,87
66,10,10084454,12.477344,41.854752,994,5,4126.27831914,82
67,10,10084451,12.477716,41.854385,1318,15,4156.04306396,103
68,10,10084457,12.477263,41.856395,833,7,3954.78231647,71
69,10,10084169,12.408101,41.890088,2203,122,6990.51723024,39
70,10,10363646,12.433976,41.899066,95,5,4942.43321404,10
71,10,10411813,12.439343,41.901308,447,16,4567.87392067,9
72,10,10412500,12.45936,41.907861,1362,101,3368.29253148,75
73,10,28812,12.471287,41.903484,28,3,2288.12666913,11
74,10,10413499,12.470776,41.907394,555,73,2618.77974152,31
75,10,30061,12.468889,41.905133,103,10,2558.35529421,18
76,10,10412280,12.471631,41.910972,1019,152,2878.77004955,51
77,10,10412462,12.477586,41.908439,338,68,2369.22816407,17
78,10,10412039,12.478744,41.905928,2,6,2081.70105917,12
79,10,10412042,12.47978,41.906079,245,28,2050.85027852,19
80,10,10412917,12.482222,41.90629,31,5,1976.94037989,11
81,10,29811,12.481417,41.90549,306,3,1927.33068315,23
82,10,10412911,12.482443,41.907109,329,36,2052.27099715,20
83,10,10412914,12.483148,41.906108,22,5,1926.99559132,11
84,10,10414605,12.482616,41.905762,98,20,1909.96993189,15
85,10,28771,12.483789,41.903551,1485,3,1646.3309687,97
86,10,29637,12.48039,41.909816,35,5,2396.23865343,10
87,10,10363625,12.476549,41.908586,1306,8,2428.52615699,86
88,10,10414277,12.482643,41.91194,204,42,2547.8387803,16
89,10,29711,12.482781,41.913288,29,5,2686.9279226,11
90,10,46712,12.481784,41.912137,259,4,2591.80349546,16
91,10,30441,12.482824,41.912909,72,10,2645.667916,12
92,10,10411871,12.482391,41.912325,1,2,2595.02172366,11
93,10,10411874,12.481394,41.911465,162,19,2533.08849368,12
94,10,10412459,12.472832,41.910226,825,263,2752.98811113,37
95,10,10362330,12.470328,41.91299,419,54,3123.49115132,16
96,10,10362413,12.475582,41.909567,240,44,2563.56775575,13
97,10,10362333,12.469125,41.916104,1,2,3464.5696718,8
98,10,10412179,12.510906,41.925112,10,3,4175.55558675,8
99,10,10398700,12.515514,41.928029,142,11,4623.78612094,13
100,10,10398702,12.516078,41.928347,88,10,4675.45279226,13
101,10,10398699,12.515997,41.928309,141,8,4668.79535033,13
102,10,10398704,12.513284,41.928585,76,9,4607.05923365,8
103,10,10398703,12.515227,41.928964,112,4,4708.76147894,13
104,10,10086541,12.601221,41.855915,4102,52,9807.7310662,189
105,10,10034030,12.613812,41.903387,4048,134,10187.3220922,109
106,10,582112,12.464753,41.832628,38,4,6789.34691323,28
107,10,25242048,12.513608,41.886008,8,2,1825.49041929,13
108,10,582380,12.484494,41.947808,452,293,6434.54545165,12
109,10,582381,12.481517,41.951017,188,58,6817.32686651,11
110,10,582379,12.484544,41.950367,130,20,6716.98493047,11
111,10,647027,12.477165,41.937797,99,13,5437.25455393,3
112,10,583360,12.468857,41.937028,514,51,5556.70331747,6
113,10,583359,12.467568,41.939064,701,55,5806.00772796,14
114,10,581481,12.473548,41.937341,30,8,5465.86156981,5
115,10,584340,12.464507,41.944992,37,9,6511.66615593,4
116,10,581430,12.465677,41.944867,55,19,6464.84897525,4
117,10,568461,12.467888,41.942666,36,15,6173.03799702,9
118,10,582331,12.468056,41.942718,3,12,6173.93316798,6
119,10,583802,12.467746,41.942465,4,3,6155.8497654,6
120,10,64042,12.46786,41.942768,3,2,6184.50135879,7
121,10,1631,12.467839,41.942777,8,2,6186.01757544,7
122,10,647028,12.48347,41.944785,992,57,6110.2250805,19
123,10,647247,12.541802,41.862864,587,166,5105.3772715,26
124,10,647246,12.550923,41.863437,310,34,5698.63793953,27
125,10,647245,12.546582,41.864897,447,76,5306.76581279,27
126,10,648525,12.545321,41.864767,900,24,5226.01835018,38
127,10,649986,12.534272,41.860842,692,124,4768.12175808,31
128,10,29833,12.541195,41.86089,1001,28,5199.2540676,44
129,10,29612,12.52986,41.855084,537,42,4989.56684838,39
130,10,29392,12.528875,41.855833,678,41,4873.53135711,46
131,10,649987,12.519399,41.856447,665,168,4368.24294599,46
132,10,582020,12.511828,41.856369,951,101,4088.64117279,57
133,10,581590,12.507886,41.858121,840,25,3786.99177102,53
134,10,582019,12.501803,41.859539,289,54,3492.21621792,36
135,10,581594,12.489192,41.853558,1043,71,4075.19747076,86
136,10,28611,12.481181,41.84786,23,7,4790.03137418,31
137,10,28612,12.480679,41.847375,74,11,4851.03547945,33
138,10,566781,12.477356,41.84451,462,29,5221.98049394,46
139,10,581731,12.479781,41.846568,466,100,4954.04443077,52
140,10,581629,12.474808,41.840989,511,85,5653.30443993,42
141,10,582109,12.472519,41.836523,1077,96,6181.81254417,71
142,10,551572,12.469991,41.832076,120,18,6714.17723981,35
143,10,582110,12.469021,41.830343,1197,115,6921.47042287,73
144,10,582111,12.466052,41.826936,446,113,7354.90668439,39
145,10,568739,12.465297,41.823249,209,53,7764.84604032,34
146,10,568742,12.467342,41.824645,644,118,7568.23138212,53
147,10,568743,12.456832,41.806405,1618,301,9760.03489467,103
148,10,549040,12.453206,41.800825,379,49,10442.3327583,33
149,10,549039,12.456638,41.800425,57,14,10399.7616636,26
150,10,647077,12.461444,41.799844,340,67,10355.6132034,32
151,10,581593,12.498501,41.859613,265,54,3432.75140915,38
152,10,28899,12.491419,41.854987,548,67,3908.87080164,52
153,10,28617,12.486172,41.851247,42,9,4353.67012562,34
154,10,21437,12.483589,41.849415,276,40,4584.828098,42
155,10,21439,12.479577,41.84655,43,12,4959.58725506,31
156,10,647078,12.456929,41.807935,75,6,9595.69160203,30
157,10,581969,12.464328,41.81826,217,45,8319.01422456,38
158,10,30087,12.464745,41.817977,7,3,8339.62214724,32
159,10,646917,12.466844,41.819149,287,53,8167.63758542,40
160,10,646920,12.469323,41.819818,121,27,8044.53064391,31
161,10,28342,12.469789,41.831195,187,25,6812.86746058,35
162,10,28348,12.471265,41.833829,65,10,6497.9953492,31
163,10,581730,12.486931,41.848976,349,63,4597.69044165,42
164,10,566780,12.488794,41.848102,33,7,4682.07441366,28
165,10,566779,12.491054,41.849721,36,13,4494.2849112,28
166,10,581729,12.492019,41.850411,83,25,4416.47173621,28
167,10,569080,12.496083,41.8513,280,72,4328.87518244,33
168,10,569079,12.50958,41.853131,943,172,4356.35708022,52
169,10,646957,12.513442,41.852286,325,28,4558.50670429,31
170,10,647906,12.518094,41.857343,70,14,4227.37096278,31
171,10,648526,12.527731,41.853323,265,42,5038.7348628,31
172,10,28293,12.531522,41.856457,203,23,4960.73117654,25
173,10,648027,12.554821,41.862996,179,46,6001.68632461,25
174,10,29319,12.555841,41.862426,26,6,6106.74288652,21
175,10,649005,12.554177,41.861779,226,33,6025.22273116,27
176,10,649007,12.55323,41.862065,230,45,5941.61967308,26
177,10,24752,12.463658,41.84898,5745,4,5157.5317293,526
178,10,59881,12.442523,41.811792,43,4,9638.44428544,15
179,10,58753,12.437129,41.819567,43,3,9083.66261083,9
180,10,57112,12.478145,41.855408,1,2,4036.96809599,34
181,10,57832,12.471559,41.860061,6061,4,3762.90541215,670
182,10,29821,12.436949,41.817647,613,4,9275.8324625,19
183,10,57411,12.479875,41.870971,7406,5,2370.18010557,868
184,10,5991,12.506402,41.904807,40,2,2001.35367264,9
185,10,57931,12.503679,41.903301,399,2,1735.79922548,16
186,10,29472,12.468443,41.881382,2986,2,2210.06901246,267
187,10,29478,12.47805,41.855438,15,3,4036.09044919,34
188,10,7571,12.50559,41.903705,39,4,1862.71168036,10
189,10,57682,12.455053,41.860709,5183,2,4503.99286139,443
190,10,58583,12.503357,41.904389,322,7,1824.93736124,12
191,10,56821,12.500234,41.907139,42,3,1995.29002125,6
192,10,50594049,12.541637,41.866062,2256,6,4891.12161612,108
193,10,6219088,12.538275,41.869358,51,4,4459.71076559,15
194,10,6219089,12.535087,41.866726,18,3,4402.08903744,17
195,10,597647,12.595379,41.836585,18,11,10422.5409418,40
196,10,30378,12.382352,41.935714,109,2,10432.5682529,5
197,10,54242,12.385099,41.909676,507,2,9158.04340461,9
198,10,45217,12.436152,41.936927,698,2,6977.8529967,5
199,10,46293,12.592537,41.841596,572,3,9915.95466803,65
200,10,28353,12.480987,41.800308,50,2,10025.6957615,38
201,10,23962,12.590777,41.838267,58,2,10002.3156442,51
202,10,28879,12.452122,41.826894,425,7,7781.12301203,39
203,10,10086632,12.440854,41.941427,13,4,7116.60858485,4
204,10,10086629,12.440804,41.941467,13,4,7122.65098263,4
205,10,10084612,12.421049,41.941096,21,3,8183.01247886,6
206,10,10035836,12.454034,41.814302,1382,2,9007.15315916,100
207,10,10035830,12.458716,41.824376,923,3,7823.00813457,74
208,10,10084609,12.421607,41.941039,84,4,8145.23112414,6
209,10,10068510,12.419592,41.943592,1638,6,8462.71073757,10
210,10,10084429,12.547966,41.864667,1,2,5417.92057472,19
211,10,10084432,12.548025,41.86474,8,2,5417.86162541,19
212,10,10086880,12.568406,41.833029,488,4,8954.49235862,39
213,10,10413761,12.457754,41.936914,359,5,5931.40650699,4
214,10,10086879,12.587996,41.834798,409,7,10045.878367,60
215,10,10086881,12.585468,41.842565,211,7,9367.73180784,51
216,10,10065561,12.584069,41.843404,32,2,9219.21908496,43
217,10,10085031,12.570921,41.815017,28,2,10595.9635569,26
218,10,10084700,12.5828,41.840883,387,12,9294.61896636,61
219,10,10084706,12.583047,41.841041,336,4,9300.88413618,60
220,10,10032739,12.458704,41.816054,4719,21,8693.12957512,308
221,10,10086774,12.459894,41.8184,477,2,8414.61643777,54
222,10,10034219,12.611162,41.882503,753,69,9899.46353,37
223,10,10085346,12.602518,41.865237,762,29,9556.68040252,43
224,10,10085340,12.604817,41.864472,287,2,9764.0414488,32
225,10,10087221,12.574381,41.880017,18,2,6902.91324982,17
226,10,10085149,12.574148,41.879824,13,2,6887.3903429,15
227,10,10084832,12.469825,41.833992,207,5,6513.8475854,36
228,10,10084835,12.469956,41.834402,218,7,6467.10148125,35
229,10,10084615,12.421396,41.940991,39,5,8154.15943835,6
230,10,10412399,12.502807,41.902016,22,2,1576.73721095,10
231,10,10413054,12.52496,41.871597,69,6,3404.74722281,13
232,10,10412776,12.523966,41.871361,5,2,3355.75188064,14
233,10,10413051,12.52338,41.871428,6,2,3313.14596288,14
234,10,10398780,12.520131,41.933668,20,4,5353.38362364,9
235,10,10381980,12.455014,41.911125,16,4,3873.53915351,7
236,10,10401939,12.486964,41.897419,150,2,919.847012248,11
237,10,10035833,12.454377,41.826765,20,2,7715.71605951,32
238,10,10412525,12.505433,41.908265,163,3,2284.76504738,7
239,10,10362490,12.469666,41.943744,0,2,6240.23001552,5
240,10,10414631,12.535884,41.887715,52,2,3624.96208937,12
241,10,10084436,12.550042,41.859906,6,3,5852.58888296,20
242,10,10084433,12.549933,41.859962,8,5,5841.60766256,20
243,10,10084430,12.550009,41.859932,9,7,5848.68694309,20
244,10,9510114,12.442984,41.830228,16120,2,7817.87009152,1355
245,10,10084762,12.565581,41.897384,415,28,6131.4376404,28
246,10,10084759,12.566259,41.898597,1056,27,6206.04742811,38
247,10,10084765,12.566007,41.897459,164,8,6167.57347718,25
248,10,10084287,12.565498,41.901198,481,2,6194.08511967,30
249,10,10414720,12.531321,41.911194,232,11,3989.86844369,13
250,10,28357,12.48217,41.801379,52,5,9898.41267585,43
251,10,10084266,12.482525,41.801327,3,2,9901.69880624,40
252,10,10085341,12.612757,41.89204,4291,329,9996.52857748,127
253,10,10085344,12.604707,41.871248,1822,249,9561.71672631,65
254,10,10085345,12.609125,41.879031,2038,231,9772.60977118,61
255,10,10059920,12.482309,41.801572,65,8,9876.07478312,43
256,10,10084259,12.481826,41.801624,6,3,9873.78322564,42
257,10,10059926,12.482281,41.801499,61,8,9884.35016049,43
258,10,10412234,12.504487,41.880263,38,10,1493.16278516,18
259,10,10412237,12.504522,41.880279,35,9,1493.81930763,18
260,10,10412231,12.504625,41.880349,23,7,1493.93459267,17
261,10,10085241,12.591473,41.868409,12,3,8577.18823729,23
262,10,10411909,12.488143,41.979273,11081,12,9902.60986373,316
263,10,10413629,12.560518,41.945124,36,5,8321.66375583,25
264,10,10085949,12.56031,41.944768,88,11,8280.95576398,26
265,10,10085952,12.558461,41.944937,233,5,8191.19335716,30
266,10,10085355,12.598192,41.855568,281,2,9591.87107807,41
267,10,10396149,12.525973,41.911537,47,4,3663.84380513,12
268,10,10084262,12.481614,41.801495,44,2,9889.62432578,43
269,10,10065567,12.576254,41.837913,965,2,9068.84528578,73
270,10,10085441,12.497716,41.98283,34,4,10301.2882233,14
271,10,10085444,12.497035,41.98296,66,4,10313.4234288,14
272,10,10086159,12.580441,41.887688,4095,6,7317.86809382,167
273,10,10067353,12.375479,41.917667,10,2,10165.3687089,5
274,10,10085543,12.5153,41.970153,69,2,9085.50915481,14
275,10,10085955,12.554496,41.94559,47,2,8030.08197185,21
276,10,10071114,12.564528,41.951602,1181,76,9078.63167397,39
277,10,10071113,12.556172,41.948766,410,43,8390.55152896,27
278,10,10085951,12.551748,41.947145,31,7,8021.12251566,20
279,10,10414840,12.543602,41.940608,949,11,7033.71977491,31
280,10,10414843,12.543148,41.940699,48,4,7019.08450805,19
281,10,10065670,12.551259,41.944969,792,9,7806.44131581,36
282,10,10071110,12.553557,41.945224,276,24,7948.97472595,30
283,10,10085957,12.557172,41.94163,548,6,7848.6734845,29
284,10,10084761,12.563434,41.89384,23,4,5914.92731927,18
285,10,10414721,12.526083,41.911969,24,3,3701.99485864,12
286,10,29317,12.56928,41.865092,39,2,6968.53237582,21
287,10,29673,12.569843,41.864895,87,2,7020.12621029,21
288,10,10413394,12.534981,41.870015,4,4,4188.80313785,14
289,10,10413391,12.535003,41.870259,0,2,4175.92311642,14
290,10,10085630,12.565982,41.888547,10,4,6115.2675323,13
291,10,10412049,12.518173,41.888617,263,4,2151.68508144,19
292,10,10413922,12.512741,41.892219,59,4,1709.0378436,19
293,10,10413923,12.510987,41.890274,299,18,1548.35817882,26
294,10,10412402,12.501663,41.899708,2,2,1312.00795083,9
295,10,28632,12.439926,41.853246,81,6,5979.06995705,11
296,10,46613,12.455599,41.907986,3,5,3633.90905514,9
297,10,801,12.466804,41.949755,25,4,6948.41145425,4
298,10,10403281,12.466756,41.949742,9,3,6948.25104462,4
299,10,17684000,12.444781,41.87526,131,5,4280.27277711,23
300,10,10085170,12.441452,41.872042,502,4,4678.77469175,26
301,10,10084953,12.443032,41.876283,69,7,4373.09460188,19
302,10,10414849,12.529118,41.869037,198,3,3851.68661965,16
303,10,10414852,12.528889,41.869109,218,4,3831.74491089,17
304,10,10067290,12.410973,41.820166,350,792,10300.629212,10
305,10,10413864,12.530916,41.933634,836,5,5792.26566611,21
306,10,10411863,12.481169,41.900269,428,9,1454.47806017,19
307,10,10411860,12.481135,41.901529,179,4,1566.58332809,14
308,10,10414033,12.48235,41.872906,328,11,2089.15105492,34
309,10,10414030,12.482857,41.870365,794,7,2336.41459646,59
310,10,10035829,12.466278,41.829223,956,8,7106.97930996,64
311,10,10364682,12.482354,41.869774,374,3,2412.34319359,34
312,10,10392769,12.522131,41.908672,40,3,3215.08142845,8
313,10,10085071,12.441139,41.857356,587,5,5598.73099862,22
314,10,10085069,12.441926,41.859101,87,2,5423.92177503,10
315,10,10085012,12.558226,41.808002,307,3,10641.6247837,15
316,10,10085226,12.571736,41.84916,0,2,8012.98264411,26
317,10,10085379,12.432854,41.867466,1087,2,5543.95307503,25
318,10,10085382,12.432056,41.870086,762,2,5478.10606629,22
319,10,10396221,12.439957,41.864582,386,3,5194.27422602,14
320,10,10084951,12.441732,41.874321,548,5,4554.01946025,28
321,10,10085220,12.571562,41.849466,1314,3,7981.78835625,63
322,10,10085169,12.443574,41.868977,64,3,4682.09977664,15
323,10,10084950,12.442949,41.875551,145,4,4408.86075655,24
324,10,10085173,12.442023,41.874419,155,7,4527.53249819,22
325,10,10061342,12.413703,41.888929,277,3,6527.10503722,12
326,10,10084882,12.410619,41.89152,6861,25,6783.10863637,372
327,10,10084171,12.376703,41.886531,509,2,9605.11687681,10
328,10,10084954,12.439479,41.876393,760,5,4646.160665,31
329,10,10087219,12.584554,41.889428,14,3,7654.36156722,21
330,10,28633,12.439335,41.854313,3,5,5934.65650977,10
331,10,10032861,12.573367,41.892369,15,5,6729.73283316,20
332,10,29471,12.472692,41.863942,1434,6,3338.58503584,112
333,10,10395653,12.46588,41.861286,26,2,3887.90326163,18
334,10,10398779,12.510751,41.938548,171,2,5586.1750308,9
335,10,10085733,12.489746,41.816192,20,9,8219.90512735,22
336,10,10412192,12.473976,41.884468,85,2,1649.93648816,15
337,10,10412189,12.47393,41.884334,79,4,1659.224474,14
338,10,10412864,12.483283,41.922529,12,11,3671.40304561,5
339,10,10084704,12.580539,41.844577,1000,21,8903.81937203,74
340,10,10084707,12.581865,41.849373,373,3,8705.5519917,38
341,10,10084701,12.580883,41.842639,818,18,9051.26178673,70
342,10,10035832,12.470792,41.828802,53,4,7047.22291465,29
343,10,10087222,12.579697,41.882697,6,2,7298.58486326,19
344,10,10084480,12.499016,41.832979,18,27,6376.77459599,21
345,10,10067852,12.445249,41.962254,36,3,8907.86085962,3
346,10,28623,12.441371,41.876293,235,4,4501.97857997,24
347,10,10086190,12.559612,41.854789,378,3,6829.53708429,26
348,10,28932,12.441445,41.87428,109,10,4577.75358972,21
349,10,10084067,12.49386,41.974479,11,2,9364.8921225,13
350,10,10084064,12.493951,41.97445,4,2,9361.77658615,13
351,10,10084063,12.517871,41.983123,2200,6,10539.1834922,26
352,10,10411864,12.480819,41.900743,74,3,1513.60499758,14
353,10,10411861,12.480947,41.90124,120,3,1550.31468334,14
354,10,10412255,12.481586,41.88849,24,4,911.154004121,18
355,10,10412249,12.480397,41.890172,56,2,990.439341119,16
356,10,10413913,12.516186,41.928842,34,2,4729.10997192,13
357,10,10398703,12.516116,41.928602,7,2,4702.47418161,13
358,10,2461,12.519125,41.912991,30,2,3371.41996886,9
359,10,45291,12.525857,41.916358,17,2,4024.61786116,10
360,10,10412412,12.525577,41.916313,6,2,4004.96963666,10
361,10,10412916,12.48466,41.902705,9,3,1530.60200828,9
362,10,10086101,12.558133,41.835181,2,3,8194.93138458,27
363,10,10066059,12.423394,41.853226,404,6,7042.20672105,8
364,10,10066062,12.424009,41.853897,33,12,6957.32978006,8
365,10,10085256,12.426455,41.809624,46,3,10486.6653791,7
366,10,10085250,12.426426,41.809107,1,2,10536.960033,6
367,10,28758,12.606157,41.862329,12,2,9942.06819245,24
368,10,10411814,12.431787,41.899765,29,5,5136.07111476,6
369,10,10414199,12.462195,41.928147,11,3,4903.24184895,3
370,10,10086789,12.560725,41.89799,14,5,5741.90594722,20
371,10,10414032,12.483847,41.874909,212,4,1835.81949641,22
372,10,10396221,12.443216,41.867502,622,7,4791.87765922,21
373,10,51821,12.430896,41.863632,145,22,5890.46656735,10
374,10,10084703,12.582397,41.840163,38,11,9315.09927139,44
375,10,10416094,12.516978,41.947297,29,6,6666.16192593,12
376,10,30201,12.566639,41.899238,29,3,6248.27057465,24
377,10,10084281,12.571287,41.900421,709,7,6650.41101119,31
378,10,10067339,12.435364,41.97317,13,4,10358.9129899,3
379,10,10032740,12.457988,41.814953,239,2,8828.0598579,33
380,10,10084692,12.456755,41.822683,290,3,8057.2342404,42
381,10,10084695,12.456124,41.822642,266,2,8080.81907303,42
382,10,10084890,12.458608,41.8283,455,2,7420.83348691,42
383,10,10034942,12.468818,41.833398,584,5,6601.32199,49
384,10,10085470,12.560678,41.902533,849,7,5835.5622819,37
385,10,10413289,12.519964,41.881772,103,4,2476.04983313,11
386,10,10412054,12.516892,41.889089,824,3,2041.9628006,42
387,10,10412051,12.516564,41.884472,176,2,2108.58526313,14
388,10,10084649,12.412167,41.908781,47,6,6965.77619909,6
389,10,10084655,12.412249,41.908712,20,7,6957.00964592,6
390,10,10085694,12.413047,41.911259,245,2,6983.38434528,6
391,10,10085691,12.413518,41.911881,323,3,6970.14325425,6
392,10,10413393,12.53516,41.865874,4,2,4463.57005039,18
393,10,10413396,12.535147,41.86589,3,2,4461.63571218,18
394,10,10413419,12.52571,41.893127,82,11,2789.52496999,12
395,10,10413422,12.525816,41.893132,28,5,2798.32622462,12
396,10,10084282,12.574191,41.901292,253,2,6904.57196834,25
397,10,10084897,12.452942,41.826934,37,3,7748.1236866,31
398,10,10084891,12.464312,41.829622,1115,10,7116.45759868,75
399,10,50594049,12.45282,41.82688,43,2,7757.84046931,31
400,10,2964220,12.421154,41.934723,1,2,7704.27170202,5
401,10,2984182,12.475265,41.899495,99,9,1754.37999251,13
402,10,2987207,12.474639,41.89741,227,9,1673.86722796,17
403,10,2987747,12.500794,41.834932,306,3,6175.75686069,23
404,10,2991542,12.475824,41.900643,55,3,1796.90728471,11
405,10,2991550,12.476317,41.900823,23,3,1779.14493178,10
406,10,2991637,12.476546,41.899868,67,6,1695.74032836,13
407,10,2999944,12.479096,41.904193,13,2,1905.56563418,9
408,10,3002543,12.433567,41.899429,18,11,4983.84201685,8
409,10,2787775,12.433565,41.899433,13,6,4984.09593648,8
410,10,3004507,12.577661,41.888895,1,4,7083.29163496,20
411,10,3009810,12.569673,41.927937,661,6,7666.23982028,27
412,10,3010012,12.509839,41.894773,5,2,1540.20406344,12
413,10,3010018,12.509811,41.89467,11,3,1534.25068306,12
414,10,3013559,12.45644,41.902025,11,5,3256.37715212,12
415,10,3013563,12.456399,41.902022,8,7,3259.35493387,12
416,10,3013588,12.456411,41.902048,11,7,3259.61084597,12
417,10,10412783,12.477464,41.949015,141,11,6651.02631087,9
418,10,10412780,12.477122,41.949012,242,14,6656.01824673,9
419,10,10412781,12.477702,41.94897,44,21,6642.47953474,9
420,10,10069505,12.49028,41.857597,288,4,3622.2472862,40
421,10,10412490,12.489496,41.858232,76,6,3555.51115938,34
422,10,10412493,12.489444,41.858146,15,3,3565.32991065,33
423,10,10365814,12.46563,41.896476,425,8,2323.85005519,22
424,10,10412466,12.459987,41.898371,28,3,2834.39907532,10
425,10,10395504,12.471773,41.891884,374,22,1716.70033428,25
426,10,10395502,12.473873,41.890221,141,8,1531.89483443,20
427,10,10413363,12.515412,41.865255,1174,2,3366.12194245,64
428,10,24393,12.376347,41.870885,693,2,9862.79922553,14
429,10,24391,12.386507,41.882193,502,3,8827.81398072,10
430,10,10412784,12.47784,41.948904,13,9,6633.18821163,9
431,10,17674271,12.437894,41.822485,1796,2,8772.41850697,92
432,10,10036052,12.475511,41.832473,36,3,6559.17557092,27
433,10,10413427,12.518452,41.900145,187,30,2434.27158122,17
434,10,10413421,12.519103,41.900742,231,11,2512.77800075,17
435,10,10413424,12.518112,41.899486,257,6,2376.42797006,21
436,10,10362789,12.517434,41.899926,14,4,2348.03799712,13
437,10,10362792,12.517398,41.899283,77,27,2313.27800973,17
438,10,10362790,12.517102,41.898942,229,37,2274.74564387,21
439,10,10412586,12.517711,41.899256,21,3,2335.36723387,15
440,10,10413427,12.5177,41.89939,3,2,2341.01232482,15
441,10,10362793,12.516434,41.89873,117,24,2214.57079582,15
442,10,10362794,12.513738,41.897618,96,2,1959.55673859,13
443,10,10362791,12.515163,41.897438,78,25,2059.45887399,13
444,10,10413420,12.51506,41.894182,427,5,1938.13577886,30
445,10,10413423,12.515101,41.896604,7,2,2020.15554282,11
446,10,10413426,12.515072,41.896593,1,2,2017.47249782,11
447,10,41626,12.58746,41.86246,7,2,8475.46213707,20
448,10,41624,12.588355,41.862338,99,6,8549.62449893,22
449,10,41621,12.588712,41.862278,70,10,8579.66854573,21
450,10,10084319,12.427656,41.900093,111,4,5479.09167819,7
451,10,10085045,12.417737,41.879919,19,5,6295.16426227,9
452,10,10413766,12.475553,41.935653,20,4,5239.8071799,6
453,10,10412783,12.475659,41.93565,7,2,5237.15648567,6
454,10,10413763,12.475705,41.935685,5,3,5239.90007105,5
455,10,10413766,12.475308,41.935681,30,5,5248.23859122,5
456,10,10087079,12.607336,41.856435,4,2,10256.215889,21
457,10,10065250,12.442382,41.810716,7,2,9751.51569783,15
458,10,10086892,12.442342,41.810771,4,2,9747.40091873,15
459,10,23999,12.438612,41.973754,76,6,10297.2829232,3
460,10,28443,12.543251,41.876665,13,3,4484.85686255,14
461,10,10412214,12.54407,41.877,73,3,4536.82861177,15
462,10,10412211,12.543629,41.876655,27,4,4514.80560133,16
463,10,10412217,12.543689,41.876575,2,2,4522.4647982,15
464,10,10084071,12.569422,41.92504,945,7,7477.32662488,29
465,10,10413012,12.460355,41.90383,493,31,3056.47994471,46
466,10,10086320,12.562632,41.930862,143,8,7378.65980968,25
467,10,10086323,12.562793,41.930998,1,2,7398.46695086,23
468,10,10084074,12.525407,41.916981,4758,14,4049.49660992,291
469,10,53691,12.573167,41.91021,25,2,7067.34149863,23
470,10,10413203,12.464843,41.904329,464,14,2770.46004912,47
471,10,10413206,12.463905,41.904872,365,13,2868.77470775,45
472,10,10363619,12.46329,41.904126,1,2,2865.24332532,17
473,10,10413200,12.463646,41.905086,273,7,2899.98062193,39
474,10,10413009,12.460097,41.903897,193,32,3078.76200821,19
475,10,29639,12.465847,41.903989,26,8,2680.48308125,27
476,10,30127,12.463393,41.904027,386,4,2852.11185607,43
477,10,10413583,12.465152,41.902815,503,16,2656.82365013,49
478,10,10413580,12.464825,41.902287,274,7,2649.64943393,37
479,10,10412281,12.466018,41.904146,26,3,2678.92326772,25
480,10,10412284,12.46569,41.904088,78,6,2697.45950594,30
481,10,10413586,12.465363,41.903072,129,10,2657.25290989,30
482,10,10413010,12.464873,41.903352,129,2,2708.2661097,31
483,10,10413013,12.46316,41.902464,20,2,2779.16921744,21
484,10,10413582,12.462639,41.903023,55,2,2847.50800076,23
485,10,10413585,12.463357,41.902798,81,4,2783.43954726,27
486,10,10413011,12.463061,41.903157,29,3,2824.8270272,22
487,10,10413014,12.462427,41.902981,22,4,2860.42257426,21
488,10,10360469,12.452818,41.907215,65,3,3786.02285771,9
489,10,17687584,12.457769,41.879202,10,16,3116.73762424,12
490,10,10412579,12.532845,41.909764,13,9,4004.63773322,12
491,10,30481,12.560053,41.906256,2,2,5896.83733423,19
492,10,10085475,12.553126,41.905521,591,3,5325.19456642,24
493,10,10084242,12.545936,41.907967,148,2,4867.53379167,14
494,10,10411800,12.469333,41.86224,248,3,3642.85578607,28
495,10,10411803,12.470762,41.862483,77,7,3558.76186317,22
496,10,10086874,12.589404,41.948222,157,11,10315.9170534,26
497,10,10379849,12.541839,41.891663,116,3,4112.10486907,12
498,10,10413501,12.465989,41.904133,8,2,2680.04970052,22
499,10,10084099,12.482189,41.820886,30,4,7741.68387118,22
500,10,10084449,12.48403,41.854884,7,7,3979.69464319,33
501,10,10084452,12.484065,41.854859,0,2,3981.92776558,33
502,10,10054292,12.474131,41.836296,14,4,6171.995313,25
503,10,10413525,12.529727,41.881293,19,5,3256.76707426,15
504,10,10413522,12.529636,41.881244,16,23,3251.22684927,15
505,10,10413015,12.461721,41.90371,392,12,2951.79424188,41
506,10,10403380,12.529623,41.881274,27,5,3249.18341229,16
507,10,10413519,12.529586,41.881262,6,4,3246.66448494,15
508,10,10411811,12.432292,41.897377,43,2,5046.38152866,8
509,10,10085410,12.521537,41.951698,27,7,7250.44413091,13
510,10,10085413,12.521515,41.951903,14,2,7271.3000347,13
511,10,10085730,12.489498,41.816268,29,2,8212.03087585,22
512,10,30379,12.380083,41.934236,172,2,10520.325824,5
513,10,10054284,12.467613,41.819339,11,2,8130.901876,29
514,10,10032742,12.464142,41.822135,1405,5,7911.22547623,91
515,10,10084689,12.456693,41.823689,265,6,7955.28955886,40
516,10,10061340,12.417055,41.889147,858,5,6248.47558611,28
517,10,10084949,12.437178,41.889165,307,2,4578.72186595,14
518,10,10084955,12.440722,41.884365,398,2,4331.68887767,18
519,10,10032979,12.449476,41.876902,60,2,3850.35729664,15
520,10,10059135,12.515702,41.831022,751,5,6850.5250602,30
521,10,10088422,12.474758,41.822575,1793,9,7648.62715411,118
522,10,1543,12.383698,41.838902,1008,2,10666.7248765,12
523,10,64127,12.377098,41.856339,1007,2,10277.7376403,19
524,10,64129,12.383698,41.838902,1008,2,10666.7248765,12
525,10,64122,12.383698,41.838902,1008,2,10666.7248765,12
526,10,10084253,12.594212,41.83963,1926,5,10152.1259346,120
527,10,10412287,12.466485,41.904884,299,4,2696.29257084,38
528,10,10084879,12.40719,41.891685,316,17,7068.02502851,16
529,10,10412603,12.480124,41.892135,405,4,1036.25422606,30
530,10,10412653,12.48061,41.888649,528,7,987.391090582,40
531,10,10387830,12.485122,41.885678,553,4,779.262238523,35
532,10,10408646,12.492436,41.882283,2820,109,876.394111157,278
533,10,10084640,12.441575,41.913716,8,3,4957.39328826,6
534,10,28232,12.465817,41.904032,108,11,2685.25908688,33
535,10,10071391,12.367092,41.868263,1347,4,10676.7845891,17
536,10,30121,12.465447,41.903858,8,3,2699.54797069,25
537,10,46611,12.464144,41.904069,455,5,2802.40719935,46
538,10,56991,12.465463,41.903803,1,3,2695.01522346,25
539,10,10412106,12.502647,41.899319,20,2,1328.48260709,10
540,10,10061343,12.420167,41.888439,105,2,5992.2888176,11
541,10,10362263,12.499788,41.898309,7,7,1095.25910205,9
542,10,29633,12.466115,41.903991,12,2,2662.40698613,22
543,10,10084174,12.368352,41.86849,692,6,10569.1840115,12
544,10,10086564,12.60059,41.912119,3,2,9308.04992126,24
545,10,10084296,12.569671,41.922446,6,2,7350.38687105,22
546,10,10086693,12.515919,41.963347,1,3,8359.74964291,13
547,10,29691,12.409982,41.890964,3839,16,6834.91880312,99
548,10,10414031,12.480367,41.872812,97,3,2168.99260228,24
549,10,10411989,12.499007,41.87233,2728,21,2057.85264547,241
550,10,10414031,12.479749,41.872951,94,3,2179.38899475,23
551,10,10395630,12.470064,41.871559,196,2,2773.1882956,22
552,10,10084952,12.4455,41.881645,2186,7,4000.65749451,73
553,10,10084932,12.42982,41.891515,62,3,5190.06644069,12
554,10,10061343,12.41501,41.888821,280,2,6418.93160254,13
555,10,10061342,12.412712,41.890545,27,2,6607.93521906,11
556,10,10085883,12.411627,41.893081,13,2,6705.50442025,10
557,10,10084882,12.407493,41.891936,44,3,7043.59169633,15
558,10,29697,12.407441,41.891609,112,8,7047.00797679,16
559,10,10396993,12.504063,41.872449,392,3,2196.30991492,37
560,10,10413361,12.507961,41.876281,12,2,2015.90910707,17
561,10,10413331,12.512631,41.87507,113,2,2377.62633259,19
562,10,10413334,12.512556,41.875124,216,3,2368.98250668,19
563,10,10375503,12.517708,41.876366,7,2,2605.4702124,11
564,10,10375499,12.522932,41.877182,105,3,2921.17515434,14
565,10,10413521,12.527688,41.880437,109,4,3127.51154481,12
566,10,10413519,12.529192,41.880415,166,8,3245.74582093,20
567,10,10412283,12.46997,41.90648,163,9,2593.01705425,16
568,10,10412286,12.470031,41.907121,133,8,2639.68203661,13
569,10,10362504,12.484625,41.916522,438,15,2995.65632127,14
570,10,10362501,12.485016,41.91648,486,15,2984.33178493,17
571,10,10382337,12.489568,41.917483,242,11,3042.01180625,10
572,10,10382330,12.489143,41.913983,410,4,2657.80691903,14
573,10,10382336,12.490864,41.913244,79,3,2565.41734357,10
574,10,10411875,12.490478,41.912744,50,4,2511.70266147,10
575,10,10362332,12.477634,41.919169,168,3,3443.77047958,5
576,10,10412467,12.474423,41.915779,29,2,3208.87816289,9
577,10,10362409,12.470604,41.914477,57,3,3246.14387977,11
578,10,10413703,12.466745,41.913486,142,3,3348.50333144,12
579,10,10363619,12.458656,41.90651,683,11,3331.8976224,48
580,10,10363625,12.458003,41.90619,79,19,3358.51738575,13
581,10,10413207,12.458215,41.906531,186,8,3363.90771069,16
582,10,10363622,12.458307,41.906139,60,12,3334.1318803,13
583,10,10413201,12.457991,41.907158,9,3,3417.49952582,11
584,10,10413204,12.457963,41.906988,15,3,3409.05918311,12
585,10,10413204,12.459222,41.904767,151,3,3190.03779053,21
586,10,10084885,12.407138,41.891085,258,4,7071.10385589,16
587,10,10084930,12.421205,41.889193,352,2,5904.01371382,15
588,10,10084952,12.439409,41.885251,1546,6,4426.21919974,45
589,10,10411992,12.497469,41.871787,987,5,2086.20831414,72
590,10,10396990,12.505374,41.873408,294,2,2153.95029297,34
591,10,10412233,12.509674,41.875294,166,2,2191.66076903,23
592,10,10084284,12.564897,41.905543,27,3,6259.06755082,21
593,10,10085223,12.58248,41.840543,16,5,9295.52289868,46
594,10,10085210,12.5824,41.840623,6,3,9284.90228587,44
595,10,10412650,12.476287,41.891537,214,18,1340.11786883,23
596,10,10412251,12.476831,41.890697,4,5,1287.7033223,16
597,10,10061339,12.412956,41.89012,205,4,6587.58025273,12
598,10,10085072,12.440631,41.858166,69,2,5572.96996011,9
599,10,10085074,12.441345,41.858423,156,6,5509.13104052,13
600,10,10085081,12.421684,41.925582,10,2,7058.76773468,4
601,10,10085939,12.457078,41.873946,67,2,3436.665403,15
602,10,10414700,12.456125,41.874554,430,4,3469.99986043,22
603,10,10084069,12.564862,41.929477,803,8,7434.45254613,29
604,10,10391699,12.479805,41.905751,10,7,2018.48351334,11
605,10,10084320,12.429294,41.895684,341,3,5267.09850252,14
606,10,10085942,12.445542,41.878278,2281,3,4102.10844078,78
607,10,10411802,12.455114,41.873713,1746,3,3589.60506151,79
608,10,10067004,12.471085,41.860803,404,2,3708.39308526,37
609,10,10412142,12.479327,41.866539,162,3,2838.32358713,21
610,10,10364679,12.480155,41.871269,43,2,2330.26578106,22
611,10,10413522,12.529213,41.880247,153,9,3253.66796978,20
612,10,10395631,12.466967,41.872728,84,2,2861.25951034,20
613,10,10084492,12.465881,41.861383,234,2,3878.96895472,24
614,10,10412402,12.501279,41.899838,8,2,1305.30236568,8
615,10,10413264,12.539421,41.892161,16,2,3914.31612621,12
616,10,10395634,12.465805,41.872768,143,2,2930.02211043,21
617,10,10412484,12.458719,41.87257,19,2,3406.83682249,16
618,10,10414701,12.452195,41.878173,99,2,3588.06342897,14
619,10,10084949,12.432075,41.887532,1171,3,5009.52924056,28
620,10,10412481,12.45964,41.871238,100,2,3433.12972479,16
621,10,10413170,12.514908,41.938391,124,2,5673.73259445,9
622,10,10398784,12.511005,41.936134,102,2,5334.86933444,8
623,10,10403382,12.525087,41.887733,250,3,2732.04801925,15
624,10,10414035,12.483412,41.876946,571,4,1645.11197521,36
625,10,10084412,12.372067,41.867432,142,2,10297.4384118,12
626,10,10088320,12.432601,41.806678,248,23,10517.0946797,13
627,10,10088323,12.432037,41.806483,141,21,10558.3336969,12
628,10,10363774,12.467283,41.883019,69,3,2225.60740035,16
629,10,10363771,12.466325,41.88273,3,2,2311.34438796,16
630,10,12115720,12.479786,41.820375,289,11,7822.17219404,26
631,10,10411810,12.449562,41.910536,2099,2,4208.40357288,80
632,10,10077394,12.424556,41.904331,87,2,5839.94141881,6
633,10,12117458,12.529521,41.880974,96,8,3251.44326329,19
634,10,12117455,12.529781,41.881289,97,7,3261.17330851,18
635,10,12492782,12.471568,41.871871,347,8,2665.06578741,26
636,10,12509633,12.458944,41.872139,215,3,3419.38799017,19
637,10,12117229,12.525292,41.879603,20,7,2977.03016761,10
638,10,10088326,12.435624,41.803603,904,3,10706.7326059,31
639,10,12118390,12.470329,41.806073,2118,214,9518.04925674,135
640,10,12118393,12.46265,41.808076,1995,571,9445.8203802,149
641,10,12118398,12.470659,41.799541,1505,133,10226.1658466,89
642,10,17734451,12.506346,41.898942,458,5,1517.027428,16
643,10,10387831,12.47402,41.890928,623,10,1521.989186,42
644,10,10387833,12.484024,41.886472,544,21,802.691802459,39
645,10,10387834,12.482815,41.894612,676,98,931.007175648,38
646,10,10394111,12.501699,41.893373,118,5,854.852324676,14
647,10,10413401,12.50191,41.89319,20,10,862.712910219,11
648,10,10394114,12.50102,41.894097,136,6,842.586179284,12
649,10,17674273,12.434182,41.804971,973,6,10624.3616876,36
650,10,17765664,12.432233,41.8065,103,19,10548.9601796,12
651,10,12492785,12.469348,41.870547,707,6,2896.76939692,34
652,10,10414034,12.479432,41.872664,118,3,2219.99168395,23
653,10,12117300,12.494538,41.87425,1260,2,1778.04542892,94
654,10,12117267,12.511475,41.87462,32,3,2347.16244681,18
655,10,12079440,12.520596,41.876492,30,2,2795.17769909,11
656,10,12079438,12.522733,41.877099,133,5,2911.41359844,14
657,10,10412600,12.479063,41.896232,210,3,1290.47434393,15
658,10,10365809,12.467825,41.898475,71,2,2232.98336547,10
659,10,17835532,12.42228,41.813786,1186,19,10287.072249,23
660,10,28721,12.43215,41.806452,7,2,10556.919751,10
661,10,28889,12.43211,41.806511,0,2,10552.7208242,10
662,10,10067289,12.417443,41.822194,475,564,9781.56030492,15
663,10,10071394,12.366858,41.871256,795,10,10624.7542785,12
664,10,17548811,12.435401,41.838555,1,2,7430.46127767,10
665,10,10412604,12.475661,41.895956,274,16,1525.27557446,22
666,10,10414590,12.471121,41.898001,89,4,1963.20873095,11
667,10,10365811,12.466169,41.897447,303,2,2316.59448493,17
668,10,10084953,12.446968,41.877773,67,2,4009.17361177,17
669,10,10414703,12.453788,41.876445,49,2,3543.93674452,14
670,10,12509636,12.460061,41.872047,384,22,3350.81724625,25
671,10,12492803,12.46369,41.866513,4,2,3543.76827519,19
672,10,10414031,12.477537,41.872561,374,13,2309.66537011,37
673,10,12100926,12.505657,41.873458,331,9,2161.07906235,36
674,10,12117297,12.506452,41.875442,523,4,2012.67955697,42
675,10,17718795,12.552484,41.934193,112,6,6986.53801821,17
676,10,12492806,12.463616,41.866991,217,2,3508.74212622,22
677,10,12100929,12.506172,41.874154,164,3,2117.91761206,29
678,10,12079439,12.517805,41.876274,55,3,2617.99717298,12
679,10,12116448,12.47305,41.837738,88,6,6039.99578502,28
680,10,12116451,12.474333,41.839713,316,7,5800.40954388,34
681,10,12116445,12.46745,41.828539,526,2,7150.66672561,43
682,10,12116968,12.598303,41.856875,11227,170,9543.03869769,793
683,10,17723403,12.584311,41.947667,508,6,9949.95405755,30
684,10,12492789,12.467594,41.870731,15,2,2979.81100296,18
685,10,10084959,12.547339,41.941056,12,2,7264.05577917,20
686,10,10085295,12.606665,41.918053,232,20,9979.47862883,33
687,10,10085296,12.610127,41.917878,1333,190,10247.1045219,52
688,10,10065100,12.595143,41.91401,1176,42,8932.49372771,45
689,10,10085290,12.611039,41.919446,304,34,10372.4626951,33
690,10,10085291,12.608899,41.924268,729,56,10386.7332523,40
691,10,10085297,12.602887,41.931394,1350,398,10251.632612,51
692,10,10086873,12.595017,41.941239,760,38,10234.3483684,32
693,10,10062139,12.586967,41.951512,236,16,10394.5047445,28
694,10,10062144,12.578331,41.958899,913,54,10447.8974699,31
695,10,10062143,12.604472,41.919431,6472,444,9855.96582721,200
696,10,10062146,12.571443,41.960696,2331,112,10218.5791696,54
697,10,10084343,12.551692,41.970604,1236,129,10200.4967037,34
698,10,10086861,12.587878,41.907773,3,2,8166.08555368,22
699,10,10086873,12.596314,41.939661,82,6,10228.9284595,23
700,10,10413703,12.465723,41.912772,50,2,3342.96150747,12
701,10,10387832,12.483792,41.890338,6,3,708.913864201,15
702,10,10387829,12.484213,41.89029,34,4,673.862466091,16
703,10,12067669,12.469471,41.835933,204,5,6316.38670733,32
704,10,12510081,12.420876,41.829238,637,1353,9000.47099341,16
705,10,12512043,12.430347,41.832931,523,1122,8179.83976715,16
706,10,12512041,12.440861,41.831935,379,792,7752.77078624,18
707,10,12511922,12.447869,41.835295,309,658,7126.08725648,23
708,10,12511921,12.45323,41.839946,346,728,6454.56495659,26
709,10,12066616,12.457725,41.839349,171,692,6334.18521563,26
710,10,12066619,12.4614,41.839665,284,924,6169.81335537,29
711,10,12115969,12.467549,41.842788,419,1452,5650.95939419,31
712,10,12509323,12.450705,41.837781,44,123,6768.14097688,22
713,10,12115968,12.478948,41.839667,567,3914,5718.71860022,39
714,10,12116095,12.487822,41.835635,253,1063,6069.12727527,24
715,10,12116098,12.485544,41.83805,103,446,5816.69478212,26
716,10,17675295,12.506254,41.851025,3163,8,4499.20604312,231
717,10,17782047,12.518982,41.89506,902,33,2277.39709293,54
718,10,17685792,12.507191,41.897308,575,7,1465.89510044,24
719,10,17183244,12.422854,41.91649,2,2,6463.64343407,5
720,10,17670432,12.608329,41.917839,772,8,10103.5850442,44
721,10,17707041,12.453347,41.934559,1,5,5896.24509527,3
722,10,12116213,12.565938,41.820839,1043,88,9831.75636557,56
723,10,12116622,12.553179,41.833795,108,2,8045.8939549,30
724,10,12064437,12.552343,41.836889,59,2,7736.46659821,25
725,10,12064439,12.553207,41.834863,45,2,7955.37142924,28
726,10,12116619,12.549662,41.836657,696,107,7615.11492064,40
727,10,12508965,12.447362,41.889055,100,2,3734.21324592,14
728,10,12510769,12.441219,41.890205,53,2,4241.94229263,14
729,10,10086812,12.433987,41.890979,50,2,4842.94480205,13
730,10,10412654,12.474264,41.891142,121,11,1503.28228692,17
731,10,17689121,12.482375,41.905832,18,5,1925.51678696,12
732,10,10363719,12.482464,41.905854,8,4,1924.57054384,12
733,10,17762592,12.60686,41.897399,3,4,9538.40436027,21
734,10,57671,12.547325,41.895665,8,2,4604.51077291,15
735,10,57672,12.547825,41.89348,0,2,4620.12302801,15
736,10,12509711,12.407,41.890877,292,14,7082.2743805,16
737,10,10034230,12.61607,41.876562,7,4,10381.2372136,28
738,10,10034233,12.616061,41.876568,3,3,10380.4006503,28
739,10,17694773,12.490089,41.924328,35,2,3798.20451393,5
740,10,17694753,12.490056,41.924251,43,5,3789.79766382,5
741,10,17789216,12.529379,41.881224,5,8,3231.60235495,13
742,10,17694477,12.511371,41.905947,1,5,2359.24137586,7
743,10,10395559,12.507305,41.916552,3,4,3182.51244667,7
744,10,12117299,12.506134,41.87387,53,2,2142.79911852,26
745,10,12116169,12.509432,41.875357,196,4,2173.21625663,26
746,10,10412391,12.499571,41.911158,9,2,2407.01184105,6
747,10,12509714,12.406978,41.891707,65,8,7085.67151766,15
748,10,12509717,12.407093,41.891012,249,7,7074.73071385,16
749,10,17761313,12.483726,41.950334,51,5,6720.20519499,11
750,10,10084243,12.540404,41.90841,130,2,4473.9771921,15
751,10,10084240,12.542162,41.908695,127,2,4618.52869708,15
752,10,10363622,12.460496,41.905808,6,2,3161.43745937,15
753,10,12510715,12.412857,41.893377,224,2,6605.22010762,11
754,10,10414036,12.484645,41.873294,1,2,1980.34242483,19
755,10,12100929,12.504381,41.872169,21,3,2235.91175747,26
756,10,17781537,12.522473,41.925509,272,4,4653.8875237,11
757,10,17668385,12.585027,41.833671,2936,80,9930.80393164,160
758,10,17680416,12.556856,41.829588,314,14,8601.55506756,32
759,10,17692704,12.552659,41.83448,137,14,7959.56538564,30
760,10,17692705,12.547413,41.838602,1344,54,7329.73318256,51
761,10,12116615,12.532584,41.848629,780,37,5697.33432538,40
762,10,17732129,12.518865,41.856963,846,31,4296.2952491,52
763,10,17677344,12.509117,41.857672,1407,54,3869.52778618,76
764,10,17287200,12.496477,41.861175,1067,17,3239.16914568,87
765,10,17736993,12.496196,41.865523,1022,97,2756.63149276,82
766,10,17737013,12.496292,41.865868,1035,228,2719.52802139,84
767,10,17664287,12.607687,41.849483,130,4,10589.6367615,32
768,10,17740084,12.564252,41.822794,420,30,9574.6159791,37
769,10,17740045,12.564424,41.822514,503,10,9607.84447554,42
770,10,17740065,12.562297,41.824188,838,23,9352.34891778,49
771,10,17690400,12.550536,41.835537,9196,49,7757.63016691,866
772,10,12116987,12.516934,41.856957,712,17,4216.938866,48
773,10,17740063,12.560035,41.826176,215,12,9062.58664731,35
774,10,12116617,12.531388,41.848423,1546,6,5658.40640775,64
775,10,12116837,12.530934,41.850375,694,6,5459.89665447,38
776,10,12116356,12.513102,41.855588,866,24,4210.64016275,52
777,10,12118787,12.518336,41.85667,645,18,4302.06744554,45
778,10,12116618,12.528913,41.85112,239,10,5295.13063089,30
779,10,17287179,12.497964,41.863175,1436,80,3034.93017841,109
780,10,17736991,12.499221,41.880153,1620,118,1251.25910902,122
781,10,17689909,12.49643,41.871167,9,2,2138.25771746,29
782,10,17722400,12.498631,41.901097,754,67,1321.18583453,21
783,10,10412619,12.493795,41.907514,137,14,1929.91521822,7
784,10,10414269,12.493548,41.909275,65,6,2124.08670795,9
785,10,28143,12.493669,41.909563,8,3,2156.53327779,9
786,10,17764128,12.492464,41.917298,871,57,3012.83233457,15
787,10,17718323,12.495647,41.869488,434,12,2313.93182791,42
788,10,17722675,12.493133,41.910076,37,4,2211.65446597,7
789,10,17287219,12.497623,41.864212,821,92,2916.78134628,67
790,10,12116645,12.576866,41.817252,495,27,10718.0889115,41
791,10,17680927,12.582336,41.826435,227,11,10294.2373165,46
792,10,17736736,12.583795,41.828737,1496,14,10209.795238,93
793,10,17668127,12.590797,41.838531,195,13,9986.78871923,55
794,10,17777675,12.525499,41.817403,3561,122,8538.99258578,138
795,10,17777676,12.51965,41.818601,590,15,8266.88767512,23
796,10,17181963,12.522959,41.815033,618,38,8724.78010688,27
797,10,12115708,12.526675,41.81154,67,8,9187.68052938,21
798,10,17679135,12.528277,41.810355,163,15,9354.49390799,24
799,10,12115709,12.536079,41.805314,1486,47,10101.3170921,35
800,10,12065867,12.581777,41.820862,1311,65,10697.2817309,65
801,10,17680929,12.580438,41.822891,354,16,10458.0966838,45
802,10,17718049,12.591317,41.83944,366,4,9964.67455238,60
803,10,12115705,12.530981,41.808005,611,10,9674.40476781,29
804,10,17781004,12.561,41.915978,331,2,6378.18143148,20
805,10,30491,12.569427,41.818662,897,23,10201.6185623,52
806,10,17690401,12.541985,41.842299,571,50,6728.26335092,31
807,10,24372,12.529821,41.850663,259,7,5380.05068254,31
808,10,12116990,12.522579,41.855837,811,12,4566.16603004,52
809,10,12118790,12.523473,41.855724,418,16,4617.79160933,40
810,10,12092880,12.521776,41.85657,31,2,4461.51433828,29
811,10,17805068,12.51778,41.857778,353,8,4172.50407472,37
812,10,17677324,12.516429,41.855322,1444,82,4357.30793953,73
813,10,17677325,12.496789,41.857543,1581,75,3643.08693783,120
814,10,17287220,12.497915,41.860753,341,38,3300.41877944,42
815,10,12064549,12.5311,41.850054,149,4,5496.86465628,24
816,10,12116620,12.54201,41.841611,1713,49,6790.09122609,62
817,10,17690381,12.542188,41.842041,608,16,6761.24346337,31
818,10,17690380,12.552215,41.834445,688,23,7939.44909798,41
819,10,17680396,12.557177,41.829209,328,11,8651.10058178,34
820,10,12116210,12.560547,41.826763,1194,56,9038.10634237,65
821,10,12064546,12.532942,41.8487,332,8,5708.45151092,25
822,10,12117329,12.52647,41.853113,448,12,4997.60149061,40
823,10,12116359,12.51196,41.854386,696,19,4295.94118761,48
824,10,17677343,12.502076,41.85972,551,74,3477.83281049,50
825,10,17677323,12.500705,41.860869,442,13,3328.22492672,44
826,10,17740064,12.557128,41.830193,2366,60,8563.24327279,104
827,10,12117326,12.512563,41.857727,1537,71,3975.96055367,81
828,10,28892,12.511397,41.855472,98,3,4166.60027093,31
829,10,12116647,12.569218,41.817546,330,42,10287.6746685,35
830,10,17728267,12.596778,41.854061,127,6,9553.59096967,43
831,10,17728268,12.595856,41.849021,275,6,9734.44615581,47
832,10,17736717,12.584855,41.832273,171,3,10018.76092,52
833,10,17664307,12.606779,41.849824,95,2,10505.2780893,32
834,10,17664309,12.59857,41.85132,756,9,9818.92653305,64
835,10,17718029,12.590866,41.838849,82,2,9971.22756357,48
836,10,17736715,12.588784,41.835655,168,3,10039.9511336,49
837,10,17736716,12.582383,41.829203,157,3,10088.0507536,47
838,10,691,12.510642,41.857623,428,13,3921.91470701,39
839,10,10411994,12.495932,41.865762,53,5,2727.77937467,32
840,10,17680909,12.577808,41.822927,933,5,10303.6028689,61
841,10,17680907,12.581169,41.82667,127,3,10206.0398102,43
842,10,51253,12.578425,41.819737,215,5,10597.8757796,40
843,10,17287181,12.488809,41.865043,2920,23,2806.4813587,262
844,10,17677345,12.495884,41.858397,124,8,3541.68990075,40
845,10,17736479,12.486917,41.855436,939,31,3884.35646569,82
846,10,17736499,12.49075,41.854434,718,35,3971.72867995,64
847,10,17676831,12.490585,41.854625,472,21,3951.00465962,47
848,10,17736481,12.48057,41.851482,446,29,4406.95986448,52
849,10,12116067,12.477453,41.852776,927,72,4333.46173459,80
850,10,12101117,12.479022,41.847372,580,30,4880.65441074,57
851,10,17682700,12.478181,41.849762,78,2,4639.65820968,35
852,10,17676833,12.479062,41.846313,448,32,4994.56351165,49
853,10,17680159,12.479801,41.840964,329,9,5563.79826522,35
854,10,17681183,12.473864,41.841781,2398,29,5589.33225748,166
855,10,17681184,12.467186,41.842994,358,19,5640.73861341,30
856,10,17676084,12.463421,41.839093,2501,18,6160.34465383,165
857,10,17756939,12.450864,41.838189,78,2,6722.4416195,23
858,10,17756940,12.446013,41.834263,373,8,7304.33800016,24
859,10,17673740,12.438058,41.831818,497,12,7894.12289038,20
860,10,17663756,12.428367,41.83312,592,12,8268.15623136,17
861,10,17791502,12.417598,41.819696,1822,25,9989.35827595,31
862,10,17737247,12.420186,41.828032,553,15,9139.11338253,14
863,10,28593,12.495882,41.865261,216,18,2782.65475577,37
864,10,12092629,12.497228,41.858153,565,77,3579.64613799,51
865,10,17917216,12.468731,41.857428,1730,21,4131.11241882,129
866,10,17675807,12.478634,41.844603,226,9,5187.66190813,36
867,10,17491744,12.462624,41.839489,3163,34,6146.11270433,229
868,10,17737248,12.415516,41.820912,362,25,9993.29388408,13
869,10,12092626,12.493193,41.856565,1474,93,3733.55412099,116
870,10,12092628,12.497632,41.862747,149,23,3077.84881413,35
871,10,17683212,12.472362,41.854368,816,21,4308.57218539,61
872,10,17736501,12.478859,41.852004,710,24,4384.50446293,74
873,10,17916961,12.480876,41.856086,225,11,3903.66720827,39
874,10,17916959,12.48235,41.859728,324,11,3481.57883885,40
875,10,10396361,12.485445,41.863316,59,3,3037.3033062,27
876,10,17718304,12.488672,41.867057,288,9,2585.41791931,37
877,10,17736480,12.482697,41.848633,380,10,4682.68950957,47
878,10,12116427,12.485849,41.86115,184,9,3268.20954074,36
879,10,10396363,12.485929,41.865015,60,3,2844.40648376,27
880,10,10396362,12.485905,41.866414,64,4,2692.30409722,27
881,10,17287201,12.49028,41.865384,558,3,2758.59551644,50
882,10,17736500,12.485514,41.850892,348,12,4399.52270085,46
883,10,17737268,12.415491,41.818885,259,27,10168.9869585,10
884,10,17683233,12.451689,41.838749,742,15,6633.98566074,32
885,10,17783073,12.425594,41.832454,913,13,8473.74323274,18
886,10,17673759,12.460288,41.84083,1191,5,6092.1348731,58
887,10,17804576,12.599964,41.914922,572,21,9344.54206445,33
888,10,17670433,12.613424,41.921669,251,6,10639.0131508,30
889,10,17835531,12.415236,41.81959,195,7,10121.493268,10
890,10,17765643,12.417723,41.821462,146,4,9829.80662372,10
891,10,17548813,12.420376,41.830254,85,2,8943.57271646,9
892,10,17783071,12.44044,41.832035,414,5,7762.85090547,18
893,10,10411991,12.4958,41.865866,49,13,2715.11391932,31
894,10,17524235,12.495277,41.875281,343,33,1672.04624656,29
895,10,17507596,12.490124,41.879905,62,3,1155.09485076,19
896,10,17719564,12.492529,41.885288,567,9,542.831144034,35
897,10,10408643,12.494824,41.880852,580,47,1055.76838769,36
898,10,10408639,12.488473,41.886552,274,11,514.082949739,28
899,10,17765919,12.485764,41.886674,461,26,669.400839274,34
900,10,17505312,12.487362,41.884371,325,13,765.100544816,28
901,10,17280032,12.493427,41.889545,139,12,114.626842581,19
902,10,17717555,12.498686,41.889654,79,10,530.564030315,14
903,10,17693748,12.50094,41.887403,749,36,777.928811297,45
904,10,17693729,12.505019,41.889655,267,12,1054.59097866,24
905,10,17693749,12.505059,41.890037,148,4,1056.44494739,16
906,10,17709876,12.506981,41.889488,188,3,1218.23320052,24
907,10,17709875,12.50779,41.890531,307,8,1283.60237011,24
908,10,17722399,12.509807,41.893217,12,2,1489.23955488,11
909,10,17721120,12.510377,41.891743,263,14,1507.79253867,25
910,10,17695009,12.510549,41.896017,150,9,1645.34775368,13
911,10,17695008,12.513574,41.897935,174,14,1962.43374816,16
912,10,17782049,12.51654,41.896983,168,9,2146.74311908,19
913,10,17782067,12.522345,41.897147,286,12,2608.48594975,13
914,10,17690163,12.527952,41.899245,184,9,3123.10511895,14
915,10,17526795,12.531565,41.900797,257,12,3463.12094386,14
916,10,10412799,12.542099,41.899651,105,7,4262.15000045,17
917,10,10059710,12.549594,41.90109,309,5,4904.29199081,23
918,10,17903135,12.577061,41.90881,1002,30,7329.37503927,35
919,10,17706529,12.572928,41.90724,1161,5,6951.5619363,38
920,10,17706527,12.589231,41.911872,380,15,8394.11057478,25
921,10,17683232,12.462622,41.845023,461,5,5588.58778684,30
922,10,17675317,12.483221,41.835142,918,2,6158.95045728,39
923,10,17692941,12.491235,41.878983,1543,22,1246.20956765,119
924,10,17782068,12.516746,41.893437,379,34,2058.40167211,22
925,10,10059713,12.548752,41.900823,131,3,4829.27789383,18
926,10,10085473,12.555603,41.902552,81,2,5427.67101273,18
927,10,10408640,12.491603,41.88295,643,28,804.538545341,39
928,10,17280033,12.490736,41.889029,439,12,183.490564943,34
929,10,17719605,12.494495,41.89018,156,8,179.598682153,18
930,10,17695775,12.517429,41.890562,611,10,2083.40187867,31
931,10,17721121,12.510544,41.89411,37,3,1573.49032883,12
932,10,10399469,12.540006,41.899143,102,4,4079.93555784,12
933,10,10412362,12.546432,41.898902,428,4,4593.19472421,21
934,10,17736971,12.496449,41.871725,356,19,2077.3519425,36
935,10,10412359,12.544766,41.899968,186,6,4485.35196056,19
936,10,17804577,12.591874,41.912436,25,3,8622.14195522,24
937,10,17728288,12.596249,41.849649,495,19,9730.76706835,53
938,10,17736737,12.584538,41.831919,273,7,10023.9434365,58
939,10,17664289,12.599468,41.851921,586,10,9856.9511631,57
940,10,17728287,12.596887,41.853677,207,18,9579.79742635,48
941,10,17736972,12.496188,41.865972,1587,55,2707.02713824,122
942,10,17768481,12.523956,41.854329,646,3,4768.94081322,47
943,10,17690379,12.536142,41.845775,46,2,6127.61066029,18
944,10,17704971,12.548767,41.895445,5,3,4720.06771415,15
945,10,17704991,12.571365,41.900709,4485,20,6662.3183634,181
946,10,10413353,12.51447,41.90851,31,2,2742.84903791,7
947,10,17701901,12.56748,41.911017,24,4,6651.73824346,21
948,10,12116828,12.563759,41.860691,4,10,6773.52427969,21
949,10,29662,12.393734,41.911529,6,2,8518.42647962,6
950,10,29663,12.379751,41.901743,3177,3,9430.48676094,43
951,10,29669,12.393734,41.911529,6,2,8518.42647962,6
952,10,17686560,12.492322,41.882042,854,35,903.119199572,45
953,10,17280012,12.496394,41.888829,622,38,368.769848469,34
954,10,17507595,12.505722,41.886919,215,7,1168.67984809,21
955,10,17691149,12.513312,41.885879,843,38,1805.47003555,50
956,10,17690143,12.527867,41.897188,707,4,3050.2742551,22
957,10,17703457,12.531909,41.900889,262,5,3493.43951759,14
958,10,17703456,12.533894,41.900722,59,2,3642.73863016,13
959,10,17280053,12.491708,41.889127,16,2,127.166452046,15
960,10,17721119,12.514639,41.891335,178,10,1855.8859214,20
961,10,17695797,12.514122,41.888054,24,3,1823.7823107,13
962,10,12115758,12.516981,41.841009,428,11,5831.58913859,18
963,10,12116088,12.517983,41.833574,390,10,6637.48984646,23
964,10,17832480,12.549989,41.90126,94,3,4940.72664283,20
965,10,17183757,12.517954,41.830068,49,4,7006.70876383,18
966,10,12065865,12.582904,41.827137,316,6,10275.2119759,49
967,10,10411990,12.49631,41.866621,321,23,2636.71121714,40
968,10,12117876,12.582265,41.825865,887,70,10333.6408776,66
969,10,12116085,12.517539,41.830997,8,2,6897.92904621,18
970,10,12117875,12.587136,41.833318,446,76,10091.6294458,60
971,10,12116049,12.547607,41.862806,2044,13,5503.99877663,89
972,10,17690144,12.528758,41.887835,384,14,3034.37616357,18
973,10,17690165,12.523478,41.889001,458,10,2588.28443981,21
974,10,17695795,12.518867,41.889679,269,9,2202.99605661,19
975,10,17709855,12.509592,41.889545,107,4,1434.24760598,18
976,10,17709857,12.507657,41.888803,53,5,1281.03511187,19
977,10,17693727,12.506723,41.887603,50,3,1228.09549882,16
978,10,17693747,12.506175,41.886967,156,3,1202.90027019,18
979,10,17526797,12.529154,41.888343,35,5,3062.84942799,11
980,10,17735201,12.530117,41.886584,85,6,3161.29823629,11
981,10,17690145,12.526668,41.890104,309,11,2849.74495235,17
982,10,12118793,12.523609,41.855882,29,2,4609.60932668,28
983,10,10413190,12.529681,41.888205,8,2,3107.53621619,10
984,10,17691167,12.528869,41.885847,90,5,3070.33377733,11
985,10,17524237,12.4839,41.876984,464,22,1623.47753478,27
986,10,17680651,12.480919,41.876302,35,2,1808.55646835,18
987,10,10413070,12.478196,41.873826,38,2,2161.76222003,18
988,10,12492786,12.466573,41.872836,273,16,2877.36496424,26
989,10,12510794,12.451754,41.87073,257,9,4000.98772553,14
990,10,12510796,12.449047,41.872858,126,4,4075.11703448,13
991,10,12457816,12.44676,41.874701,88,3,4154.60822006,18
992,10,12509785,12.446737,41.877428,293,11,4040.46047391,23
993,10,12511856,12.449587,41.879879,26,2,3727.43179392,14
994,10,12457814,12.45656,41.889288,1332,43,2970.39257757,42
995,10,10363632,12.461733,41.89966,32,2,2749.19315077,10
996,10,10413251,12.478142,41.874702,63,4,2083.2373118,18
997,10,12511855,12.455702,41.870796,61,5,3725.07287076,13
998,10,10401673,12.463849,41.898232,243,7,2527.47589429,15
999,10,10387412,12.465165,41.895941,26,2,2343.74944688,11
1000,10,10395501,12.470511,41.891042,481,69,1813.46702393,29
1001,10,10412191,12.470604,41.89125,88,10,1807.13893108,16
1002,10,10412651,12.47503,41.892831,348,28,1465.87059383,27
1003,10,10412194,12.469282,41.894327,34,2,1967.70369636,13
1004,10,10393593,12.466121,41.900536,523,18,2460.85638357,51
1005,10,10413502,12.472104,41.901464,129,8,2095.30933672,13
1006,10,10413503,12.473819,41.899313,236,9,1841.38600613,21
1007,10,10413512,12.47394,41.89658,145,4,1684.00086765,16
1008,10,10360553,12.480783,41.893967,201,12,1046.93136439,17
1009,10,12092158,12.499508,41.881774,132,8,1106.84738849,23
1010,10,12100927,12.501312,41.876104,493,86,1731.35350396,40
1011,10,12118697,12.600104,41.850661,367,5,9965.53306195,48
1012,10,12116965,12.596079,41.849792,964,138,9710.90199463,74
1013,10,12116966,12.584605,41.830512,2810,195,10129.7908801,145
1014,10,12097177,12.590329,41.838876,840,108,9932.95808738,84
1015,10,12117877,12.583922,41.831317,194,3,10028.4181405,51
1016,10,12116207,12.553443,41.832436,3091,99,8177.53697808,150
1017,10,12116167,12.497634,41.878703,608,7,1347.87640388,38
1018,10,17687841,12.473497,41.889481,837,24,1564.98854155,57
1019,10,10413510,12.470423,41.891834,9,2,1827.52464705,15
1020,10,10365813,12.468275,41.895132,37,2,2070.99309713,10
1021,10,12118495,12.590595,41.838334,148,4,9985.67498795,53
1022,10,12100925,12.503843,41.878334,283,7,1625.46450315,27
1023,10,17692960,12.507,41.877205,347,8,1886.02421034,33
1024,10,17756705,12.505638,41.874537,430,27,2058.18374174,39
1025,10,17692982,12.509863,41.879275,611,15,1892.79687523,38
1026,10,12116068,12.484509,41.85203,102,5,4286.04991315,37
1027,10,28613,12.482914,41.852073,25,2,4303.40338063,34
1028,10,28619,12.48118,41.852573,92,5,4277.63149541,36
1029,10,12097819,12.480103,41.852627,35,4,4292.03933415,36
1030,10,12116405,12.469726,41.863024,61,3,3551.6341983,19
1031,10,12508952,12.468279,41.868329,543,21,3142.06605884,32
1032,10,28597,12.496715,41.871707,107,5,2083.0674202,30
1033,10,17692980,12.508282,41.879883,12,2,1749.0157029,12
1034,10,17691957,12.513481,41.880358,120,5,2066.40170764,12
1035,10,17698081,12.520379,41.890486,75,3,2328.04360097,16
1036,10,12097816,12.480027,41.852189,14,2,4340.80429634,34
1037,10,12098617,12.470349,41.860824,118,4,3735.80094238,28
1038,10,28592,12.496607,41.870327,26,2,2232.70664163,27
1039,10,17686817,12.468397,41.880677,930,41,2249.14478332,34
1040,10,17604875,12.46693,41.891205,18,8,2111.20408878,12
1041,10,17916960,12.484022,41.85604,151,8,3853.41858578,37
1042,10,12116430,12.486465,41.860393,66,4,3343.34199388,31
1043,10,17524236,12.488016,41.867077,219,11,2590.17887947,35
1044,10,17687840,12.473076,41.887511,27,4,1625.18693791,13
1045,10,56513,12.467412,41.8917,54,8,2075.02286706,14
1046,10,12493382,12.426614,41.863303,2,3,6218.22133075,9
1047,10,12511494,12.439564,41.919167,49,5,5435.12311284,5
1048,10,10087122,12.589029,41.945498,733,4,10104.9886854,36
1049,10,64642,12.473978,41.851594,241,10,4547.82023462,37
1050,10,12115709,12.534794,41.80308,646,102,10296.2103414,24
1051,10,12115708,12.529657,41.809054,181,30,9528.22636848,23
1052,10,12120041,12.522452,41.820556,819,94,8126.8604108,27
1053,10,12115711,12.527732,41.810755,457,73,9297.98755522,27
1054,10,12116102,12.495649,41.82963,167,33,6730.18634683,27
1055,10,12083379,12.46156,41.803228,7259,122,9989.41598501,381
1056,10,12093785,12.456378,41.826844,897,68,7641.27672358,64
1057,10,12093022,12.456237,41.826894,443,70,7640.74914958,45
1058,10,12115715,12.481849,41.819235,1144,26,7927.04850133,55
1059,10,12115719,12.48583,41.812405,214,34,8654.57717774,29
1060,10,12067461,12.461534,41.830931,210,34,7059.44884906,35
1061,10,12092051,12.485508,41.80033,1192,199,9994.96322156,78
1062,10,12093023,12.451364,41.824356,191,42,8063.03915278,33
1063,10,12115716,12.484054,41.81595,206,30,8272.58364704,24
1064,10,12091537,12.458225,41.809075,1216,200,9442.39297927,77
1065,10,12066586,12.522964,41.797001,4606,704,10656.786638,139
1066,10,12115883,12.479767,41.800208,537,184,10046.7710845,56
1067,10,12118401,12.487475,41.797609,2658,314,10289.0142586,107
1068,10,12118387,12.467869,41.808595,1576,106,9285.83475659,108
1069,10,12091536,12.480205,41.801373,254,56,9914.32209634,51
1070,10,12067543,12.502405,41.79551,2929,914,10547.4793896,98
1071,10,12115883,12.473818,41.803129,702,83,9789.49339926,55
1072,10,12067539,12.514801,41.795858,2857,604,10640.5247004,68
1073,10,12092048,12.491606,41.796462,2444,203,10408.677627,95
1074,10,12116311,12.457296,41.816517,1982,404,8682.91628669,132
1075,10,12092045,12.482496,41.797119,725,78,10367.7580976,56
1076,10,12091539,12.480277,41.797579,307,48,10333.0502324,39
1077,10,10412392,12.493719,41.909275,35,16,2124.80861631,9
1078,10,12118396,12.488859,41.796861,801,239,10368.1975374,48
1079,10,12067537,12.500865,41.795488,1489,271,10540.5426602,49
1080,10,10071756,12.546495,41.967772,675,144,9719.62089846,31
1081,10,12116839,12.565725,41.851901,105,16,7429.3294624,25
1082,10,10071756,12.562977,41.965111,2901,214,10179.2339686,65
1083,10,12116842,12.56418,41.850925,53,16,7387.98385453,24
1084,10,10071753,12.547247,41.97062,1238,219,10029.332703,34
1085,10,10062147,12.546942,41.973641,1694,319,10318.2313392,36
1086,10,10086035,12.548281,41.957809,612,104,8830.39831832,30
1087,10,10414596,12.472329,41.897563,78,7,1851.78641206,14
1088,10,12066480,12.585131,41.825551,1158,211,10530.6576023,74
1089,10,10085339,12.603072,41.867798,432,8,9522.36142138,34
1090,10,12065873,12.580162,41.822369,1405,101,10483.6689244,73
1091,10,12065871,12.589486,41.837603,2974,315,9958.01563672,165
1092,10,12067455,12.466162,41.829856,677,59,7043.00293457,52
1093,10,12116648,12.584473,41.829434,1655,139,10200.343246,103
1094,10,12118402,12.500277,41.795593,2435,282,10525.7320143,84
1095,10,12116507,12.454052,41.825493,558,97,7855.77941791,50
1096,10,12085908,12.470252,41.83746,73,11,6135.13874886,27
1097,10,12066615,12.455294,41.821893,250,37,8183.75371456,41
1098,10,12066173,12.571371,41.855068,107,16,7632.6577844,23
1099,10,12118399,12.494952,41.79578,1064,330,10486.5123922,48
1100,10,12092051,12.481114,41.799924,1836,383,10067.1772226,96
1101,10,12067542,12.514743,41.795713,2722,865,10655.5382966,66
1102,10,12064357,12.466553,41.806976,1949,158,9485.4543304,133
1103,10,12116306,12.453265,41.811132,340,44,9359.36468873,32
1104,10,12091542,12.497495,41.796434,2650,262,10420.4433456,93
1105,10,12092048,12.483802,41.798782,1394,236,10175.5078951,78
1106,10,12091540,12.467913,41.804552,62,9,9723.75799017,32
1107,10,12083383,12.448534,41.805307,431,70,10103.5068705,36
1108,10,12116510,12.446455,41.822979,27,5,8379.24941804,14
1109,10,12064361,12.45719,41.807922,1183,113,9590.44833187,73
1110,10,12116310,12.455747,41.824349,401,64,7917.0919814,46
1111,10,12118399,12.485234,41.797128,1186,249,10351.3266311,71
1112,10,12116313,12.449337,41.823739,42,7,8197.12223846,27
1113,10,12116309,12.45079,41.818785,596,18,8646.95736598,52
1114,10,12118398,12.456043,41.807764,1907,289,9636.53002247,121
1115,10,12067540,12.506124,41.794773,1034,202,10657.8452599,40
1116,10,12116507,12.444774,41.821702,155,25,8569.26583372,14
1117,10,12097708,12.452667,41.800266,296,11,10515.2976886,29
1118,10,12116513,12.447832,41.823934,122,20,8232.95325558,25
1119,10,10086566,12.615611,41.907258,1012,155,10404.5391241,38
1120,10,10086117,12.615282,41.894475,194,39,10214.9200422,29
1121,10,10062146,12.582709,41.952522,4476,393,10206.1284328,113
1122,10,10086203,12.607754,41.876297,2734,182,9703.52393381,86
1123,10,10034222,12.610253,41.880675,526,78,9844.12384062,34
1124,10,12117881,12.594831,41.847124,1998,326,9760.97482448,122
1125,10,12116971,12.599329,41.859408,556,78,9516.84844857,46
1126,10,10084346,12.54233,41.974536,797,145,10246.9508053,24
1127,10,10086115,12.615495,41.901029,872,127,10291.7720907,35
1128,10,10086876,12.591207,41.946214,978,199,10296.8532749,38
1129,10,12097183,12.58882,41.836851,1490,224,9962.7390756,105
1130,10,23649,12.591715,41.945285,158,20,10268.6588093,21
1131,10,10086876,12.608487,41.897402,4636,525,9672.98170835,138
1132,10,12118147,12.589344,41.835633,3240,278,10078.5470373,171
1133,10,10086032,12.549084,41.95893,606,59,8971.31708877,31
1134,10,64412,12.588706,41.949076,567,42,10330.5504379,32
1135,10,10086200,12.611419,41.882787,329,37,9918.03427015,33
1136,10,10086871,12.596827,41.93878,675,70,10212.8309175,31
1137,10,12065870,12.585697,41.831832,3469,377,10103.8329822,172
1138,10,10086205,12.615186,41.897887,1394,120,10231.4381616,43
1139,10,10085343,12.604701,41.87075,951,252,9573.57873049,47
1140,10,12116972,12.592774,41.842878,1425,115,9855.77438436,102
1141,10,10088395,12.573503,41.953494,282,41,9736.73583134,26
1142,10,10085294,12.609633,41.922612,840,35,10378.3011779,44
1143,10,10059343,12.602705,41.931364,273,42,10236.6367509,29
1144,10,10086566,12.615435,41.903895,789,76,10328.7541298,34
1145,10,10084252,12.600453,41.934179,130,16,10215.524891,23
1146,10,10062140,12.581598,41.956216,343,57,10423.0375413,27
1147,10,10086201,12.613578,41.887131,263,47,10068.5698076,31
1148,10,10086199,12.612708,41.885486,97,14,10004.3754402,30
1149,10,10085347,12.598545,41.857391,335,36,9539.50641588,42
1150,10,10085296,12.612592,41.91762,1528,123,10433.9888135,55
1151,10,10071116,12.554216,41.946332,56,8,8078.62899489,23
1152,10,10085339,12.601612,41.865466,620,61,9477.3150816,41
1153,10,10086111,12.614894,41.891871,331,33,10173.4927599,28
1154,10,10087189,12.577112,41.955719,98,14,10122.2976302,24
1155,10,10086200,12.6102,41.881014,525,95,9835.75884176,33
1156,10,10085290,12.615584,41.912591,388,56,10526.105369,25
1157,10,12116653,12.57115,41.814683,682,103,10636.9151789,36
1158,10,10086565,12.61551,41.907503,541,42,10401.2809897,31
1159,10,10086109,12.615147,41.896247,142,15,10214.6969911,27
1160,10,10034225,12.606578,41.874571,452,54,9639.90268008,40
1161,10,12097180,12.592404,41.841978,1155,75,9883.62723983,95
1162,10,12117878,12.586817,41.834058,1372,145,10019.6146746,99
1163,10,12091542,12.479617,41.801412,316,42,9915.09433772,51
1164,10,12118396,12.488293,41.796139,1051,95,10449.7618944,61
1165,10,12115878,12.482006,41.803588,101,28,9655.17498627,38
1166,10,12116308,12.455795,41.817619,488,105,8610.80518738,47
1167,10,12100282,12.483785,41.806385,290,46,9333.3846834,42
1168,10,12091536,12.495448,41.797008,2884,424,10351.0973171,104
1169,10,12116312,12.448931,41.816637,392,50,8927.45638195,31
1170,10,12096865,12.446947,41.816097,60,9,9049.73027989,20
1171,10,12115881,12.482623,41.804315,25,7,9570.29593531,35
1172,10,12118392,12.478452,41.807652,532,74,9237.82338309,48
1173,10,12118387,12.452724,41.811077,893,48,9380.75352407,59
1174,10,12091541,12.484279,41.80897,13,3,9044.00068868,26
1175,10,12118401,12.461742,41.801052,1322,236,10219.4905465,72
1176,10,12116306,12.452395,41.819395,26,3,8532.18575548,24
1177,10,12118402,12.480581,41.799419,1731,388,10127.1979113,91
1178,10,12115877,12.480545,41.800657,313,54,9990.63421727,50
1179,10,10085342,12.611682,41.885758,2000,167,9917.77715607,61
1180,10,12092051,12.490702,41.798483,1039,152,10184.9309185,65
1181,10,12116308,12.472419,41.809903,1905,166,9067.66915236,135
1182,10,12099523,12.49424,41.801076,231,29,9897.29927811,36
1183,10,12099522,12.498113,41.801018,77,10,9914.1076589,30
1184,10,12091538,12.484183,41.807425,191,27,9215.72473908,37
1185,10,12100279,12.484466,41.807959,43,9,9154.8677466,33
1186,10,12115878,12.483709,41.805832,6,2,9395.10860893,34
1187,10,12117882,12.584313,41.823473,1396,130,10640.5344718,77
1188,10,12118501,12.594931,41.847003,1447,132,9774.80603799,105
1189,10,10088406,12.487074,41.986202,889,78,10675.0472489,15
1190,10,12479095,12.380391,41.848087,396,45,10402.7129445,15
1191,10,10065375,12.471146,41.985348,579,37,10716.2850885,6
1192,10,10065377,12.462039,41.982641,234,16,10573.393082,4
1193,10,12485824,12.378855,41.876808,491,29,9534.96691455,13
1194,10,12479094,12.377111,41.855946,485,31,10292.802659,13
1195,10,12511556,12.383362,41.840656,776,85,10587.7234995,12
1196,10,12510884,12.381661,41.892591,1302,78,9188.5953775,13
1197,10,12485826,12.374625,41.866485,715,45,10118.6344719,14
1198,10,12118505,12.446576,41.808129,241,31,9873.13510302,27
1199,10,12511446,12.380998,41.934741,304,18,10479.5345129,6
1200,10,12488405,12.384471,41.906998,288,17,9143.46818226,8
1201,10,12511445,12.382785,41.921254,1281,73,9722.86624275,12
1202,10,12118506,12.448056,41.807118,135,9,9930.72111816,24
1203,10,12118511,12.445226,41.809584,138,17,9768.51139529,24
1204,10,12115880,12.482251,41.800587,1378,63,9985.49641666,83
1205,10,12116312,12.460344,41.809035,2037,224,9395.36995518,141
1206,10,24229,12.457323,41.806738,33,6,9712.49685849,29
1207,10,23969,12.585426,41.841941,81,13,9404.19308432,44
1208,10,12066171,12.572302,41.850788,136,23,7950.70938842,26
1209,10,12079472,12.541318,41.867011,264,38,4811.78990375,19
1210,10,29391,12.537735,41.869437,56,10,4416.85785936,14
1211,10,12118503,12.586385,41.841218,14,3,9515.43565473,47
1212,10,12096916,12.552266,41.862419,169,27,5852.86867729,23
1213,10,12066169,12.564059,41.856012,489,67,7060.65535648,29
1214,10,12116046,12.545479,41.864505,249,36,5252.80718602,23
1215,10,12117809,12.561792,41.857327,251,3,6823.43967971,25
1216,10,12118497,12.582676,41.843797,282,40,9099.10665064,47
1217,10,12066172,12.569856,41.852508,166,27,7676.11021176,26
1218,10,12117328,12.543546,41.852684,2295,305,5951.09765436,111
1219,10,29398,12.537002,41.869877,16,4,4339.45774278,13
1220,10,12117331,12.539021,41.868634,16,4,4554.5170909,15
1221,10,12117810,12.557459,41.859694,207,30,6378.88916482,23
1222,10,12096919,12.554726,41.861182,68,11,6098.87009904,20
1223,10,12083376,12.45645,41.804775,563,8,9942.24546238,46
1224,10,12064355,12.458268,41.806803,32,7,9682.38923759,30
1225,10,12118390,12.454675,41.80839,264,38,9606.88570714,34
1226,10,12115877,12.47385,41.803069,453,61,9795.65827631,46
1227,10,12083379,12.448835,41.803038,1013,55,10330.2793142,63
1228,10,12097506,12.457769,41.806706,6,2,9704.86946775,29
1229,10,12116930,12.59,41.836046,2524,380,10094.7229279,137
1230,10,12091543,12.454461,41.811209,1454,234,9317.35127739,98
1231,10,12512013,12.488282,41.869693,231,45,2299.42796495,31
1232,10,12116713,12.522178,41.854678,2588,362,4656.4331014,128
1233,10,12064442,12.55539,41.831041,413,50,8399.44545631,37
1234,10,12512018,12.492842,41.867159,196,31,2556.53824687,36
1235,10,12509149,12.496553,41.870015,338,15,2266.22939016,39
1236,10,12116623,12.548919,41.837,669,70,7546.84836243,40
1237,10,12460918,12.491739,41.870388,415,37,2198.08827094,41
1238,10,12117719,12.559801,41.82634,208,30,9036.24290275,34
1239,10,12119936,12.4347,41.804182,631,118,10683.1648734,22
1240,10,12115697,12.439039,41.80262,340,23,10684.3384698,18
1241,10,12117383,12.437301,41.815588,425,84,9460.99899286,17
1242,10,12496229,12.393957,41.875789,27,5,8320.10813459,5
1243,10,12116305,12.455017,41.823562,1360,269,8021.11030051,91
1244,10,12510088,12.429332,41.814422,424,46,9907.55036,11
1245,10,12083382,12.449884,41.801429,280,43,10468.2506655,29
1246,10,10387185,12.482071,41.885371,145,22,1004.78769575,21
1247,10,12118395,12.453884,41.802264,739,61,10272.9067406,47
1248,10,12064359,12.462462,41.81705,11,3,8492.09917336,31
1249,10,12097705,12.45326,41.799804,385,17,10548.7911595,32
1250,10,12116070,12.472893,41.853307,148,20,4401.23102728,34
1251,10,12064358,12.463356,41.818764,5,2,8288.34867581,32
1252,10,12066555,12.471644,41.834861,35,5,6379.12753389,30
1253,10,12101120,12.475542,41.843202,354,6,5400.09752578,40
1254,10,12115965,12.476204,41.843472,7,2,5357.12938571,27
1255,10,12116409,12.471969,41.855474,213,23,4208.44341009,34
1256,10,12066556,12.470315,41.832398,15,3,6672.39036761,30
1257,10,12097578,12.463942,41.819871,9,2,8156.56452341,31
1258,10,12091540,12.478767,41.805068,655,19,9519.52342819,65
1259,10,12091535,12.483882,41.80681,359,65,9285.70513707,43
1260,10,12099517,12.4949,41.801039,210,29,9902.43767527,35
1261,10,12116651,12.579346,41.820674,272,26,10573.3631372,42
1262,10,12099516,12.510807,41.802545,1704,256,9853.08033245,52
1263,10,12115712,12.534841,41.802691,694,99,10338.1496094,24
1264,10,12115705,12.52828,41.809705,21,5,9423.02645423,21
1265,10,12118699,12.607564,41.849518,142,18,10578.7406268,32
1266,10,12118703,12.601358,41.85176,182,28,10006.3815983,39
1267,10,12511557,12.384163,41.840226,190,21,10556.0009151,7
1268,10,12511559,12.383119,41.849215,894,89,10144.0222677,19
1269,10,12083380,12.440552,41.802552,255,42,10639.811377,19
1270,10,12099516,12.493658,41.796089,69,7,10450.5134918,32
1271,10,12118500,12.588956,41.845262,631,128,9446.46970065,67
1272,10,12116973,12.594303,41.856962,776,91,9233.95825941,57
1273,10,10084340,12.548373,41.963447,225,37,9372.62409946,29
1274,10,10086037,12.547263,41.961431,11,3,9132.60814276,24
1275,10,10071750,12.54913,41.965756,60,12,9626.69973727,26
1276,10,10085291,12.609835,41.922342,72,14,10383.6823883,30
1277,10,10086563,12.615321,41.90245,270,41,10297.0305303,26
1278,10,10085293,12.613774,41.91731,269,44,10517.9292675,26
1279,10,12116650,12.569208,41.817213,852,101,10316.1979806,48
1280,10,10059346,12.60532,41.928059,502,75,10275.679259,34
1281,10,10086870,12.599306,41.935655,470,77,10212.0748307,27
1282,10,10085345,12.60264,41.867327,859,157,9501.61926638,45
1283,10,10062141,12.563212,41.966197,220,23,10289.1994353,22
1284,10,10086560,12.615069,41.895108,645,62,10200.7485823,34
1285,10,10086559,12.615463,41.906906,226,31,10385.4236731,25
1286,10,10085297,12.608877,41.923548,89,17,10356.1897325,31
1287,10,10062141,12.552926,41.971103,2130,195,10298.6214934,39
1288,10,10071755,12.545252,41.966006,1339,225,9498.0522103,36
1289,10,10086035,12.548375,41.959514,570,32,8996.05763963,30
1290,10,10087162,12.535683,41.942472,336,54,6832.14314976,19
1291,10,10065394,12.526032,41.929842,477,57,5218.40724919,14
1292,10,10396352,12.515362,41.892893,406,64,1935.10180848,23
1293,10,10413400,12.503578,41.886143,70,13,1035.22655706,16
1294,10,10408643,12.496643,41.880477,8,3,1134.8559398,21
1295,10,10086036,12.538952,41.94641,141,22,7346.73254312,18
1296,10,10069524,12.526892,41.94506,162,30,6736.9298893,15
1297,10,10086033,12.542216,41.951012,454,67,7923.88517435,20
1298,10,10085492,12.523753,41.93589,601,107,5707.93106948,16
1299,10,10414697,12.522908,41.897708,539,82,2671.98364751,26
1300,10,12509144,12.497225,41.864185,9,3,2914.95838954,27
1301,10,10393029,12.533439,41.905852,252,24,3830.07639933,12
1302,10,10413406,12.5008,41.884142,554,73,970.976752961,31
1303,10,10087164,12.529404,41.943258,355,59,6650.15115181,18
1304,10,10408646,12.496586,41.880369,10,4,1144.77747763,21
1305,10,10413246,12.506843,41.887815,162,29,1232.56496562,21
1306,10,10085495,12.52845,41.940792,51,8,6370.97529104,14
1307,10,10069527,12.529018,41.942624,165,27,6572.91362017,15
1308,10,10413242,12.508496,41.889248,86,13,1345.52095027,20
1309,10,10087165,12.537931,41.944905,35,7,7160.06020967,17
1310,10,10397249,12.489248,41.898164,5,2,923.710416954,8
1311,10,12067445,12.467293,41.830276,248,41,6970.05757132,38
1312,10,10413401,12.502659,41.890043,5,2,857.274932036,14
1313,10,12067451,12.469347,41.831129,0,2,6830.07982062,31
1314,10,12092631,12.497533,41.863213,96,16,3025.44654911,33
1315,10,10413571,12.500571,41.893553,61,4,780.118237937,11
1316,10,10397250,12.487782,41.897138,2,2,860.808690782,11
1317,10,12101123,12.473999,41.839279,1040,140,5854.14984993,69
1318,10,12509143,12.497847,41.862197,7,2,3140.87470158,33
1319,10,10086114,12.615389,41.898306,441,70,10252.188191,31
1320,10,10085294,12.608367,41.9245,164,25,10355.0876965,33
1321,10,12090748,12.496233,41.829964,179,46,6695.2914727,27
1322,10,10084340,12.548044,41.966141,284,40,9620.41737215,27
1323,10,10085293,12.615187,41.911324,889,65,10461.7009347,35
1324,10,10086563,12.615095,41.895969,832,54,10208.4192887,37
1325,10,10086204,12.612217,41.884587,437,29,9969.46530753,36
1326,10,12066590,12.536256,41.801813,214,32,10470.2299771,21
1327,10,10071750,12.544591,41.96948,248,36,9817.47418228,22
1328,10,12120041,12.506517,41.827001,1035,149,7114.73404416,35
1329,10,12115712,12.526229,41.812658,1676,87,9058.13482959,43
1330,10,12067540,12.504977,41.794592,328,43,10668.0327526,28
1331,10,12091537,12.473732,41.803276,16,3,9774.49499292,36
1332,10,12117878,12.590413,41.837739,38,7,10011.6621058,49
1333,10,12118501,12.591579,41.839801,194,30,9960.0252372,49
1334,10,12099519,12.498895,41.795294,244,41,10552.3244877,36
1335,10,12097183,12.594782,41.846038,661,65,9817.16315747,58
1336,10,12116972,12.59896,41.858119,706,54,9540.84419204,54
1337,10,10086206,12.613071,41.885797,35,4,10032.7052561,29
1338,10,10065103,12.584852,41.911005,723,3,8018.45458416,30
1339,10,12115707,12.498947,41.79545,7,2,10535.2451922,29
1340,10,12117017,12.497014,41.79567,1091,106,10503.6739528,47
1341,10,12100276,12.483896,41.806344,138,24,9337.22927075,37
1342,10,12118509,12.446118,41.808785,11,3,9820.71920509,21
1343,10,12118512,12.446484,41.808287,47,7,9859.88610708,21
1344,10,12115875,12.483102,41.804886,37,7,9503.81107996,34
1345,10,10412050,12.520148,41.884455,112,3,2394.48354555,13
1346,10,12116165,12.510896,41.880621,5,2,1870.81030748,12
1347,10,12118700,12.591286,41.841054,2514,253,9862.17811218,140
1348,10,12118698,12.605226,41.850387,26,3,10361.9562355,30
1349,10,12116309,12.453525,41.810292,174,29,9439.54847566,30
1350,10,12118393,12.453332,41.810171,87,14,9457.65907825,29
1351,10,10387836,12.478825,41.889466,752,110,1123.65793165,57
1352,10,10395503,12.473019,41.890061,20,4,1602.81188993,15
1353,10,12117296,12.50199,41.870642,178,23,2312.74424943,29
1354,10,10412656,12.475953,41.891794,10,3,1371.11604125,15
1355,10,12116170,12.49841,41.878515,49,5,1389.69778455,21
1356,10,12100929,12.502533,41.874269,251,38,1958.95332328,30
1357,10,10412655,12.478825,41.894868,225,39,1236.23435535,20
1358,10,10372027,12.480927,41.891382,345,50,955.923040396,30
1359,10,10387182,12.48178,41.889235,189,27,881.842361347,25
1360,10,10408645,12.485372,41.886781,468,105,689.581940145,36
1361,10,12460913,12.489261,41.877859,174,35,1391.26256561,22
1362,10,10401942,12.487654,41.895994,14,3,754.105102269,10
1363,10,10412885,12.500755,41.894335,94,13,838.127286742,11
1364,10,10412879,12.500088,41.895263,12,3,856.761117799,8
1365,10,17737503,12.464405,41.870404,2,5,3192.89754586,17
1366,10,12064363,12.454344,41.812607,890,166,9174.66247152,58
1367,10,12091543,12.4737,41.803219,114,13,9781.16661453,37
1368,10,12116505,12.459825,41.837521,276,31,6440.81711479,28
1369,10,29472,12.474177,41.850813,5,2,4624.23666612,31
1370,10,12066622,12.466564,41.842157,584,83,5746.23647001,34
1371,10,12098622,12.474492,41.850436,36,6,4655.46033524,32
1372,10,29473,12.473437,41.852087,13,3,4511.6796047,32
1373,10,12509296,12.471585,41.873862,1022,139,2499.48823135,57
1374,10,12494521,12.473949,41.84778,274,32,4949.75238271,35
1375,10,12496611,12.47218,41.845869,23,4,5197.48637166,25
1376,10,12098623,12.473428,41.86268,373,53,3433.24290686,34
1377,10,12508958,12.470908,41.858874,233,32,3904.88009208,31
1378,10,12511545,12.475765,41.877569,201,25,1962.25644996,19
1379,10,12118458,12.502914,41.8537,1748,15,4145.25854896,107
1380,10,12510228,12.476871,41.875944,113,34,2035.77960901,20
1381,10,12509144,12.496241,41.868175,477,71,2464.80044931,46
1382,10,12120038,12.504625,41.827473,1191,135,7038.54202522,41
1383,10,12095231,12.520642,41.820355,552,51,8103.23175199,21
1384,10,12116208,12.561047,41.82562,96,9,9163.20721817,32
1385,10,12492745,12.381432,41.925025,391,23,9982.47955791,6
1386,10,12488403,12.383268,41.919749,246,15,9627.19631012,5
1387,10,12511442,12.380946,41.933412,429,27,10414.5314433,7
1388,10,12090748,12.496994,41.826563,447,69,7075.79812186,30
1389,10,12064440,12.555253,41.831261,820,92,8373.24446945,48
1390,10,12090751,12.510629,41.827056,1374,139,7173.19280691,45
1391,10,12119726,12.541607,41.837558,93,17,7133.75056928,22
1392,10,12116099,12.49558,41.828644,238,23,6839.38271178,28
1393,10,23381,12.524969,41.946279,6,3,6794.55464546,14
1394,10,12117880,12.58256,41.829477,238,11,10078.5548531,51
1395,10,12065868,12.580888,41.825251,151,10,10298.9765337,43
1396,10,26468,12.50434,41.794767,305,20,10643.6020437,28
1397,10,12083377,12.447818,41.801547,48,4,10515.0000619,18
1398,10,30077,12.5986,41.858347,596,3,9503.66143671,49
1399,10,12479097,12.376269,41.860479,91,16,10183.4510543,7
1400,10,12485821,12.374195,41.886029,8,2,9815.58351388,8
1401,10,12511556,12.381153,41.847136,661,53,10394.4486919,15
1402,10,12509815,12.383099,41.852996,403,57,9964.02784898,13
1403,10,12510883,12.375096,41.884686,173,27,9749.17619467,8
1404,10,12509003,12.379109,41.882866,924,125,9432.15847801,17
1405,10,12479095,12.37723,41.856183,396,60,10273.9044478,13
1406,10,10065372,12.488468,41.986061,752,114,10655.2969066,15
1407,10,12479098,12.378261,41.85198,227,43,10376.5823152,13
1408,10,12479094,12.375079,41.863707,835,122,10167.3353719,17
1409,10,12479091,12.377832,41.854111,15,3,10314.7532327,7
1410,10,12485829,12.375981,41.870747,874,76,9895.79697345,15
1411,10,12511554,12.383629,41.840871,218,15,10556.367403,7
1412,10,12510886,12.377615,41.874472,1010,65,9680.18168081,19
1413,10,12485826,12.379962,41.878428,23,3,9417.49261269,8
1414,10,12479092,12.379915,41.852374,39,7,10233.3658584,9
1415,10,10086117,12.615277,41.895911,138,11,10223.0942925,27
1416,10,10034236,12.605912,41.873021,52,5,9618.25455544,27
1417,10,10085135,12.611733,41.884048,1239,93,9933.33520223,46
1418,10,10084627,12.605153,41.872347,530,54,9571.76365118,41
1419,10,10086115,12.615452,41.901407,447,34,10293.2034978,28
1420,10,10085246,12.606146,41.875574,10,3,9585.08493132,28
1421,10,10062147,12.564248,41.965944,1552,100,10315.6067687,36
1422,10,10086877,12.586545,41.952021,509,37,10405.3063516,31
1423,10,10395507,12.472069,41.892283,59,5,1697.83071429,15
1424,10,10413517,12.472258,41.895653,21,4,1773.56461968,9
1425,10,10413506,12.4728,41.897182,8,2,1798.11323288,12
1426,10,17658125,12.462313,41.900302,11,3,2733.3573027,11
1427,10,12511553,12.380907,41.850915,474,51,10226.4531335,14
1428,10,12083377,12.438563,41.802803,269,41,10682.3038863,15
1429,10,12496223,12.39404,41.875562,50,8,8318.24361557,6
1430,10,12496229,12.394294,41.875092,26,3,8307.96410707,5
1431,10,17689119,12.487294,41.903147,37,6,1500.43710556,8
1432,10,12092045,12.508463,41.794389,112,16,10722.7880987,26
1433,10,12116928,12.609994,41.854084,217,2,10558.4370898,25
1434,10,12118395,12.465114,41.799558,27,4,10315.3437642,26
1435,10,12116206,12.562385,41.82436,259,37,9341.92893084,34
1436,10,54281,12.496425,41.829694,244,49,6726.03229489,28
1437,10,12094162,12.51783,41.826463,91,28,7386.27070766,16
1438,10,12090752,12.497515,41.82626,276,32,7111.88941748,25
1439,10,12095231,12.510552,41.827177,527,71,7158.70455197,24
1440,10,12107313,12.521983,41.827028,97,13,7433.16315339,17
1441,10,12093792,12.457804,41.823734,646,123,7916.77631695,60
1442,10,12067452,12.46523,41.82632,137,21,7440.63349913,34
1443,10,12119942,12.43499,41.805115,440,104,10579.742473,20
1444,10,12096872,12.443223,41.814125,341,50,9379.59758844,21
1445,10,12069763,12.444619,41.801079,323,31,10659.5646795,25
1446,10,12085909,12.475521,41.833778,21,3,6417.4432831,26
1447,10,17768205,12.476544,41.905019,83,4,2106.02487591,11
1448,10,12510111,12.456209,41.857138,397,10,4738.6812267,31
1449,10,12510152,12.391089,41.906599,22,4,8597.12839186,5
1450,10,12100249,12.582556,41.86142,3,2,8142.18898118,18
1451,10,12100246,12.582568,41.861426,1,3,8142.84364471,18
1452,10,17791285,12.454935,41.855978,787,7,4905.3883361,39
1453,10,17685024,12.453418,41.861058,2,3,4570.78897642,15
1454,10,17213491,12.60705,41.909214,11,2,9751.56940686,25
1455,10,17685535,12.455522,41.856555,778,48,4824.92033577,42
1456,10,17791264,12.452012,41.85273,610,11,5338.48189948,35
1457,10,17791284,12.463245,41.842712,2914,12,5798.30909473,205
1458,10,17675316,12.479443,41.836488,3473,37,6058.08027619,269
1459,10,17675296,12.483798,41.835727,3275,62,6088.71089241,240
1460,10,17599520,12.460955,41.85592,1816,16,4610.71314903,106
1461,10,12494522,12.44891,41.851806,395,7,5581.57538207,23
1462,10,17791265,12.457039,41.859485,584,4,4494.58089445,37
1463,10,17685536,12.461698,41.865378,256,11,3748.39409903,21
1464,10,17682701,12.441213,41.885639,3501,13,4272.37377252,210
1465,10,17730336,12.438797,41.89419,841,12,4465.15932901,23
1466,10,17733919,12.458619,41.84736,114,2,5517.77727154,25
1467,10,12116096,12.494797,41.830043,1,2,6681.81126123,23
1468,10,17679373,12.476667,41.838784,3272,25,5854.0973282,257
1469,10,17682208,12.449131,41.855762,372,4,5241.12629722,24
1470,10,12496613,12.456318,41.855964,2,2,4834.7690326,21
1471,10,12510114,12.455508,41.857056,100,2,4782.72092694,19
1472,10,17213491,12.606967,41.909068,48,12,9741.35006493,25
1473,10,17680142,12.451831,41.854476,370,2,5198.50680301,28
1474,10,29301,12.455605,41.856105,11,3,4859.38469595,19
1475,10,17684256,12.470598,41.853967,390,14,4407.60966295,36
1476,10,17684257,12.480465,41.871016,2214,27,2344.69354532,194
1477,10,17686579,12.486776,41.888851,491,4,483.849828738,40
1478,10,12461831,12.48044,41.871441,44,2,2302.82806568,23
1479,10,17687072,12.480364,41.871616,15,2,2288.01285769,23
1480,10,17772063,12.480447,41.87169,6,2,2277.61889707,22
1481,10,17594894,12.575452,41.848159,1,3,8330.45541233,29
1482,10,17675315,12.495626,41.833491,5,3,6301.645367,20
1483,10,12090747,12.494807,41.829114,41,2,6784.97269968,23
1484,10,17678604,12.475182,41.847451,2016,13,4954.14637646,145
1485,10,17684255,12.454711,41.855142,312,5,4989.26091179,29
1486,10,17226035,12.455554,41.858925,374,10,4622.41649621,29
1487,10,17731083,12.529664,41.880688,20,4,3272.80645107,12
1488,10,17760269,12.452063,41.850747,290,6,5509.25619274,24
1489,10,17185803,12.441808,41.878019,1190,11,4405.38995056,39
1490,10,17695500,12.518458,41.923315,1,2,4272.01099185,8
1491,10,17695499,12.519598,41.92506,261,5,4487.03705114,9
1492,10,47742,12.59336,41.933111,526,3,9643.72311797,33
1493,10,28313,12.594999,41.933172,390,2,9765.45089143,25
1494,10,46381,12.590182,41.933027,9,2,9410.74340548,26
1495,10,46388,12.590182,41.933027,9,2,9410.74340548,26
1496,10,46382,12.590182,41.933027,9,2,9410.74340548,26
1497,10,46389,12.590182,41.933027,9,2,9410.74340548,26
1498,10,46383,12.590182,41.933027,9,2,9410.74340548,26
1499,10,17739808,12.493944,41.986475,335,3,10697.3004353,14
1500,10,17669665,12.481904,41.986287,438,5,10710.5460889,11
1501,10,12492742,12.381477,41.924863,319,3,9972.08258875,6
1502,10,12488402,12.384882,41.912584,508,6,9256.92281404,8
1503,10,12510881,12.383368,41.902278,610,7,9141.73267975,8
1504,10,12509001,12.380924,41.88704,106,2,9252.78050986,8
1505,10,12485821,12.38032,41.880447,261,3,9359.39418014,10
1506,10,12485823,12.375997,41.871189,693,9,9883.87884063,14
1507,10,12479091,12.375431,41.859999,494,6,10266.6050051,10
1508,10,12479092,12.379026,41.85148,318,4,10341.6444485,13
1509,10,12511553,12.381755,41.84521,409,5,10450.7363814,11
1510,10,12083380,12.443653,41.802114,97,2,10583.3053407,15
1511,10,12083376,12.451394,41.800718,75,8,10501.3800036,23
1512,10,30072,12.597462,41.853839,658,3,9615.4933971,57
1513,10,30071,12.597575,41.854216,615,2,9606.50185125,56
1514,10,28753,12.598205,41.856351,372,2,9558.29683427,43
1515,10,30073,12.598205,41.856351,372,2,9558.29683427,43
1516,10,24029,12.596607,41.85095,243,2,9691.23667141,46
1517,10,55443,12.593207,41.84334,651,3,9859.01428922,62
1518,10,24023,12.594255,41.845375,408,2,9816.43838125,49
1519,10,30223,12.588791,41.83665,664,3,9974.10331917,75
1520,10,28272,12.591822,41.840603,159,2,9926.99984741,47
1521,10,46751,12.58883,41.837284,601,2,9934.87227423,74
1522,10,51251,12.588791,41.83665,664,3,9974.10331917,75
1523,10,30222,12.58692,41.834008,213,2,10029.7677113,55
1524,10,24183,12.584041,41.829174,1176,3,10192.651019,77
1525,10,17767969,12.497776,41.898346,54,2,1014.03108071,10
1526,10,17687839,12.480368,41.892013,18,2,1013.64817755,15
1527,10,17686325,12.474419,41.896583,118,2,1648.20247024,12
1528,10,17709323,12.408115,41.892294,717,8,6993.19789947,22
1529,10,12119938,12.42996,41.810855,1,4,10219.6788584,8
1530,10,10362259,12.523437,41.904258,3747,3,3018.37269393,243
